{
  "type": "FeatureCollection",
  "features": [
    {
      "type": "Feature",
      "geometry": {
        "type": "Point",
        "coordinates": [
          9.18931,
          45.46466
        ]
      },
      "properties": {
        "timestamp": "2025-12-08T08:31:30+0000",
        "type": "UNLIMITED-TRACK",
        "battery": "LOW",
        "spot_id": 2385533628,
        "source": "spot"
      }
    },
    {
      "type": "Feature",
      "geometry": {
        "type": "Point",
        "coordinates": [
          9.21974,
          45.49588
        ]
      },
      "properties": {
        "timestamp": "2025-12-08T08:58:27+0000",
        "type": "UNLIMITED-TRACK",
        "battery": "LOW",
        "spot_id": 2385539216,
        "source": "spot"
      }
    },
    {
      "type": "Feature",
      "geometry": {
        "type": "Point",
        "coordinates": [
          9.22251,
          45.50521
        ]
      },
      "properties": {
        "timestamp": "2025-12-08T09:03:29+0000",
        "type": "UNLIMITED-TRACK",
        "battery": "LOW",
        "spot_id": 2385538467,
        "source": "spot"
      }
    },
    {
      "type": "Feature",
      "geometry": {
        "type": "Point",
        "coordinates": [
          9.22575,
          45.51593
        ]
      },
      "properties": {
        "timestamp": "2025-12-08T09:08:27+0000",
        "type": "UNLIMITED-TRACK",
        "battery": "LOW",
        "spot_id": 2385539188,
        "source": "spot"
      }
    },
    {
      "type": "Feature",
      "geometry": {
        "type": "Point",
        "coordinates": [
          9.25808,
          45.56256
        ]
      },
      "properties": {
        "timestamp": "2025-12-08T09:38:10+0000",
        "type": "UNLIMITED-TRACK",
        "battery": "LOW",
        "spot_id": 2385543501,
        "source": "spot"
      }
    },
    {
      "type": "Feature",
      "geometry": {
        "type": "Point",
        "coordinates": [
          9.2967,
          45.58991
        ]
      },
      "properties": {
        "timestamp": "2025-12-20T10:37:18+0000",
        "type": "UNLIMITED-TRACK",
        "battery": "LOW",
        "spot_id": 2389448866,
        "source": "spot"
      }
    },
    {
      "type": "Feature",
      "geometry": {
        "type": "Point",
        "coordinates": [
          9.31345,
          45.5922
        ]
      },
      "properties": {
        "timestamp": "2025-12-20T10:42:16+0000",
        "type": "UNLIMITED-TRACK",
        "battery": "LOW",
        "spot_id": 2389449618,
        "source": "spot"
      }
    },
    {
      "type": "Feature",
      "geometry": {
        "type": "Point",
        "coordinates": [
          9.3347,
          45.59299
        ]
      },
      "properties": {
        "timestamp": "2025-12-20T10:52:14+0000",
        "type": "UNLIMITED-TRACK",
        "battery": "LOW",
        "spot_id": 2389451038,
        "source": "spot"
      }
    },
    {
      "type": "Feature",
      "geometry": {
        "type": "Point",
        "coordinates": [
          9.36248,
          45.60022
        ]
      },
      "properties": {
        "timestamp": "2025-12-20T11:02:02+0000",
        "type": "UNLIMITED-TRACK",
        "battery": "LOW",
        "spot_id": 2389454534,
        "source": "spot"
      }
    },
    {
      "type": "Feature",
      "geometry": {
        "type": "Point",
        "coordinates": [
          9.36994,
          45.60612
        ]
      },
      "properties": {
        "timestamp": "2025-12-20T11:07:02+0000",
        "type": "UNLIMITED-TRACK",
        "battery": "LOW",
        "spot_id": 2389453606,
        "source": "spot"
      }
    },
    {
      "type": "Feature",
      "geometry": {
        "type": "Point",
        "coordinates": [
          9.38317,
          45.61365
        ]
      },
      "properties": {
        "timestamp": "2025-12-20T11:12:02+0000",
        "type": "UNLIMITED-TRACK",
        "battery": "LOW",
        "spot_id": 2389454507,
        "source": "spot"
      }
    },
    {
      "type": "Feature",
      "geometry": {
        "type": "Point",
        "coordinates": [
          9.40149,
          45.61471
        ]
      },
      "properties": {
        "timestamp": "2025-12-20T11:16:56+0000",
        "type": "UNLIMITED-TRACK",
        "battery": "LOW",
        "spot_id": 2389455403,
        "source": "spot"
      }
    },
    {
      "type": "Feature",
      "geometry": {
        "type": "Point",
        "coordinates": [
          9.4216,
          45.61341
        ]
      },
      "properties": {
        "timestamp": "2025-12-20T11:21:54+0000",
        "type": "UNLIMITED-TRACK",
        "battery": "LOW",
        "spot_id": 2389456240,
        "source": "spot"
      }
    },
    {
      "type": "Feature",
      "geometry": {
        "type": "Point",
        "coordinates": [
          9.44032,
          45.61576
        ]
      },
      "properties": {
        "timestamp": "2025-12-20T11:26:50+0000",
        "type": "UNLIMITED-TRACK",
        "battery": "LOW",
        "spot_id": 2389457034,
        "source": "spot"
      }
    },
    {
      "type": "Feature",
      "geometry": {
        "type": "Point",
        "coordinates": [
          9.46019,
          45.61935
        ]
      },
      "properties": {
        "timestamp": "2025-12-20T11:32:20+0000",
        "type": "UNLIMITED-TRACK",
        "battery": "LOW",
        "spot_id": 2389457999,
        "source": "spot"
      }
    },
    {
      "type": "Feature",
      "geometry": {
        "type": "Point",
        "coordinates": [
          9.5214,
          45.59748
        ]
      },
      "properties": {
        "timestamp": "2026-08-27T16:03:59+0000",
        "type": "UNLIMITED-TRACK",
        "battery": "LOW",
        "spot_id": 2490685839,
        "source": "spot"
      }
    },
    {
      "type": "Feature",
      "geometry": {
        "type": "Point",
        "coordinates": [
          9.52211,
          45.59677
        ]
      },
      "properties": {
        "timestamp": "2026-08-27T16:08:58+0000",
        "type": "UNLIMITED-TRACK",
        "battery": "LOW",
        "spot_id": 2490688075,
        "source": "spot"
      }
    },
    {
      "type": "Feature",
      "geometry": {
        "type": "Point",
        "coordinates": [
          9.53844,
          45.57535
        ]
      },
      "properties": {
        "timestamp": "2026-08-27T16:18:47+0000",
        "type": "UNLIMITED-TRACK",
        "battery": "LOW",
        "spot_id": 2490696734,
        "source": "spot"
      }
    },
    {
      "type": "Feature",
      "geometry": {
        "type": "Point",
        "coordinates": [
          9.55261,
          45.56763
        ]
      },
      "properties": {
        "timestamp": "2026-08-27T16:23:47+0000",
        "type": "UNLIMITED-TRACK",
        "battery": "LOW",
        "spot_id": 2490696733,
        "source": "spot"
      }
    },
    {
      "type": "Feature",
      "geometry": {
        "type": "Point",
        "coordinates": [
          9.56377,
          45.55669
        ]
      },
      "properties": {
        "timestamp": "2026-08-27T16:28:47+0000",
        "type": "UNLIMITED-TRACK",
        "battery": "LOW",
        "spot_id": 2490696683,
        "source": "spot"
      }
    },
    {
      "type": "Feature",
      "geometry": {
        "type": "Point",
        "coordinates": [
          9.56945,
          45.54205
        ]
      },
      "properties": {
        "timestamp": "2026-08-27T16:33:49+0000",
        "type": "UNLIMITED-TRACK",
        "battery": "LOW",
        "spot_id": 2490703102,
        "source": "spot"
      }
    },
    {
      "type": "Feature",
      "geometry": {
        "type": "Point",
        "coordinates": [
          9.58181,
          45.52965
        ]
      },
      "properties": {
        "timestamp": "2026-08-27T16:38:49+0000",
        "type": "UNLIMITED-TRACK",
        "battery": "LOW",
        "spot_id": 2490703101,
        "source": "spot"
      }
    },
    {
      "type": "Feature",
      "geometry": {
        "type": "Point",
        "coordinates": [
          9.59958,
          45.52811
        ]
      },
      "properties": {
        "timestamp": "2026-08-27T16:43:49+0000",
        "type": "UNLIMITED-TRACK",
        "battery": "LOW",
        "spot_id": 2490703068,
        "source": "spot"
      }
    },
    {
      "type": "Feature",
      "geometry": {
        "type": "Point",
        "coordinates": [
          9.63918,
          45.52411
        ]
      },
      "properties": {
        "timestamp": "2026-08-27T16:58:53+0000",
        "type": "UNLIMITED-TRACK",
        "battery": "LOW",
        "spot_id": 2490708818,
        "source": "spot"
      }
    },
    {
      "type": "Feature",
      "geometry": {
        "type": "Point",
        "coordinates": [
          9.67586,
          45.5323
        ]
      },
      "properties": {
        "timestamp": "2026-08-27T17:08:20+0000",
        "type": "UNLIMITED-TRACK",
        "battery": "LOW",
        "spot_id": 2490717998,
        "source": "spot"
      }
    },
    {
      "type": "Feature",
      "geometry": {
        "type": "Point",
        "coordinates": [
          9.69619,
          45.5329
        ]
      },
      "properties": {
        "timestamp": "2026-08-27T17:13:20+0000",
        "type": "UNLIMITED-TRACK",
        "battery": "LOW",
        "spot_id": 2490717997,
        "source": "spot"
      }
    },
    {
      "type": "Feature",
      "geometry": {
        "type": "Point",
        "coordinates": [
          9.70367,
          45.52874
        ]
      },
      "properties": {
        "timestamp": "2026-08-27T17:18:20+0000",
        "type": "UNLIMITED-TRACK",
        "battery": "LOW",
        "spot_id": 2490717955,
        "source": "spot"
      }
    },
    {
      "type": "Feature",
      "geometry": {
        "type": "Point",
        "coordinates": [
          9.71254,
          45.52113
        ]
      },
      "properties": {
        "timestamp": "2026-08-27T17:23:49+0000",
        "type": "UNLIMITED-TRACK",
        "battery": "LOW",
        "spot_id": 2490720162,
        "source": "spot"
      }
    },
    {
      "type": "Feature",
      "geometry": {
        "type": "Point",
        "coordinates": [
          9.72922,
          45.53429
        ]
      },
      "properties": {
        "timestamp": "2026-08-27T17:33:32+0000",
        "type": "UNLIMITED-TRACK",
        "battery": "LOW",
        "spot_id": 2490728758,
        "source": "spot"
      }
    },
    {
      "type": "Feature",
      "geometry": {
        "type": "Point",
        "coordinates": [
          9.7355,
          45.54549
        ]
      },
      "properties": {
        "timestamp": "2026-08-27T17:38:32+0000",
        "type": "UNLIMITED-TRACK",
        "battery": "LOW",
        "spot_id": 2490728757,
        "source": "spot"
      }
    },
    {
      "type": "Feature",
      "geometry": {
        "type": "Point",
        "coordinates": [
          9.73893,
          45.5536
        ]
      },
      "properties": {
        "timestamp": "2026-08-27T17:43:32+0000",
        "type": "UNLIMITED-TRACK",
        "battery": "LOW",
        "spot_id": 2490728699,
        "source": "spot"
      }
    },
    {
      "type": "Feature",
      "geometry": {
        "type": "Point",
        "coordinates": [
          9.74827,
          45.57709
        ]
      },
      "properties": {
        "timestamp": "2026-08-27T18:03:56+0000",
        "type": "UNLIMITED-TRACK",
        "battery": "LOW",
        "spot_id": 2490742258,
        "source": "spot"
      }
    },
    {
      "type": "Feature",
      "geometry": {
        "type": "Point",
        "coordinates": [
          9.76124,
          45.57336
        ]
      },
      "properties": {
        "timestamp": "2026-08-27T18:08:56+0000",
        "type": "UNLIMITED-TRACK",
        "battery": "LOW",
        "spot_id": 2490742257,
        "source": "spot"
      }
    },
    {
      "type": "Feature",
      "geometry": {
        "type": "Point",
        "coordinates": [
          9.77342,
          45.57224
        ]
      },
      "properties": {
        "timestamp": "2026-08-27T18:13:56+0000",
        "type": "UNLIMITED-TRACK",
        "battery": "LOW",
        "spot_id": 2490742221,
        "source": "spot"
      }
    },
    {
      "type": "Feature",
      "geometry": {
        "type": "Point",
        "coordinates": [
          9.78843,
          45.57536
        ]
      },
      "properties": {
        "timestamp": "2026-08-27T18:18:20+0000",
        "type": "UNLIMITED-TRACK",
        "battery": "LOW",
        "spot_id": 2490744135,
        "source": "spot"
      }
    },
    {
      "type": "Feature",
      "geometry": {
        "type": "Point",
        "coordinates": [
          9.84493,
          45.58385
        ]
      },
      "properties": {
        "timestamp": "2026-08-27T18:59:11+0000",
        "type": "OK",
        "battery": "LOW",
        "spot_id": 2490761146,
        "source": "spot"
      }
    },
    {
      "type": "Feature",
      "geometry": {
        "type": "Point",
        "coordinates": [
          9.9101,
          45.58749
        ]
      },
      "properties": {
        "timestamp": "2026-08-28T06:08:19+0000",
        "type": "UNLIMITED-TRACK",
        "battery": "LOW",
        "spot_id": 2490972964,
        "source": "spot"
      }
    },
    {
      "type": "Feature",
      "geometry": {
        "type": "Point",
        "coordinates": [
          9.927,
          45.58161
        ]
      },
      "properties": {
        "timestamp": "2026-08-28T06:13:18+0000",
        "type": "UNLIMITED-TRACK",
        "battery": "LOW",
        "spot_id": 2490974236,
        "source": "spot"
      }
    },
    {
      "type": "Feature",
      "geometry": {
        "type": "Point",
        "coordinates": [
          9.94419,
          45.57561
        ]
      },
      "properties": {
        "timestamp": "2026-08-28T06:18:20+0000",
        "type": "UNLIMITED-TRACK",
        "battery": "LOW",
        "spot_id": 2490975335,
        "source": "spot"
      }
    },
    {
      "type": "Feature",
      "geometry": {
        "type": "Point",
        "coordinates": [
          9.97397,
          45.56375
        ]
      },
      "properties": {
        "timestamp": "2026-08-28T06:28:19+0000",
        "type": "UNLIMITED-TRACK",
        "battery": "LOW",
        "spot_id": 2490977759,
        "source": "spot"
      }
    },
    {
      "type": "Feature",
      "geometry": {
        "type": "Point",
        "coordinates": [
          9.99098,
          45.56187
        ]
      },
      "properties": {
        "timestamp": "2026-08-28T06:33:31+0000",
        "type": "UNLIMITED-TRACK",
        "battery": "LOW",
        "spot_id": 2490980204,
        "source": "spot"
      }
    },
    {
      "type": "Feature",
      "geometry": {
        "type": "Point",
        "coordinates": [
          9.9956,
          45.56136
        ]
      },
      "properties": {
        "timestamp": "2026-08-28T06:38:31+0000",
        "type": "UNLIMITED-TRACK",
        "battery": "LOW",
        "spot_id": 2490980178,
        "source": "spot"
      }
    },
    {
      "type": "Feature",
      "geometry": {
        "type": "Point",
        "coordinates": [
          9.99563,
          45.56142
        ]
      },
      "properties": {
        "timestamp": "2026-08-28T06:43:19+0000",
        "type": "UNLIMITED-TRACK",
        "battery": "LOW",
        "spot_id": 2490981358,
        "source": "spot"
      }
    },
    {
      "type": "Feature",
      "geometry": {
        "type": "Point",
        "coordinates": [
          9.99827,
          45.56136
        ]
      },
      "properties": {
        "timestamp": "2026-08-28T07:40:52+0000",
        "type": "UNLIMITED-TRACK",
        "battery": "LOW",
        "spot_id": 2490994922,
        "source": "spot"
      }
    },
    {
      "type": "Feature",
      "geometry": {
        "type": "Point",
        "coordinates": [
          10.00346,
          45.56615
        ]
      },
      "properties": {
        "timestamp": "2026-08-28T07:45:51+0000",
        "type": "UNLIMITED-TRACK",
        "battery": "LOW",
        "spot_id": 2490997583,
        "source": "spot"
      }
    },
    {
      "type": "Feature",
      "geometry": {
        "type": "Point",
        "coordinates": [
          10.00964,
          45.57315
        ]
      },
      "properties": {
        "timestamp": "2026-08-28T07:50:51+0000",
        "type": "UNLIMITED-TRACK",
        "battery": "LOW",
        "spot_id": 2490997557,
        "source": "spot"
      }
    },
    {
      "type": "Feature",
      "geometry": {
        "type": "Point",
        "coordinates": [
          10.04174,
          45.57521
        ]
      },
      "properties": {
        "timestamp": "2026-08-28T08:00:32+0000",
        "type": "UNLIMITED-TRACK",
        "battery": "LOW",
        "spot_id": 2491000028,
        "source": "spot"
      }
    },
    {
      "type": "Feature",
      "geometry": {
        "type": "Point",
        "coordinates": [
          10.06595,
          45.56707
        ]
      },
      "properties": {
        "timestamp": "2026-08-28T08:10:20+0000",
        "type": "UNLIMITED-TRACK",
        "battery": "LOW",
        "spot_id": 2491004915,
        "source": "spot"
      }
    },
    {
      "type": "Feature",
      "geometry": {
        "type": "Point",
        "coordinates": [
          10.08435,
          45.56795
        ]
      },
      "properties": {
        "timestamp": "2026-08-28T08:15:19+0000",
        "type": "UNLIMITED-TRACK",
        "battery": "LOW",
        "spot_id": 2491003739,
        "source": "spot"
      }
    },
    {
      "type": "Feature",
      "geometry": {
        "type": "Point",
        "coordinates": [
          10.10526,
          45.56604
        ]
      },
      "properties": {
        "timestamp": "2026-08-28T08:20:20+0000",
        "type": "UNLIMITED-TRACK",
        "battery": "LOW",
        "spot_id": 2491004879,
        "source": "spot"
      }
    },
    {
      "type": "Feature",
      "geometry": {
        "type": "Point",
        "coordinates": [
          10.11757,
          45.5638
        ]
      },
      "properties": {
        "timestamp": "2026-08-28T08:25:19+0000",
        "type": "UNLIMITED-TRACK",
        "battery": "LOW",
        "spot_id": 2491007296,
        "source": "spot"
      }
    },
    {
      "type": "Feature",
      "geometry": {
        "type": "Point",
        "coordinates": [
          10.13439,
          45.55646
        ]
      },
      "properties": {
        "timestamp": "2026-08-28T08:30:19+0000",
        "type": "UNLIMITED-TRACK",
        "battery": "LOW",
        "spot_id": 2491007263,
        "source": "spot"
      }
    },
    {
      "type": "Feature",
      "geometry": {
        "type": "Point",
        "coordinates": [
          10.17978,
          45.5464
        ]
      },
      "properties": {
        "timestamp": "2026-08-28T08:45:52+0000",
        "type": "UNLIMITED-TRACK",
        "battery": "LOW",
        "spot_id": 2491012633,
        "source": "spot"
      }
    },
    {
      "type": "Feature",
      "geometry": {
        "type": "Point",
        "coordinates": [
          10.17952,
          45.54644
        ]
      },
      "properties": {
        "timestamp": "2026-08-28T08:50:52+0000",
        "type": "UNLIMITED-TRACK",
        "battery": "LOW",
        "spot_id": 2491012632,
        "source": "spot"
      }
    },
    {
      "type": "Feature",
      "geometry": {
        "type": "Point",
        "coordinates": [
          10.18072,
          45.54704
        ]
      },
      "properties": {
        "timestamp": "2026-08-28T08:55:52+0000",
        "type": "UNLIMITED-TRACK",
        "battery": "LOW",
        "spot_id": 2491012619,
        "source": "spot"
      }
    },
    {
      "type": "Feature",
      "geometry": {
        "type": "Point",
        "coordinates": [
          10.19262,
          45.55211
        ]
      },
      "properties": {
        "timestamp": "2026-08-28T09:00:18+0000",
        "type": "UNLIMITED-TRACK",
        "battery": "LOW",
        "spot_id": 2491016303,
        "source": "spot"
      }
    },
    {
      "type": "Feature",
      "geometry": {
        "type": "Point",
        "coordinates": [
          10.21022,
          45.54717
        ]
      },
      "properties": {
        "timestamp": "2026-08-28T09:05:18+0000",
        "type": "UNLIMITED-TRACK",
        "battery": "LOW",
        "spot_id": 2491016302,
        "source": "spot"
      }
    },
    {
      "type": "Feature",
      "geometry": {
        "type": "Point",
        "coordinates": [
          10.21812,
          45.54567
        ]
      },
      "properties": {
        "timestamp": "2026-08-28T09:10:18+0000",
        "type": "UNLIMITED-TRACK",
        "battery": "LOW",
        "spot_id": 2491016274,
        "source": "spot"
      }
    },
    {
      "type": "Feature",
      "geometry": {
        "type": "Point",
        "coordinates": [
          10.27175,
          45.52075
        ]
      },
      "properties": {
        "timestamp": "2026-08-28T09:30:00+0000",
        "type": "UNLIMITED-TRACK",
        "battery": "LOW",
        "spot_id": 2491022819,
        "source": "spot"
      }
    },
    {
      "type": "Feature",
      "geometry": {
        "type": "Point",
        "coordinates": [
          10.28857,
          45.51745
        ]
      },
      "properties": {
        "timestamp": "2026-08-28T09:35:00+0000",
        "type": "UNLIMITED-TRACK",
        "battery": "LOW",
        "spot_id": 2491022817,
        "source": "spot"
      }
    },
    {
      "type": "Feature",
      "geometry": {
        "type": "Point",
        "coordinates": [
          10.30668,
          45.51307
        ]
      },
      "properties": {
        "timestamp": "2026-08-28T09:40:00+0000",
        "type": "UNLIMITED-TRACK",
        "battery": "LOW",
        "spot_id": 2491022766,
        "source": "spot"
      }
    },
    {
      "type": "Feature",
      "geometry": {
        "type": "Point",
        "coordinates": [
          10.44707,
          45.46974
        ]
      },
      "properties": {
        "timestamp": "2026-08-28T10:23:00+0000",
        "type": "UNLIMITED-TRACK",
        "battery": "LOW",
        "spot_id": 2491034139,
        "source": "spot"
      }
    },
    {
      "type": "Feature",
      "geometry": {
        "type": "Point",
        "coordinates": [
          10.45986,
          45.46545
        ]
      },
      "properties": {
        "timestamp": "2026-08-28T10:28:00+0000",
        "type": "UNLIMITED-TRACK",
        "battery": "LOW",
        "spot_id": 2491034112,
        "source": "spot"
      }
    },
    {
      "type": "Feature",
      "geometry": {
        "type": "Point",
        "coordinates": [
          10.48615,
          45.45733
        ]
      },
      "properties": {
        "timestamp": "2026-08-28T10:47:49+0000",
        "type": "UNLIMITED-TRACK",
        "battery": "LOW",
        "spot_id": 2491038766,
        "source": "spot"
      }
    },
    {
      "type": "Feature",
      "geometry": {
        "type": "Point",
        "coordinates": [
          10.71094,
          45.44776
        ]
      },
      "properties": {
        "timestamp": "2026-08-28T12:25:19+0000",
        "type": "UNLIMITED-TRACK",
        "battery": "LOW",
        "spot_id": 2491066503,
        "source": "spot"
      }
    },
    {
      "type": "Feature",
      "geometry": {
        "type": "Point",
        "coordinates": [
          10.7209,
          45.45757
        ]
      },
      "properties": {
        "timestamp": "2026-08-28T12:30:20+0000",
        "type": "UNLIMITED-TRACK",
        "battery": "LOW",
        "spot_id": 2491068289,
        "source": "spot"
      }
    },
    {
      "type": "Feature",
      "geometry": {
        "type": "Point",
        "coordinates": [
          10.73594,
          45.46785
        ]
      },
      "properties": {
        "timestamp": "2026-08-28T12:40:20+0000",
        "type": "UNLIMITED-TRACK",
        "battery": "LOW",
        "spot_id": 2491071650,
        "source": "spot"
      }
    },
    {
      "type": "Feature",
      "geometry": {
        "type": "Point",
        "coordinates": [
          10.78278,
          45.47313
        ]
      },
      "properties": {
        "timestamp": "2026-08-28T13:00:21+0000",
        "type": "UNLIMITED-TRACK",
        "battery": "LOW",
        "spot_id": 2491081761,
        "source": "spot"
      }
    },
    {
      "type": "Feature",
      "geometry": {
        "type": "Point",
        "coordinates": [
          10.7972,
          45.47279
        ]
      },
      "properties": {
        "timestamp": "2026-08-28T13:05:21+0000",
        "type": "UNLIMITED-TRACK",
        "battery": "LOW",
        "spot_id": 2491081760,
        "source": "spot"
      }
    },
    {
      "type": "Feature",
      "geometry": {
        "type": "Point",
        "coordinates": [
          10.80244,
          45.4718
        ]
      },
      "properties": {
        "timestamp": "2026-08-28T13:10:21+0000",
        "type": "UNLIMITED-TRACK",
        "battery": "LOW",
        "spot_id": 2491081722,
        "source": "spot"
      }
    },
    {
      "type": "Feature",
      "geometry": {
        "type": "Point",
        "coordinates": [
          10.81016,
          45.47467
        ]
      },
      "properties": {
        "timestamp": "2026-08-28T13:15:33+0000",
        "type": "UNLIMITED-TRACK",
        "battery": "LOW",
        "spot_id": 2491083800,
        "source": "spot"
      }
    },
    {
      "type": "Feature",
      "geometry": {
        "type": "Point",
        "coordinates": [
          10.83499,
          45.4766
        ]
      },
      "properties": {
        "timestamp": "2026-08-28T13:25:19+0000",
        "type": "UNLIMITED-TRACK",
        "battery": "LOW",
        "spot_id": 2491087737,
        "source": "spot"
      }
    },
    {
      "type": "Feature",
      "geometry": {
        "type": "Point",
        "coordinates": [
          10.99259,
          45.41555
        ]
      },
      "properties": {
        "timestamp": "2026-08-28T16:20:19+0000",
        "type": "UNLIMITED-TRACK",
        "battery": "LOW",
        "spot_id": 2491162161,
        "source": "spot"
      }
    },
    {
      "type": "Feature",
      "geometry": {
        "type": "Point",
        "coordinates": [
          11.0154,
          45.40275
        ]
      },
      "properties": {
        "timestamp": "2026-08-28T16:29:06+0000",
        "type": "UNLIMITED-TRACK",
        "battery": "LOW",
        "spot_id": 2491170262,
        "source": "spot"
      }
    },
    {
      "type": "Feature",
      "geometry": {
        "type": "Point",
        "coordinates": [
          11.02896,
          45.3946
        ]
      },
      "properties": {
        "timestamp": "2026-08-28T16:34:06+0000",
        "type": "UNLIMITED-TRACK",
        "battery": "LOW",
        "spot_id": 2491170261,
        "source": "spot"
      }
    },
    {
      "type": "Feature",
      "geometry": {
        "type": "Point",
        "coordinates": [
          11.03145,
          45.39314
        ]
      },
      "properties": {
        "timestamp": "2026-08-28T16:39:06+0000",
        "type": "UNLIMITED-TRACK",
        "battery": "LOW",
        "spot_id": 2491170195,
        "source": "spot"
      }
    },
    {
      "type": "Feature",
      "geometry": {
        "type": "Point",
        "coordinates": [
          11.06604,
          45.37344
        ]
      },
      "properties": {
        "timestamp": "2026-08-28T17:34:50+0000",
        "type": "UNLIMITED-TRACK",
        "battery": "LOW",
        "spot_id": 2491195686,
        "source": "spot"
      }
    },
    {
      "type": "Feature",
      "geometry": {
        "type": "Point",
        "coordinates": [
          11.07491,
          45.38435
        ]
      },
      "properties": {
        "timestamp": "2026-08-29T07:01:48+0000",
        "type": "UNLIMITED-TRACK",
        "battery": "GOOD",
        "spot_id": 2491447822,
        "source": "spot"
      }
    },
    {
      "type": "Feature",
      "geometry": {
        "type": "Point",
        "coordinates": [
          11.07501,
          45.38444
        ]
      },
      "properties": {
        "timestamp": "2026-08-29T07:06:11+0000",
        "type": "UNLIMITED-TRACK",
        "battery": "GOOD",
        "spot_id": 2491448729,
        "source": "spot"
      }
    },
    {
      "type": "Feature",
      "geometry": {
        "type": "Point",
        "coordinates": [
          11.07497,
          45.38436
        ]
      },
      "properties": {
        "timestamp": "2026-08-29T07:11:08+0000",
        "type": "UNLIMITED-TRACK",
        "battery": "GOOD",
        "spot_id": 2491451285,
        "source": "spot"
      }
    },
    {
      "type": "Feature",
      "geometry": {
        "type": "Point",
        "coordinates": [
          11.07488,
          45.38436
        ]
      },
      "properties": {
        "timestamp": "2026-08-29T07:16:08+0000",
        "type": "UNLIMITED-TRACK",
        "battery": "GOOD",
        "spot_id": 2491451265,
        "source": "spot"
      }
    },
    {
      "type": "Feature",
      "geometry": {
        "type": "Point",
        "coordinates": [
          11.07531,
          45.38439
        ]
      },
      "properties": {
        "timestamp": "2026-08-29T07:28:16+0000",
        "type": "UNLIMITED-TRACK",
        "battery": "GOOD",
        "spot_id": 2491455188,
        "source": "spot"
      }
    },
    {
      "type": "Feature",
      "geometry": {
        "type": "Point",
        "coordinates": [
          11.08724,
          45.38276
        ]
      },
      "properties": {
        "timestamp": "2026-08-29T07:33:16+0000",
        "type": "UNLIMITED-TRACK",
        "battery": "GOOD",
        "spot_id": 2491455172,
        "source": "spot"
      }
    },
    {
      "type": "Feature",
      "geometry": {
        "type": "Point",
        "coordinates": [
          11.10413,
          45.37915
        ]
      },
      "properties": {
        "timestamp": "2026-08-29T07:38:10+0000",
        "type": "UNLIMITED-TRACK",
        "battery": "GOOD",
        "spot_id": 2491456522,
        "source": "spot"
      }
    },
    {
      "type": "Feature",
      "geometry": {
        "type": "Point",
        "coordinates": [
          11.13561,
          45.38157
        ]
      },
      "properties": {
        "timestamp": "2026-08-29T07:48:08+0000",
        "type": "UNLIMITED-TRACK",
        "battery": "GOOD",
        "spot_id": 2491458839,
        "source": "spot"
      }
    },
    {
      "type": "Feature",
      "geometry": {
        "type": "Point",
        "coordinates": [
          11.15627,
          45.38262
        ]
      },
      "properties": {
        "timestamp": "2026-08-29T07:53:00+0000",
        "type": "UNLIMITED-TRACK",
        "battery": "GOOD",
        "spot_id": 2491461321,
        "source": "spot"
      }
    },
    {
      "type": "Feature",
      "geometry": {
        "type": "Point",
        "coordinates": [
          11.17241,
          45.37777
        ]
      },
      "properties": {
        "timestamp": "2026-08-29T07:58:00+0000",
        "type": "UNLIMITED-TRACK",
        "battery": "GOOD",
        "spot_id": 2491461284,
        "source": "spot"
      }
    },
    {
      "type": "Feature",
      "geometry": {
        "type": "Point",
        "coordinates": [
          11.21243,
          45.38057
        ]
      },
      "properties": {
        "timestamp": "2026-08-29T08:12:54+0000",
        "type": "UNLIMITED-TRACK",
        "battery": "GOOD",
        "spot_id": 2491466895,
        "source": "spot"
      }
    },
    {
      "type": "Feature",
      "geometry": {
        "type": "Point",
        "coordinates": [
          11.21406,
          45.39447
        ]
      },
      "properties": {
        "timestamp": "2026-08-29T08:17:54+0000",
        "type": "UNLIMITED-TRACK",
        "battery": "GOOD",
        "spot_id": 2491466894,
        "source": "spot"
      }
    },
    {
      "type": "Feature",
      "geometry": {
        "type": "Point",
        "coordinates": [
          11.2217,
          45.40524
        ]
      },
      "properties": {
        "timestamp": "2026-08-29T08:22:54+0000",
        "type": "UNLIMITED-TRACK",
        "battery": "GOOD",
        "spot_id": 2491466882,
        "source": "spot"
      }
    },
    {
      "type": "Feature",
      "geometry": {
        "type": "Point",
        "coordinates": [
          11.23092,
          45.41511
        ]
      },
      "properties": {
        "timestamp": "2026-08-29T08:27:50+0000",
        "type": "UNLIMITED-TRACK",
        "battery": "GOOD",
        "spot_id": 2491467960,
        "source": "spot"
      }
    },
    {
      "type": "Feature",
      "geometry": {
        "type": "Point",
        "coordinates": [
          11.25543,
          45.41051
        ]
      },
      "properties": {
        "timestamp": "2026-08-29T08:37:41+0000",
        "type": "UNLIMITED-TRACK",
        "battery": "GOOD",
        "spot_id": 2491472446,
        "source": "spot"
      }
    },
    {
      "type": "Feature",
      "geometry": {
        "type": "Point",
        "coordinates": [
          11.27466,
          45.41171
        ]
      },
      "properties": {
        "timestamp": "2026-08-29T08:42:41+0000",
        "type": "UNLIMITED-TRACK",
        "battery": "GOOD",
        "spot_id": 2491472445,
        "source": "spot"
      }
    },
    {
      "type": "Feature",
      "geometry": {
        "type": "Point",
        "coordinates": [
          11.28693,
          45.4166
        ]
      },
      "properties": {
        "timestamp": "2026-08-29T08:47:41+0000",
        "type": "UNLIMITED-TRACK",
        "battery": "GOOD",
        "spot_id": 2491472422,
        "source": "spot"
      }
    },
    {
      "type": "Feature",
      "geometry": {
        "type": "Point",
        "coordinates": [
          11.29552,
          45.42213
        ]
      },
      "properties": {
        "timestamp": "2026-08-29T08:57:35+0000",
        "type": "UNLIMITED-TRACK",
        "battery": "GOOD",
        "spot_id": 2491477202,
        "source": "spot"
      }
    },
    {
      "type": "Feature",
      "geometry": {
        "type": "Point",
        "coordinates": [
          11.31126,
          45.42506
        ]
      },
      "properties": {
        "timestamp": "2026-08-29T09:03:01+0000",
        "type": "UNLIMITED-TRACK",
        "battery": "GOOD",
        "spot_id": 2491475996,
        "source": "spot"
      }
    },
    {
      "type": "Feature",
      "geometry": {
        "type": "Point",
        "coordinates": [
          11.3259,
          45.43015
        ]
      },
      "properties": {
        "timestamp": "2026-08-29T09:07:35+0000",
        "type": "UNLIMITED-TRACK",
        "battery": "GOOD",
        "spot_id": 2491477171,
        "source": "spot"
      }
    },
    {
      "type": "Feature",
      "geometry": {
        "type": "Point",
        "coordinates": [
          11.33753,
          45.4387
        ]
      },
      "properties": {
        "timestamp": "2026-08-29T09:12:32+0000",
        "type": "UNLIMITED-TRACK",
        "battery": "GOOD",
        "spot_id": 2491478238,
        "source": "spot"
      }
    },
    {
      "type": "Feature",
      "geometry": {
        "type": "Point",
        "coordinates": [
          11.37531,
          45.44803
        ]
      },
      "properties": {
        "timestamp": "2026-08-29T09:27:22+0000",
        "type": "UNLIMITED-TRACK",
        "battery": "GOOD",
        "spot_id": 2491483091,
        "source": "spot"
      }
    },
    {
      "type": "Feature",
      "geometry": {
        "type": "Point",
        "coordinates": [
          11.3766,
          45.44816
        ]
      },
      "properties": {
        "timestamp": "2026-08-29T09:32:22+0000",
        "type": "UNLIMITED-TRACK",
        "battery": "GOOD",
        "spot_id": 2491483090,
        "source": "spot"
      }
    },
    {
      "type": "Feature",
      "geometry": {
        "type": "Point",
        "coordinates": [
          11.37669,
          45.4482
        ]
      },
      "properties": {
        "timestamp": "2026-08-29T09:37:22+0000",
        "type": "UNLIMITED-TRACK",
        "battery": "GOOD",
        "spot_id": 2491483070,
        "source": "spot"
      }
    },
    {
      "type": "Feature",
      "geometry": {
        "type": "Point",
        "coordinates": [
          11.37656,
          45.44826
        ]
      },
      "properties": {
        "timestamp": "2026-08-29T09:42:18+0000",
        "type": "UNLIMITED-TRACK",
        "battery": "GOOD",
        "spot_id": 2491485712,
        "source": "spot"
      }
    },
    {
      "type": "Feature",
      "geometry": {
        "type": "Point",
        "coordinates": [
          11.38265,
          45.45448
        ]
      },
      "properties": {
        "timestamp": "2026-08-29T09:47:18+0000",
        "type": "UNLIMITED-TRACK",
        "battery": "GOOD",
        "spot_id": 2491485686,
        "source": "spot"
      }
    },
    {
      "type": "Feature",
      "geometry": {
        "type": "Point",
        "coordinates": [
          11.39477,
          45.45968
        ]
      },
      "properties": {
        "timestamp": "2026-08-29T09:52:14+0000",
        "type": "UNLIMITED-TRACK",
        "battery": "GOOD",
        "spot_id": 2491487938,
        "source": "spot"
      }
    },
    {
      "type": "Feature",
      "geometry": {
        "type": "Point",
        "coordinates": [
          11.40842,
          45.45612
        ]
      },
      "properties": {
        "timestamp": "2026-08-29T09:57:14+0000",
        "type": "UNLIMITED-TRACK",
        "battery": "GOOD",
        "spot_id": 2491487917,
        "source": "spot"
      }
    },
    {
      "type": "Feature",
      "geometry": {
        "type": "Point",
        "coordinates": [
          11.42065,
          45.46403
        ]
      },
      "properties": {
        "timestamp": "2026-08-29T10:02:10+0000",
        "type": "UNLIMITED-TRACK",
        "battery": "GOOD",
        "spot_id": 2491489997,
        "source": "spot"
      }
    },
    {
      "type": "Feature",
      "geometry": {
        "type": "Point",
        "coordinates": [
          11.43387,
          45.46849
        ]
      },
      "properties": {
        "timestamp": "2026-08-29T10:07:10+0000",
        "type": "UNLIMITED-TRACK",
        "battery": "GOOD",
        "spot_id": 2491489974,
        "source": "spot"
      }
    },
    {
      "type": "Feature",
      "geometry": {
        "type": "Point",
        "coordinates": [
          11.44542,
          45.47146
        ]
      },
      "properties": {
        "timestamp": "2026-08-29T10:17:07+0000",
        "type": "UNLIMITED-TRACK",
        "battery": "GOOD",
        "spot_id": 2491492268,
        "source": "spot"
      }
    },
    {
      "type": "Feature",
      "geometry": {
        "type": "Point",
        "coordinates": [
          11.44559,
          45.47151
        ]
      },
      "properties": {
        "timestamp": "2026-08-29T10:22:04+0000",
        "type": "UNLIMITED-TRACK",
        "battery": "GOOD",
        "spot_id": 2491494791,
        "source": "spot"
      }
    },
    {
      "type": "Feature",
      "geometry": {
        "type": "Point",
        "coordinates": [
          11.44559,
          45.47151
        ]
      },
      "properties": {
        "timestamp": "2026-08-29T10:27:04+0000",
        "type": "UNLIMITED-TRACK",
        "battery": "GOOD",
        "spot_id": 2491494759,
        "source": "spot"
      }
    },
    {
      "type": "Feature",
      "geometry": {
        "type": "Point",
        "coordinates": [
          11.44535,
          45.47167
        ]
      },
      "properties": {
        "timestamp": "2026-08-29T10:54:51+0000",
        "type": "UNLIMITED-TRACK",
        "battery": "GOOD",
        "spot_id": 2491503337,
        "source": "spot"
      }
    },
    {
      "type": "Feature",
      "geometry": {
        "type": "Point",
        "coordinates": [
          11.45318,
          45.47454
        ]
      },
      "properties": {
        "timestamp": "2026-08-29T10:59:08+0000",
        "type": "UNLIMITED-TRACK",
        "battery": "GOOD",
        "spot_id": 2491501918,
        "source": "spot"
      }
    },
    {
      "type": "Feature",
      "geometry": {
        "type": "Point",
        "coordinates": [
          11.45368,
          45.4709
        ]
      },
      "properties": {
        "timestamp": "2026-08-29T11:04:51+0000",
        "type": "UNLIMITED-TRACK",
        "battery": "GOOD",
        "spot_id": 2491503315,
        "source": "spot"
      }
    },
    {
      "type": "Feature",
      "geometry": {
        "type": "Point",
        "coordinates": [
          11.45865,
          45.47182
        ]
      },
      "properties": {
        "timestamp": "2026-08-29T11:14:05+0000",
        "type": "UNLIMITED-TRACK",
        "battery": "GOOD",
        "spot_id": 2491505519,
        "source": "spot"
      }
    },
    {
      "type": "Feature",
      "geometry": {
        "type": "Point",
        "coordinates": [
          11.45931,
          45.50502
        ]
      },
      "properties": {
        "timestamp": "2026-08-29T11:54:03+0000",
        "type": "UNLIMITED-TRACK",
        "battery": "GOOD",
        "spot_id": 2491519213,
        "source": "spot"
      }
    },
    {
      "type": "Feature",
      "geometry": {
        "type": "Point",
        "coordinates": [
          11.47828,
          45.5121
        ]
      },
      "properties": {
        "timestamp": "2026-08-29T11:59:03+0000",
        "type": "UNLIMITED-TRACK",
        "battery": "GOOD",
        "spot_id": 2491519212,
        "source": "spot"
      }
    },
    {
      "type": "Feature",
      "geometry": {
        "type": "Point",
        "coordinates": [
          11.4903,
          45.52433
        ]
      },
      "properties": {
        "timestamp": "2026-08-29T12:04:03+0000",
        "type": "UNLIMITED-TRACK",
        "battery": "GOOD",
        "spot_id": 2491519187,
        "source": "spot"
      }
    },
    {
      "type": "Feature",
      "geometry": {
        "type": "Point",
        "coordinates": [
          11.50648,
          45.53372
        ]
      },
      "properties": {
        "timestamp": "2026-08-29T12:08:37+0000",
        "type": "UNLIMITED-TRACK",
        "battery": "GOOD",
        "spot_id": 2491520473,
        "source": "spot"
      }
    },
    {
      "type": "Feature",
      "geometry": {
        "type": "Point",
        "coordinates": [
          11.53517,
          45.5502
        ]
      },
      "properties": {
        "timestamp": "2026-08-29T12:18:33+0000",
        "type": "UNLIMITED-TRACK",
        "battery": "GOOD",
        "spot_id": 2491526577,
        "source": "spot"
      }
    },
    {
      "type": "Feature",
      "geometry": {
        "type": "Point",
        "coordinates": [
          11.5447,
          45.55964
        ]
      },
      "properties": {
        "timestamp": "2026-08-29T12:23:33+0000",
        "type": "UNLIMITED-TRACK",
        "battery": "GOOD",
        "spot_id": 2491526576,
        "source": "spot"
      }
    },
    {
      "type": "Feature",
      "geometry": {
        "type": "Point",
        "coordinates": [
          11.5477,
          45.57148
        ]
      },
      "properties": {
        "timestamp": "2026-08-29T12:28:33+0000",
        "type": "UNLIMITED-TRACK",
        "battery": "GOOD",
        "spot_id": 2491526530,
        "source": "spot"
      }
    },
    {
      "type": "Feature",
      "geometry": {
        "type": "Point",
        "coordinates": [
          11.55545,
          45.58502
        ]
      },
      "properties": {
        "timestamp": "2026-08-29T12:33:30+0000",
        "type": "UNLIMITED-TRACK",
        "battery": "GOOD",
        "spot_id": 2491528235,
        "source": "spot"
      }
    },
    {
      "type": "Feature",
      "geometry": {
        "type": "Point",
        "coordinates": [
          11.5571,
          45.59883
        ]
      },
      "properties": {
        "timestamp": "2026-08-29T12:38:27+0000",
        "type": "UNLIMITED-TRACK",
        "battery": "GOOD",
        "spot_id": 2491530140,
        "source": "spot"
      }
    },
    {
      "type": "Feature",
      "geometry": {
        "type": "Point",
        "coordinates": [
          11.55538,
          45.60438
        ]
      },
      "properties": {
        "timestamp": "2026-08-29T12:43:22+0000",
        "type": "UNLIMITED-TRACK",
        "battery": "GOOD",
        "spot_id": 2491533413,
        "source": "spot"
      }
    },
    {
      "type": "Feature",
      "geometry": {
        "type": "Point",
        "coordinates": [
          11.56431,
          45.61065
        ]
      },
      "properties": {
        "timestamp": "2026-08-29T12:48:22+0000",
        "type": "UNLIMITED-TRACK",
        "battery": "GOOD",
        "spot_id": 2491533383,
        "source": "spot"
      }
    },
    {
      "type": "Feature",
      "geometry": {
        "type": "Point",
        "coordinates": [
          11.57397,
          45.60571
        ]
      },
      "properties": {
        "timestamp": "2026-08-29T12:53:16+0000",
        "type": "UNLIMITED-TRACK",
        "battery": "GOOD",
        "spot_id": 2491534845,
        "source": "spot"
      }
    },
    {
      "type": "Feature",
      "geometry": {
        "type": "Point",
        "coordinates": [
          11.57495,
          45.60281
        ]
      },
      "properties": {
        "timestamp": "2026-08-29T12:58:48+0000",
        "type": "UNLIMITED-TRACK",
        "battery": "GOOD",
        "spot_id": 2491538196,
        "source": "spot"
      }
    },
    {
      "type": "Feature",
      "geometry": {
        "type": "Point",
        "coordinates": [
          11.57495,
          45.60281
        ]
      },
      "properties": {
        "timestamp": "2026-08-29T13:03:48+0000",
        "type": "UNLIMITED-TRACK",
        "battery": "GOOD",
        "spot_id": 2491538171,
        "source": "spot"
      }
    },
    {
      "type": "Feature",
      "geometry": {
        "type": "Point",
        "coordinates": [
          11.57408,
          45.60295
        ]
      },
      "properties": {
        "timestamp": "2026-08-29T13:35:20+0000",
        "type": "UNLIMITED-TRACK",
        "battery": "GOOD",
        "spot_id": 2491548709,
        "source": "spot"
      }
    },
    {
      "type": "Feature",
      "geometry": {
        "type": "Point",
        "coordinates": [
          11.57468,
          45.60776
        ]
      },
      "properties": {
        "timestamp": "2026-08-29T13:40:13+0000",
        "type": "UNLIMITED-TRACK",
        "battery": "GOOD",
        "spot_id": 2491552391,
        "source": "spot"
      }
    },
    {
      "type": "Feature",
      "geometry": {
        "type": "Point",
        "coordinates": [
          11.56266,
          45.61111
        ]
      },
      "properties": {
        "timestamp": "2026-08-29T13:45:13+0000",
        "type": "UNLIMITED-TRACK",
        "battery": "GOOD",
        "spot_id": 2491552360,
        "source": "spot"
      }
    },
    {
      "type": "Feature",
      "geometry": {
        "type": "Point",
        "coordinates": [
          11.56272,
          45.61026
        ]
      },
      "properties": {
        "timestamp": "2026-08-29T13:50:02+0000",
        "type": "UNLIMITED-TRACK",
        "battery": "GOOD",
        "spot_id": 2491555868,
        "source": "spot"
      }
    },
    {
      "type": "Feature",
      "geometry": {
        "type": "Point",
        "coordinates": [
          11.56272,
          45.61026
        ]
      },
      "properties": {
        "timestamp": "2026-08-29T13:55:02+0000",
        "type": "UNLIMITED-TRACK",
        "battery": "GOOD",
        "spot_id": 2491555803,
        "source": "spot"
      }
    },
    {
      "type": "Feature",
      "geometry": {
        "type": "Point",
        "coordinates": [
          11.56287,
          45.61018
        ]
      },
      "properties": {
        "timestamp": "2026-08-29T13:59:58+0000",
        "type": "UNLIMITED-TRACK",
        "battery": "GOOD",
        "spot_id": 2491557660,
        "source": "spot"
      }
    },
    {
      "type": "Feature",
      "geometry": {
        "type": "Point",
        "coordinates": [
          11.5735,
          45.59587
        ]
      },
      "properties": {
        "timestamp": "2026-08-29T15:00:44+0000",
        "type": "UNLIMITED-TRACK",
        "battery": "GOOD",
        "spot_id": 2491580402,
        "source": "spot"
      }
    },
    {
      "type": "Feature",
      "geometry": {
        "type": "Point",
        "coordinates": [
          11.57354,
          45.59593
        ]
      },
      "properties": {
        "timestamp": "2026-08-29T15:05:43+0000",
        "type": "UNLIMITED-TRACK",
        "battery": "GOOD",
        "spot_id": 2491581857,
        "source": "spot"
      }
    },
    {
      "type": "Feature",
      "geometry": {
        "type": "Point",
        "coordinates": [
          11.58133,
          45.59517
        ]
      },
      "properties": {
        "timestamp": "2026-08-29T15:31:43+0000",
        "type": "UNLIMITED-TRACK",
        "battery": "GOOD",
        "spot_id": 2491592243,
        "source": "spot"
      }
    },
    {
      "type": "Feature",
      "geometry": {
        "type": "Point",
        "coordinates": [
          11.58015,
          45.59404
        ]
      },
      "properties": {
        "timestamp": "2026-08-29T16:48:50+0000",
        "type": "UNLIMITED-TRACK",
        "battery": "GOOD",
        "spot_id": 2491624479,
        "source": "spot"
      }
    },
    {
      "type": "Feature",
      "geometry": {
        "type": "Point",
        "coordinates": [
          11.58086,
          45.58941
        ]
      },
      "properties": {
        "timestamp": "2026-08-29T16:53:20+0000",
        "type": "UNLIMITED-TRACK",
        "battery": "GOOD",
        "spot_id": 2491626353,
        "source": "spot"
      }
    },
    {
      "type": "Feature",
      "geometry": {
        "type": "Point",
        "coordinates": [
          11.5998,
          45.58368
        ]
      },
      "properties": {
        "timestamp": "2026-08-29T17:03:28+0000",
        "type": "UNLIMITED-TRACK",
        "battery": "GOOD",
        "spot_id": 2491630146,
        "source": "spot"
      }
    },
    {
      "type": "Feature",
      "geometry": {
        "type": "Point",
        "coordinates": [
          11.62549,
          45.58752
        ]
      },
      "properties": {
        "timestamp": "2026-08-29T17:18:17+0000",
        "type": "UNLIMITED-TRACK",
        "battery": "GOOD",
        "spot_id": 2491640342,
        "source": "spot"
      }
    },
    {
      "type": "Feature",
      "geometry": {
        "type": "Point",
        "coordinates": [
          11.62504,
          45.58735
        ]
      },
      "properties": {
        "timestamp": "2026-08-29T17:23:20+0000",
        "type": "UNLIMITED-TRACK",
        "battery": "GOOD",
        "spot_id": 2491638298,
        "source": "spot"
      }
    },
    {
      "type": "Feature",
      "geometry": {
        "type": "Point",
        "coordinates": [
          11.63536,
          45.58401
        ]
      },
      "properties": {
        "timestamp": "2026-08-29T17:28:17+0000",
        "type": "UNLIMITED-TRACK",
        "battery": "GOOD",
        "spot_id": 2491640300,
        "source": "spot"
      }
    },
    {
      "type": "Feature",
      "geometry": {
        "type": "Point",
        "coordinates": [
          11.63654,
          45.58466
        ]
      },
      "properties": {
        "timestamp": "2026-08-29T18:48:31+0000",
        "type": "CUSTOM",
        "battery": "GOOD",
        "spot_id": 2491675063,
        "source": "spot"
      }
    },
    {
      "type": "Feature",
      "geometry": {
        "type": "Point",
        "coordinates": [
          11.69572,
          45.61472
        ]
      },
      "properties": {
        "timestamp": "2026-08-30T07:02:35+0000",
        "type": "UNLIMITED-TRACK",
        "battery": "GOOD",
        "spot_id": 2491884762,
        "source": "spot"
      }
    },
    {
      "type": "Feature",
      "geometry": {
        "type": "Point",
        "coordinates": [
          11.69576,
          45.61471
        ]
      },
      "properties": {
        "timestamp": "2026-08-30T07:07:33+0000",
        "type": "UNLIMITED-TRACK",
        "battery": "GOOD",
        "spot_id": 2491885748,
        "source": "spot"
      }
    },
    {
      "type": "Feature",
      "geometry": {
        "type": "Point",
        "coordinates": [
          11.6958,
          45.61462
        ]
      },
      "properties": {
        "timestamp": "2026-08-30T07:12:31+0000",
        "type": "UNLIMITED-TRACK",
        "battery": "GOOD",
        "spot_id": 2491886886,
        "source": "spot"
      }
    },
    {
      "type": "Feature",
      "geometry": {
        "type": "Point",
        "coordinates": [
          11.69665,
          45.61546
        ]
      },
      "properties": {
        "timestamp": "2026-08-30T07:39:32+0000",
        "type": "UNLIMITED-TRACK",
        "battery": "GOOD",
        "spot_id": 2491895678,
        "source": "spot"
      }
    },
    {
      "type": "Feature",
      "geometry": {
        "type": "Point",
        "coordinates": [
          11.7121,
          45.62078
        ]
      },
      "properties": {
        "timestamp": "2026-08-30T07:44:32+0000",
        "type": "UNLIMITED-TRACK",
        "battery": "GOOD",
        "spot_id": 2491895677,
        "source": "spot"
      }
    },
    {
      "type": "Feature",
      "geometry": {
        "type": "Point",
        "coordinates": [
          11.72746,
          45.62662
        ]
      },
      "properties": {
        "timestamp": "2026-08-30T07:49:32+0000",
        "type": "UNLIMITED-TRACK",
        "battery": "GOOD",
        "spot_id": 2491895643,
        "source": "spot"
      }
    },
    {
      "type": "Feature",
      "geometry": {
        "type": "Point",
        "coordinates": [
          11.80264,
          45.65697
        ]
      },
      "properties": {
        "timestamp": "2026-08-30T08:19:14+0000",
        "type": "UNLIMITED-TRACK",
        "battery": "GOOD",
        "spot_id": 2491904811,
        "source": "spot"
      }
    },
    {
      "type": "Feature",
      "geometry": {
        "type": "Point",
        "coordinates": [
          11.81277,
          45.66341
        ]
      },
      "properties": {
        "timestamp": "2026-08-30T08:24:14+0000",
        "type": "UNLIMITED-TRACK",
        "battery": "GOOD",
        "spot_id": 2491904809,
        "source": "spot"
      }
    },
    {
      "type": "Feature",
      "geometry": {
        "type": "Point",
        "coordinates": [
          11.82959,
          45.66676
        ]
      },
      "properties": {
        "timestamp": "2026-08-30T08:29:14+0000",
        "type": "UNLIMITED-TRACK",
        "battery": "GOOD",
        "spot_id": 2491904781,
        "source": "spot"
      }
    },
    {
      "type": "Feature",
      "geometry": {
        "type": "Point",
        "coordinates": [
          11.84836,
          45.66694
        ]
      },
      "properties": {
        "timestamp": "2026-08-30T08:34:32+0000",
        "type": "UNLIMITED-TRACK",
        "battery": "GOOD",
        "spot_id": 2491908198,
        "source": "spot"
      }
    },
    {
      "type": "Feature",
      "geometry": {
        "type": "Point",
        "coordinates": [
          11.86684,
          45.66737
        ]
      },
      "properties": {
        "timestamp": "2026-08-30T08:39:05+0000",
        "type": "UNLIMITED-TRACK",
        "battery": "GOOD",
        "spot_id": 2491907011,
        "source": "spot"
      }
    },
    {
      "type": "Feature",
      "geometry": {
        "type": "Point",
        "coordinates": [
          11.88776,
          45.6657
        ]
      },
      "properties": {
        "timestamp": "2026-08-30T08:44:32+0000",
        "type": "UNLIMITED-TRACK",
        "battery": "GOOD",
        "spot_id": 2491908171,
        "source": "spot"
      }
    },
    {
      "type": "Feature",
      "geometry": {
        "type": "Point",
        "coordinates": [
          11.90446,
          45.66585
        ]
      },
      "properties": {
        "timestamp": "2026-08-30T08:49:00+0000",
        "type": "UNLIMITED-TRACK",
        "battery": "GOOD",
        "spot_id": 2491908940,
        "source": "spot"
      }
    },
    {
      "type": "Feature",
      "geometry": {
        "type": "Point",
        "coordinates": [
          11.93418,
          45.67226
        ]
      },
      "properties": {
        "timestamp": "2026-08-30T08:58:53+0000",
        "type": "UNLIMITED-TRACK",
        "battery": "GOOD",
        "spot_id": 2491913016,
        "source": "spot"
      }
    },
    {
      "type": "Feature",
      "geometry": {
        "type": "Point",
        "coordinates": [
          11.951,
          45.6732
        ]
      },
      "properties": {
        "timestamp": "2026-08-30T09:03:53+0000",
        "type": "UNLIMITED-TRACK",
        "battery": "GOOD",
        "spot_id": 2491913014,
        "source": "spot"
      }
    },
    {
      "type": "Feature",
      "geometry": {
        "type": "Point",
        "coordinates": [
          11.96911,
          45.67586
        ]
      },
      "properties": {
        "timestamp": "2026-08-30T09:08:53+0000",
        "type": "UNLIMITED-TRACK",
        "battery": "GOOD",
        "spot_id": 2491912992,
        "source": "spot"
      }
    },
    {
      "type": "Feature",
      "geometry": {
        "type": "Point",
        "coordinates": [
          11.98585,
          45.6763
        ]
      },
      "properties": {
        "timestamp": "2026-08-30T09:13:51+0000",
        "type": "UNLIMITED-TRACK",
        "battery": "GOOD",
        "spot_id": 2491914046,
        "source": "spot"
      }
    },
    {
      "type": "Feature",
      "geometry": {
        "type": "Point",
        "coordinates": [
          12.01694,
          45.68678
        ]
      },
      "properties": {
        "timestamp": "2026-08-30T09:23:41+0000",
        "type": "UNLIMITED-TRACK",
        "battery": "GOOD",
        "spot_id": 2491918165,
        "source": "spot"
      }
    },
    {
      "type": "Feature",
      "geometry": {
        "type": "Point",
        "coordinates": [
          12.03093,
          45.68699
        ]
      },
      "properties": {
        "timestamp": "2026-08-30T09:28:41+0000",
        "type": "UNLIMITED-TRACK",
        "battery": "GOOD",
        "spot_id": 2491918164,
        "source": "spot"
      }
    },
    {
      "type": "Feature",
      "geometry": {
        "type": "Point",
        "coordinates": [
          12.04956,
          45.68493
        ]
      },
      "properties": {
        "timestamp": "2026-08-30T09:33:41+0000",
        "type": "UNLIMITED-TRACK",
        "battery": "GOOD",
        "spot_id": 2491918131,
        "source": "spot"
      }
    },
    {
      "type": "Feature",
      "geometry": {
        "type": "Point",
        "coordinates": [
          12.06919,
          45.68164
        ]
      },
      "properties": {
        "timestamp": "2026-08-30T09:39:03+0000",
        "type": "UNLIMITED-TRACK",
        "battery": "GOOD",
        "spot_id": 2491920277,
        "source": "spot"
      }
    },
    {
      "type": "Feature",
      "geometry": {
        "type": "Point",
        "coordinates": [
          12.09073,
          45.67889
        ]
      },
      "properties": {
        "timestamp": "2026-08-30T09:44:03+0000",
        "type": "UNLIMITED-TRACK",
        "battery": "GOOD",
        "spot_id": 2491920251,
        "source": "spot"
      }
    },
    {
      "type": "Feature",
      "geometry": {
        "type": "Point",
        "coordinates": [
          12.10744,
          45.67839
        ]
      },
      "properties": {
        "timestamp": "2026-08-30T09:48:32+0000",
        "type": "UNLIMITED-TRACK",
        "battery": "GOOD",
        "spot_id": 2491922482,
        "source": "spot"
      }
    },
    {
      "type": "Feature",
      "geometry": {
        "type": "Point",
        "coordinates": [
          12.11062,
          45.67796
        ]
      },
      "properties": {
        "timestamp": "2026-08-30T09:53:32+0000",
        "type": "UNLIMITED-TRACK",
        "battery": "GOOD",
        "spot_id": 2491922463,
        "source": "spot"
      }
    },
    {
      "type": "Feature",
      "geometry": {
        "type": "Point",
        "coordinates": [
          12.11058,
          45.67788
        ]
      },
      "properties": {
        "timestamp": "2026-08-30T09:58:27+0000",
        "type": "UNLIMITED-TRACK",
        "battery": "GOOD",
        "spot_id": 2491923375,
        "source": "spot"
      }
    },
    {
      "type": "Feature",
      "geometry": {
        "type": "Point",
        "coordinates": [
          12.11052,
          45.67788
        ]
      },
      "properties": {
        "timestamp": "2026-08-30T10:03:28+0000",
        "type": "UNLIMITED-TRACK",
        "battery": "GOOD",
        "spot_id": 2491924229,
        "source": "spot"
      }
    },
    {
      "type": "Feature",
      "geometry": {
        "type": "Point",
        "coordinates": [
          12.11039,
          45.6781
        ]
      },
      "properties": {
        "timestamp": "2026-08-30T11:29:22+0000",
        "type": "UNLIMITED-TRACK",
        "battery": "GOOD",
        "spot_id": 2491942188,
        "source": "spot"
      }
    },
    {
      "type": "Feature",
      "geometry": {
        "type": "Point",
        "coordinates": [
          12.12131,
          45.68307
        ]
      },
      "properties": {
        "timestamp": "2026-08-30T11:33:34+0000",
        "type": "UNLIMITED-TRACK",
        "battery": "GOOD",
        "spot_id": 2491944277,
        "source": "spot"
      }
    },
    {
      "type": "Feature",
      "geometry": {
        "type": "Point",
        "coordinates": [
          12.12749,
          45.69367
        ]
      },
      "properties": {
        "timestamp": "2026-08-30T11:38:34+0000",
        "type": "UNLIMITED-TRACK",
        "battery": "GOOD",
        "spot_id": 2491944260,
        "source": "spot"
      }
    },
    {
      "type": "Feature",
      "geometry": {
        "type": "Point",
        "coordinates": [
          12.13884,
          45.7034
        ]
      },
      "properties": {
        "timestamp": "2026-08-30T11:43:32+0000",
        "type": "UNLIMITED-TRACK",
        "battery": "GOOD",
        "spot_id": 2491945392,
        "source": "spot"
      }
    },
    {
      "type": "Feature",
      "geometry": {
        "type": "Point",
        "coordinates": [
          12.14998,
          45.70268
        ]
      },
      "properties": {
        "timestamp": "2026-08-30T11:48:23+0000",
        "type": "UNLIMITED-TRACK",
        "battery": "GOOD",
        "spot_id": 2491949059,
        "source": "spot"
      }
    },
    {
      "type": "Feature",
      "geometry": {
        "type": "Point",
        "coordinates": [
          12.16781,
          45.69576
        ]
      },
      "properties": {
        "timestamp": "2026-08-30T11:53:25+0000",
        "type": "UNLIMITED-TRACK",
        "battery": "GOOD",
        "spot_id": 2491947627,
        "source": "spot"
      }
    },
    {
      "type": "Feature",
      "geometry": {
        "type": "Point",
        "coordinates": [
          12.18525,
          45.68951
        ]
      },
      "properties": {
        "timestamp": "2026-08-30T11:58:23+0000",
        "type": "UNLIMITED-TRACK",
        "battery": "GOOD",
        "spot_id": 2491949030,
        "source": "spot"
      }
    },
    {
      "type": "Feature",
      "geometry": {
        "type": "Point",
        "coordinates": [
          12.24499,
          45.67001
        ]
      },
      "properties": {
        "timestamp": "2026-08-30T12:23:16+0000",
        "type": "UNLIMITED-TRACK",
        "battery": "GOOD",
        "spot_id": 2491957441,
        "source": "spot"
      }
    },
    {
      "type": "Feature",
      "geometry": {
        "type": "Point",
        "coordinates": [
          12.24482,
          45.66336
        ]
      },
      "properties": {
        "timestamp": "2026-08-30T12:28:16+0000",
        "type": "UNLIMITED-TRACK",
        "battery": "GOOD",
        "spot_id": 2491957438,
        "source": "spot"
      }
    },
    {
      "type": "Feature",
      "geometry": {
        "type": "Point",
        "coordinates": [
          12.24285,
          45.66327
        ]
      },
      "properties": {
        "timestamp": "2026-08-30T12:33:16+0000",
        "type": "UNLIMITED-TRACK",
        "battery": "GOOD",
        "spot_id": 2491957409,
        "source": "spot"
      }
    },
    {
      "type": "Feature",
      "geometry": {
        "type": "Point",
        "coordinates": [
          12.24332,
          45.66344
        ]
      },
      "properties": {
        "timestamp": "2026-08-30T12:38:10+0000",
        "type": "UNLIMITED-TRACK",
        "battery": "GOOD",
        "spot_id": 2491958891,
        "source": "spot"
      }
    },
    {
      "type": "Feature",
      "geometry": {
        "type": "Point",
        "coordinates": [
          12.24317,
          45.66335
        ]
      },
      "properties": {
        "timestamp": "2026-08-30T12:43:08+0000",
        "type": "UNLIMITED-TRACK",
        "battery": "GOOD",
        "spot_id": 2491960466,
        "source": "spot"
      }
    },
    {
      "type": "Feature",
      "geometry": {
        "type": "Point",
        "coordinates": [
          12.29915,
          45.66322
        ]
      },
      "properties": {
        "timestamp": "2026-08-30T13:22:36+0000",
        "type": "UNLIMITED-TRACK",
        "battery": "GOOD",
        "spot_id": 2491971233,
        "source": "spot"
      }
    },
    {
      "type": "Feature",
      "geometry": {
        "type": "Point",
        "coordinates": [
          12.33134,
          45.67293
        ]
      },
      "properties": {
        "timestamp": "2026-08-30T13:32:27+0000",
        "type": "UNLIMITED-TRACK",
        "battery": "GOOD",
        "spot_id": 2491977310,
        "source": "spot"
      }
    },
    {
      "type": "Feature",
      "geometry": {
        "type": "Point",
        "coordinates": [
          12.34499,
          45.68035
        ]
      },
      "properties": {
        "timestamp": "2026-08-30T13:37:27+0000",
        "type": "UNLIMITED-TRACK",
        "battery": "GOOD",
        "spot_id": 2491977309,
        "source": "spot"
      }
    },
    {
      "type": "Feature",
      "geometry": {
        "type": "Point",
        "coordinates": [
          12.36473,
          45.68284
        ]
      },
      "properties": {
        "timestamp": "2026-08-30T13:42:27+0000",
        "type": "UNLIMITED-TRACK",
        "battery": "GOOD",
        "spot_id": 2491977280,
        "source": "spot"
      }
    },
    {
      "type": "Feature",
      "geometry": {
        "type": "Point",
        "coordinates": [
          12.38258,
          45.68602
        ]
      },
      "properties": {
        "timestamp": "2026-08-30T13:47:18+0000",
        "type": "UNLIMITED-TRACK",
        "battery": "GOOD",
        "spot_id": 2491980042,
        "source": "spot"
      }
    },
    {
      "type": "Feature",
      "geometry": {
        "type": "Point",
        "coordinates": [
          12.39425,
          45.68937
        ]
      },
      "properties": {
        "timestamp": "2026-08-30T13:52:18+0000",
        "type": "UNLIMITED-TRACK",
        "battery": "GOOD",
        "spot_id": 2491980007,
        "source": "spot"
      }
    },
    {
      "type": "Feature",
      "geometry": {
        "type": "Point",
        "coordinates": [
          12.41065,
          45.69484
        ]
      },
      "properties": {
        "timestamp": "2026-08-30T13:57:15+0000",
        "type": "UNLIMITED-TRACK",
        "battery": "GOOD",
        "spot_id": 2491983123,
        "source": "spot"
      }
    },
    {
      "type": "Feature",
      "geometry": {
        "type": "Point",
        "coordinates": [
          12.42644,
          45.70033
        ]
      },
      "properties": {
        "timestamp": "2026-08-30T14:02:15+0000",
        "type": "UNLIMITED-TRACK",
        "battery": "GOOD",
        "spot_id": 2491983093,
        "source": "spot"
      }
    },
    {
      "type": "Feature",
      "geometry": {
        "type": "Point",
        "coordinates": [
          12.45963,
          45.69656
        ]
      },
      "properties": {
        "timestamp": "2026-08-30T14:17:03+0000",
        "type": "UNLIMITED-TRACK",
        "battery": "GOOD",
        "spot_id": 2491987817,
        "source": "spot"
      }
    },
    {
      "type": "Feature",
      "geometry": {
        "type": "Point",
        "coordinates": [
          12.49754,
          45.68049
        ]
      },
      "properties": {
        "timestamp": "2026-08-30T14:31:52+0000",
        "type": "UNLIMITED-TRACK",
        "battery": "GOOD",
        "spot_id": 2491995599,
        "source": "spot"
      }
    },
    {
      "type": "Feature",
      "geometry": {
        "type": "Point",
        "coordinates": [
          12.49617,
          45.67002
        ]
      },
      "properties": {
        "timestamp": "2026-08-30T14:36:52+0000",
        "type": "UNLIMITED-TRACK",
        "battery": "GOOD",
        "spot_id": 2491995597,
        "source": "spot"
      }
    },
    {
      "type": "Feature",
      "geometry": {
        "type": "Point",
        "coordinates": [
          12.50759,
          45.6629
        ]
      },
      "properties": {
        "timestamp": "2026-08-30T14:41:52+0000",
        "type": "UNLIMITED-TRACK",
        "battery": "GOOD",
        "spot_id": 2491995546,
        "source": "spot"
      }
    },
    {
      "type": "Feature",
      "geometry": {
        "type": "Point",
        "coordinates": [
          12.52311,
          45.65973
        ]
      },
      "properties": {
        "timestamp": "2026-08-30T14:46:47+0000",
        "type": "UNLIMITED-TRACK",
        "battery": "GOOD",
        "spot_id": 2491997298,
        "source": "spot"
      }
    },
    {
      "type": "Feature",
      "geometry": {
        "type": "Point",
        "coordinates": [
          12.51321,
          45.65313
        ]
      },
      "properties": {
        "timestamp": "2026-08-30T14:51:47+0000",
        "type": "UNLIMITED-TRACK",
        "battery": "GOOD",
        "spot_id": 2491999104,
        "source": "spot"
      }
    },
    {
      "type": "Feature",
      "geometry": {
        "type": "Point",
        "coordinates": [
          12.52628,
          45.65403
        ]
      },
      "properties": {
        "timestamp": "2026-08-30T14:56:42+0000",
        "type": "UNLIMITED-TRACK",
        "battery": "GOOD",
        "spot_id": 2492002332,
        "source": "spot"
      }
    },
    {
      "type": "Feature",
      "geometry": {
        "type": "Point",
        "coordinates": [
          12.53804,
          45.64369
        ]
      },
      "properties": {
        "timestamp": "2026-08-30T15:01:42+0000",
        "type": "UNLIMITED-TRACK",
        "battery": "GOOD",
        "spot_id": 2492002303,
        "source": "spot"
      }
    },
    {
      "type": "Feature",
      "geometry": {
        "type": "Point",
        "coordinates": [
          12.53915,
          45.63674
        ]
      },
      "properties": {
        "timestamp": "2026-08-30T15:06:37+0000",
        "type": "UNLIMITED-TRACK",
        "battery": "GOOD",
        "spot_id": 2492005391,
        "source": "spot"
      }
    },
    {
      "type": "Feature",
      "geometry": {
        "type": "Point",
        "coordinates": [
          12.55735,
          45.63077
        ]
      },
      "properties": {
        "timestamp": "2026-08-30T15:11:37+0000",
        "type": "UNLIMITED-TRACK",
        "battery": "GOOD",
        "spot_id": 2492005358,
        "source": "spot"
      }
    },
    {
      "type": "Feature",
      "geometry": {
        "type": "Point",
        "coordinates": [
          12.58593,
          45.61153
        ]
      },
      "properties": {
        "timestamp": "2026-08-30T15:21:31+0000",
        "type": "UNLIMITED-TRACK",
        "battery": "GOOD",
        "spot_id": 2492008934,
        "source": "spot"
      }
    },
    {
      "type": "Feature",
      "geometry": {
        "type": "Point",
        "coordinates": [
          12.59526,
          45.60911
        ]
      },
      "properties": {
        "timestamp": "2026-08-30T15:31:28+0000",
        "type": "UNLIMITED-TRACK",
        "battery": "GOOD",
        "spot_id": 2492016463,
        "source": "spot"
      }
    },
    {
      "type": "Feature",
      "geometry": {
        "type": "Point",
        "coordinates": [
          12.59269,
          45.61327
        ]
      },
      "properties": {
        "timestamp": "2026-08-30T15:36:28+0000",
        "type": "UNLIMITED-TRACK",
        "battery": "GOOD",
        "spot_id": 2492016462,
        "source": "spot"
      }
    },
    {
      "type": "Feature",
      "geometry": {
        "type": "Point",
        "coordinates": [
          12.59947,
          45.62228
        ]
      },
      "properties": {
        "timestamp": "2026-08-30T15:41:28+0000",
        "type": "UNLIMITED-TRACK",
        "battery": "GOOD",
        "spot_id": 2492016425,
        "source": "spot"
      }
    },
    {
      "type": "Feature",
      "geometry": {
        "type": "Point",
        "coordinates": [
          12.59958,
          45.62352
        ]
      },
      "properties": {
        "timestamp": "2026-08-30T15:51:25+0000",
        "type": "UNLIMITED-TRACK",
        "battery": "GOOD",
        "spot_id": 2492019478,
        "source": "spot"
      }
    },
    {
      "type": "Feature",
      "geometry": {
        "type": "Point",
        "coordinates": [
          12.60819,
          45.63754
        ]
      },
      "properties": {
        "timestamp": "2026-08-30T16:06:17+0000",
        "type": "UNLIMITED-TRACK",
        "battery": "GOOD",
        "spot_id": 2492028433,
        "source": "spot"
      }
    },
    {
      "type": "Feature",
      "geometry": {
        "type": "Point",
        "coordinates": [
          12.61617,
          45.64458
        ]
      },
      "properties": {
        "timestamp": "2026-08-30T16:11:17+0000",
        "type": "UNLIMITED-TRACK",
        "battery": "GOOD",
        "spot_id": 2492028431,
        "source": "spot"
      }
    },
    {
      "type": "Feature",
      "geometry": {
        "type": "Point",
        "coordinates": [
          12.62192,
          45.65625
        ]
      },
      "properties": {
        "timestamp": "2026-08-30T16:16:17+0000",
        "type": "UNLIMITED-TRACK",
        "battery": "GOOD",
        "spot_id": 2492028388,
        "source": "spot"
      }
    },
    {
      "type": "Feature",
      "geometry": {
        "type": "Point",
        "coordinates": [
          12.6223,
          45.66871
        ]
      },
      "properties": {
        "timestamp": "2026-08-30T16:21:17+0000",
        "type": "UNLIMITED-TRACK",
        "battery": "GOOD",
        "spot_id": 2492030151,
        "source": "spot"
      }
    },
    {
      "type": "Feature",
      "geometry": {
        "type": "Point",
        "coordinates": [
          12.65818,
          45.69346
        ]
      },
      "properties": {
        "timestamp": "2026-08-30T16:40:57+0000",
        "type": "UNLIMITED-TRACK",
        "battery": "GOOD",
        "spot_id": 2492040642,
        "source": "spot"
      }
    },
    {
      "type": "Feature",
      "geometry": {
        "type": "Point",
        "coordinates": [
          12.66934,
          45.7029
        ]
      },
      "properties": {
        "timestamp": "2026-08-30T16:45:57+0000",
        "type": "UNLIMITED-TRACK",
        "battery": "GOOD",
        "spot_id": 2492040641,
        "source": "spot"
      }
    },
    {
      "type": "Feature",
      "geometry": {
        "type": "Point",
        "coordinates": [
          12.6823,
          45.70856
        ]
      },
      "properties": {
        "timestamp": "2026-08-30T16:50:57+0000",
        "type": "UNLIMITED-TRACK",
        "battery": "GOOD",
        "spot_id": 2492040596,
        "source": "spot"
      }
    },
    {
      "type": "Feature",
      "geometry": {
        "type": "Point",
        "coordinates": [
          12.69873,
          45.72367
        ]
      },
      "properties": {
        "timestamp": "2026-08-30T17:05:50+0000",
        "type": "UNLIMITED-TRACK",
        "battery": "GOOD",
        "spot_id": 2492049600,
        "source": "spot"
      }
    },
    {
      "type": "Feature",
      "geometry": {
        "type": "Point",
        "coordinates": [
          12.69882,
          45.72367
        ]
      },
      "properties": {
        "timestamp": "2026-08-30T17:10:50+0000",
        "type": "UNLIMITED-TRACK",
        "battery": "GOOD",
        "spot_id": 2492049598,
        "source": "spot"
      }
    },
    {
      "type": "Feature",
      "geometry": {
        "type": "Point",
        "coordinates": [
          12.69882,
          45.72358
        ]
      },
      "properties": {
        "timestamp": "2026-08-30T17:15:50+0000",
        "type": "UNLIMITED-TRACK",
        "battery": "GOOD",
        "spot_id": 2492049560,
        "source": "spot"
      }
    },
    {
      "type": "Feature",
      "geometry": {
        "type": "Point",
        "coordinates": [
          12.69889,
          45.72374
        ]
      },
      "properties": {
        "timestamp": "2026-08-30T17:28:14+0000",
        "type": "UNLIMITED-TRACK",
        "battery": "GOOD",
        "spot_id": 2492055793,
        "source": "spot"
      }
    },
    {
      "type": "Feature",
      "geometry": {
        "type": "Point",
        "coordinates": [
          12.70387,
          45.72194
        ]
      },
      "properties": {
        "timestamp": "2026-08-30T17:33:14+0000",
        "type": "UNLIMITED-TRACK",
        "battery": "GOOD",
        "spot_id": 2492055756,
        "source": "spot"
      }
    },
    {
      "type": "Feature",
      "geometry": {
        "type": "Point",
        "coordinates": [
          12.70468,
          45.72198
        ]
      },
      "properties": {
        "timestamp": "2026-08-30T17:38:14+0000",
        "type": "UNLIMITED-TRACK",
        "battery": "GOOD",
        "spot_id": 2492057634,
        "source": "spot"
      }
    },
    {
      "type": "Feature",
      "geometry": {
        "type": "Point",
        "coordinates": [
          12.71856,
          45.72418
        ]
      },
      "properties": {
        "timestamp": "2026-08-30T17:48:08+0000",
        "type": "UNLIMITED-TRACK",
        "battery": "GOOD",
        "spot_id": 2492064531,
        "source": "spot"
      }
    },
    {
      "type": "Feature",
      "geometry": {
        "type": "Point",
        "coordinates": [
          12.73015,
          45.72126
        ]
      },
      "properties": {
        "timestamp": "2026-08-30T17:53:08+0000",
        "type": "UNLIMITED-TRACK",
        "battery": "GOOD",
        "spot_id": 2492064530,
        "source": "spot"
      }
    },
    {
      "type": "Feature",
      "geometry": {
        "type": "Point",
        "coordinates": [
          12.74088,
          45.72589
        ]
      },
      "properties": {
        "timestamp": "2026-08-30T17:58:08+0000",
        "type": "UNLIMITED-TRACK",
        "battery": "GOOD",
        "spot_id": 2492064498,
        "source": "spot"
      }
    },
    {
      "type": "Feature",
      "geometry": {
        "type": "Point",
        "coordinates": [
          12.75206,
          45.72732
        ]
      },
      "properties": {
        "timestamp": "2026-08-30T18:34:21+0000",
        "type": "CUSTOM",
        "battery": "GOOD",
        "spot_id": 2492077363,
        "source": "spot"
      }
    },
    {
      "type": "Feature",
      "geometry": {
        "type": "Point",
        "coordinates": [
          12.77628,
          45.71606
        ]
      },
      "properties": {
        "timestamp": "2026-08-31T07:17:50+0000",
        "type": "UNLIMITED-TRACK",
        "battery": "GOOD",
        "spot_id": 2492292326,
        "source": "spot"
      }
    },
    {
      "type": "Feature",
      "geometry": {
        "type": "Point",
        "coordinates": [
          12.78165,
          45.70858
        ]
      },
      "properties": {
        "timestamp": "2026-08-31T07:22:05+0000",
        "type": "UNLIMITED-TRACK",
        "battery": "GOOD",
        "spot_id": 2492294662,
        "source": "spot"
      }
    },
    {
      "type": "Feature",
      "geometry": {
        "type": "Point",
        "coordinates": [
          12.78028,
          45.70043
        ]
      },
      "properties": {
        "timestamp": "2026-08-31T07:27:05+0000",
        "type": "UNLIMITED-TRACK",
        "battery": "GOOD",
        "spot_id": 2492294629,
        "source": "spot"
      }
    },
    {
      "type": "Feature",
      "geometry": {
        "type": "Point",
        "coordinates": [
          12.78306,
          45.69662
        ]
      },
      "properties": {
        "timestamp": "2026-08-31T07:31:56+0000",
        "type": "UNLIMITED-TRACK",
        "battery": "GOOD",
        "spot_id": 2492298039,
        "source": "spot"
      }
    },
    {
      "type": "Feature",
      "geometry": {
        "type": "Point",
        "coordinates": [
          12.79465,
          45.7043
        ]
      },
      "properties": {
        "timestamp": "2026-08-31T07:36:56+0000",
        "type": "UNLIMITED-TRACK",
        "battery": "GOOD",
        "spot_id": 2492298037,
        "source": "spot"
      }
    },
    {
      "type": "Feature",
      "geometry": {
        "type": "Point",
        "coordinates": [
          12.80564,
          45.71151
        ]
      },
      "properties": {
        "timestamp": "2026-08-31T07:41:56+0000",
        "type": "UNLIMITED-TRACK",
        "battery": "GOOD",
        "spot_id": 2492298016,
        "source": "spot"
      }
    },
    {
      "type": "Feature",
      "geometry": {
        "type": "Point",
        "coordinates": [
          12.81495,
          45.71879
        ]
      },
      "properties": {
        "timestamp": "2026-08-31T07:46:53+0000",
        "type": "UNLIMITED-TRACK",
        "battery": "GOOD",
        "spot_id": 2492299226,
        "source": "spot"
      }
    },
    {
      "type": "Feature",
      "geometry": {
        "type": "Point",
        "coordinates": [
          12.83081,
          45.73875
        ]
      },
      "properties": {
        "timestamp": "2026-08-31T07:56:47+0000",
        "type": "UNLIMITED-TRACK",
        "battery": "GOOD",
        "spot_id": 2492301170,
        "source": "spot"
      }
    },
    {
      "type": "Feature",
      "geometry": {
        "type": "Point",
        "coordinates": [
          12.84737,
          45.75585
        ]
      },
      "properties": {
        "timestamp": "2026-08-31T08:06:40+0000",
        "type": "UNLIMITED-TRACK",
        "battery": "GOOD",
        "spot_id": 2492302957,
        "source": "spot"
      }
    },
    {
      "type": "Feature",
      "geometry": {
        "type": "Point",
        "coordinates": [
          12.86036,
          45.75808
        ]
      },
      "properties": {
        "timestamp": "2026-08-31T08:11:51+0000",
        "type": "UNLIMITED-TRACK",
        "battery": "GOOD",
        "spot_id": 2492305210,
        "source": "spot"
      }
    },
    {
      "type": "Feature",
      "geometry": {
        "type": "Point",
        "coordinates": [
          12.87941,
          45.75581
        ]
      },
      "properties": {
        "timestamp": "2026-08-31T08:16:51+0000",
        "type": "UNLIMITED-TRACK",
        "battery": "GOOD",
        "spot_id": 2492305182,
        "source": "spot"
      }
    },
    {
      "type": "Feature",
      "geometry": {
        "type": "Point",
        "coordinates": [
          12.89653,
          45.75564
        ]
      },
      "properties": {
        "timestamp": "2026-08-31T08:21:28+0000",
        "type": "UNLIMITED-TRACK",
        "battery": "GOOD",
        "spot_id": 2492307574,
        "source": "spot"
      }
    },
    {
      "type": "Feature",
      "geometry": {
        "type": "Point",
        "coordinates": [
          12.91413,
          45.75628
        ]
      },
      "properties": {
        "timestamp": "2026-08-31T08:26:28+0000",
        "type": "UNLIMITED-TRACK",
        "battery": "GOOD",
        "spot_id": 2492307548,
        "source": "spot"
      }
    },
    {
      "type": "Feature",
      "geometry": {
        "type": "Point",
        "coordinates": [
          12.92996,
          45.75626
        ]
      },
      "properties": {
        "timestamp": "2026-08-31T08:31:26+0000",
        "type": "UNLIMITED-TRACK",
        "battery": "GOOD",
        "spot_id": 2492308652,
        "source": "spot"
      }
    },
    {
      "type": "Feature",
      "geometry": {
        "type": "Point",
        "coordinates": [
          12.94007,
          45.74522
        ]
      },
      "properties": {
        "timestamp": "2026-08-31T08:36:21+0000",
        "type": "UNLIMITED-TRACK",
        "battery": "GOOD",
        "spot_id": 2492309770,
        "source": "spot"
      }
    },
    {
      "type": "Feature",
      "geometry": {
        "type": "Point",
        "coordinates": [
          12.95568,
          45.73319
        ]
      },
      "properties": {
        "timestamp": "2026-08-31T08:46:15+0000",
        "type": "UNLIMITED-TRACK",
        "battery": "GOOD",
        "spot_id": 2492313598,
        "source": "spot"
      }
    },
    {
      "type": "Feature",
      "geometry": {
        "type": "Point",
        "coordinates": [
          12.95542,
          45.73315
        ]
      },
      "properties": {
        "timestamp": "2026-08-31T08:51:15+0000",
        "type": "UNLIMITED-TRACK",
        "battery": "GOOD",
        "spot_id": 2492313596,
        "source": "spot"
      }
    },
    {
      "type": "Feature",
      "geometry": {
        "type": "Point",
        "coordinates": [
          12.95516,
          45.73315
        ]
      },
      "properties": {
        "timestamp": "2026-08-31T08:56:15+0000",
        "type": "UNLIMITED-TRACK",
        "battery": "GOOD",
        "spot_id": 2492313580,
        "source": "spot"
      }
    },
    {
      "type": "Feature",
      "geometry": {
        "type": "Point",
        "coordinates": [
          12.972,
          45.73904
        ]
      },
      "properties": {
        "timestamp": "2026-08-31T09:30:44+0000",
        "type": "UNLIMITED-TRACK",
        "battery": "GOOD",
        "spot_id": 2492321473,
        "source": "spot"
      }
    },
    {
      "type": "Feature",
      "geometry": {
        "type": "Point",
        "coordinates": [
          13.00378,
          45.77561
        ]
      },
      "properties": {
        "timestamp": "2026-08-31T12:43:32+0000",
        "type": "UNLIMITED-TRACK",
        "battery": "GOOD",
        "spot_id": 2492368700,
        "source": "spot"
      }
    },
    {
      "type": "Feature",
      "geometry": {
        "type": "Point",
        "coordinates": [
          13.01193,
          45.77489
        ]
      },
      "properties": {
        "timestamp": "2026-08-31T12:53:24+0000",
        "type": "UNLIMITED-TRACK",
        "battery": "GOOD",
        "spot_id": 2492375359,
        "source": "spot"
      }
    },
    {
      "type": "Feature",
      "geometry": {
        "type": "Point",
        "coordinates": [
          13.02661,
          45.77489
        ]
      },
      "properties": {
        "timestamp": "2026-08-31T12:58:24+0000",
        "type": "UNLIMITED-TRACK",
        "battery": "GOOD",
        "spot_id": 2492375358,
        "source": "spot"
      }
    },
    {
      "type": "Feature",
      "geometry": {
        "type": "Point",
        "coordinates": [
          13.04386,
          45.78253
        ]
      },
      "properties": {
        "timestamp": "2026-08-31T13:03:24+0000",
        "type": "UNLIMITED-TRACK",
        "battery": "GOOD",
        "spot_id": 2492375324,
        "source": "spot"
      }
    },
    {
      "type": "Feature",
      "geometry": {
        "type": "Point",
        "coordinates": [
          13.06279,
          45.78544
        ]
      },
      "properties": {
        "timestamp": "2026-08-31T13:08:19+0000",
        "type": "UNLIMITED-TRACK",
        "battery": "GOOD",
        "spot_id": 2492378660,
        "source": "spot"
      }
    },
    {
      "type": "Feature",
      "geometry": {
        "type": "Point",
        "coordinates": [
          13.07781,
          45.7878
        ]
      },
      "properties": {
        "timestamp": "2026-08-31T13:13:19+0000",
        "type": "UNLIMITED-TRACK",
        "battery": "GOOD",
        "spot_id": 2492378630,
        "source": "spot"
      }
    },
    {
      "type": "Feature",
      "geometry": {
        "type": "Point",
        "coordinates": [
          13.08815,
          45.79483
        ]
      },
      "properties": {
        "timestamp": "2026-08-31T13:28:13+0000",
        "type": "UNLIMITED-TRACK",
        "battery": "GOOD",
        "spot_id": 2492383745,
        "source": "spot"
      }
    },
    {
      "type": "Feature",
      "geometry": {
        "type": "Point",
        "coordinates": [
          13.10693,
          45.81171
        ]
      },
      "properties": {
        "timestamp": "2026-08-31T13:38:01+0000",
        "type": "UNLIMITED-TRACK",
        "battery": "GOOD",
        "spot_id": 2492390857,
        "source": "spot"
      }
    },
    {
      "type": "Feature",
      "geometry": {
        "type": "Point",
        "coordinates": [
          13.12495,
          45.81639
        ]
      },
      "properties": {
        "timestamp": "2026-08-31T13:43:01+0000",
        "type": "UNLIMITED-TRACK",
        "battery": "GOOD",
        "spot_id": 2492390856,
        "source": "spot"
      }
    },
    {
      "type": "Feature",
      "geometry": {
        "type": "Point",
        "coordinates": [
          13.14049,
          45.8151
        ]
      },
      "properties": {
        "timestamp": "2026-08-31T13:48:01+0000",
        "type": "UNLIMITED-TRACK",
        "battery": "GOOD",
        "spot_id": 2492390809,
        "source": "spot"
      }
    },
    {
      "type": "Feature",
      "geometry": {
        "type": "Point",
        "coordinates": [
          13.22981,
          45.8225
        ]
      },
      "properties": {
        "timestamp": "2026-08-31T14:23:03+0000",
        "type": "UNLIMITED-TRACK",
        "battery": "GOOD",
        "spot_id": 2492407838,
        "source": "spot"
      }
    },
    {
      "type": "Feature",
      "geometry": {
        "type": "Point",
        "coordinates": [
          13.24389,
          45.82666
        ]
      },
      "properties": {
        "timestamp": "2026-08-31T14:28:03+0000",
        "type": "UNLIMITED-TRACK",
        "battery": "GOOD",
        "spot_id": 2492407837,
        "source": "spot"
      }
    },
    {
      "type": "Feature",
      "geometry": {
        "type": "Point",
        "coordinates": [
          13.26372,
          45.82602
        ]
      },
      "properties": {
        "timestamp": "2026-08-31T14:33:03+0000",
        "type": "UNLIMITED-TRACK",
        "battery": "GOOD",
        "spot_id": 2492407807,
        "source": "spot"
      }
    },
    {
      "type": "Feature",
      "geometry": {
        "type": "Point",
        "coordinates": [
          13.33172,
          45.82942
        ]
      },
      "properties": {
        "timestamp": "2026-08-31T14:57:22+0000",
        "type": "UNLIMITED-TRACK",
        "battery": "GOOD",
        "spot_id": 2492419510,
        "source": "spot"
      }
    },
    {
      "type": "Feature",
      "geometry": {
        "type": "Point",
        "coordinates": [
          13.34777,
          45.82976
        ]
      },
      "properties": {
        "timestamp": "2026-08-31T15:02:22+0000",
        "type": "UNLIMITED-TRACK",
        "battery": "GOOD",
        "spot_id": 2492419509,
        "source": "spot"
      }
    },
    {
      "type": "Feature",
      "geometry": {
        "type": "Point",
        "coordinates": [
          13.36665,
          45.83461
        ]
      },
      "properties": {
        "timestamp": "2026-08-31T15:07:22+0000",
        "type": "UNLIMITED-TRACK",
        "battery": "GOOD",
        "spot_id": 2492419483,
        "source": "spot"
      }
    },
    {
      "type": "Feature",
      "geometry": {
        "type": "Point",
        "coordinates": [
          13.38618,
          45.83889
        ]
      },
      "properties": {
        "timestamp": "2026-08-31T15:12:23+0000",
        "type": "UNLIMITED-TRACK",
        "battery": "GOOD",
        "spot_id": 2492421483,
        "source": "spot"
      }
    },
    {
      "type": "Feature",
      "geometry": {
        "type": "Point",
        "coordinates": [
          13.4036,
          45.84389
        ]
      },
      "properties": {
        "timestamp": "2026-08-31T15:17:18+0000",
        "type": "UNLIMITED-TRACK",
        "battery": "GOOD",
        "spot_id": 2492423510,
        "source": "spot"
      }
    },
    {
      "type": "Feature",
      "geometry": {
        "type": "Point",
        "coordinates": [
          13.43495,
          45.86171
        ]
      },
      "properties": {
        "timestamp": "2026-08-31T15:27:10+0000",
        "type": "UNLIMITED-TRACK",
        "battery": "GOOD",
        "spot_id": 2492431686,
        "source": "spot"
      }
    },
    {
      "type": "Feature",
      "geometry": {
        "type": "Point",
        "coordinates": [
          13.45237,
          45.87171
        ]
      },
      "properties": {
        "timestamp": "2026-08-31T15:32:10+0000",
        "type": "UNLIMITED-TRACK",
        "battery": "GOOD",
        "spot_id": 2492431685,
        "source": "spot"
      }
    },
    {
      "type": "Feature",
      "geometry": {
        "type": "Point",
        "coordinates": [
          13.46439,
          45.87939
        ]
      },
      "properties": {
        "timestamp": "2026-08-31T15:37:10+0000",
        "type": "UNLIMITED-TRACK",
        "battery": "GOOD",
        "spot_id": 2492431652,
        "source": "spot"
      }
    },
    {
      "type": "Feature",
      "geometry": {
        "type": "Point",
        "coordinates": [
          13.48288,
          45.88047
        ]
      },
      "properties": {
        "timestamp": "2026-08-31T15:42:07+0000",
        "type": "UNLIMITED-TRACK",
        "battery": "GOOD",
        "spot_id": 2492437669,
        "source": "spot"
      }
    },
    {
      "type": "Feature",
      "geometry": {
        "type": "Point",
        "coordinates": [
          13.48089,
          45.87064
        ]
      },
      "properties": {
        "timestamp": "2026-08-31T15:47:06+0000",
        "type": "UNLIMITED-TRACK",
        "battery": "GOOD",
        "spot_id": 2492435643,
        "source": "spot"
      }
    },
    {
      "type": "Feature",
      "geometry": {
        "type": "Point",
        "coordinates": [
          13.48117,
          45.86755
        ]
      },
      "properties": {
        "timestamp": "2026-08-31T15:52:07+0000",
        "type": "UNLIMITED-TRACK",
        "battery": "GOOD",
        "spot_id": 2492437627,
        "source": "spot"
      }
    },
    {
      "type": "Feature",
      "geometry": {
        "type": "Point",
        "coordinates": [
          13.48097,
          45.86789
        ]
      },
      "properties": {
        "timestamp": "2026-08-31T15:57:02+0000",
        "type": "UNLIMITED-TRACK",
        "battery": "GOOD",
        "spot_id": 2492441770,
        "source": "spot"
      }
    },
    {
      "type": "Feature",
      "geometry": {
        "type": "Point",
        "coordinates": [
          13.48106,
          45.86793
        ]
      },
      "properties": {
        "timestamp": "2026-08-31T16:02:02+0000",
        "type": "UNLIMITED-TRACK",
        "battery": "GOOD",
        "spot_id": 2492441724,
        "source": "spot"
      }
    },
    {
      "type": "Feature",
      "geometry": {
        "type": "Point",
        "coordinates": [
          13.48619,
          45.85203
        ]
      },
      "properties": {
        "timestamp": "2026-08-31T16:19:21+0000",
        "type": "UNLIMITED-TRACK",
        "battery": "GOOD",
        "spot_id": 2492448809,
        "source": "spot"
      }
    },
    {
      "type": "Feature",
      "geometry": {
        "type": "Point",
        "coordinates": [
          13.49494,
          45.83817
        ]
      },
      "properties": {
        "timestamp": "2026-08-31T16:24:21+0000",
        "type": "UNLIMITED-TRACK",
        "battery": "GOOD",
        "spot_id": 2492450765,
        "source": "spot"
      }
    },
    {
      "type": "Feature",
      "geometry": {
        "type": "Point",
        "coordinates": [
          13.59809,
          45.77964
        ]
      },
      "properties": {
        "timestamp": "2026-08-31T17:03:57+0000",
        "type": "UNLIMITED-TRACK",
        "battery": "GOOD",
        "spot_id": 2492466259,
        "source": "spot"
      }
    },
    {
      "type": "Feature",
      "geometry": {
        "type": "Point",
        "coordinates": [
          13.66643,
          45.7435
        ]
      },
      "properties": {
        "timestamp": "2026-08-31T17:38:39+0000",
        "type": "UNLIMITED-TRACK",
        "battery": "GOOD",
        "spot_id": 2492481668,
        "source": "spot"
      }
    },
    {
      "type": "Feature",
      "geometry": {
        "type": "Point",
        "coordinates": [
          13.75068,
          45.68359
        ]
      },
      "properties": {
        "timestamp": "2026-08-31T18:08:26+0000",
        "type": "UNLIMITED-TRACK",
        "battery": "GOOD",
        "spot_id": 2492493753,
        "source": "spot"
      }
    },
    {
      "type": "Feature",
      "geometry": {
        "type": "Point",
        "coordinates": [
          13.76926,
          45.65193
        ]
      },
      "properties": {
        "timestamp": "2026-09-01T08:36:32+0000",
        "type": "UNLIMITED-TRACK",
        "battery": "GOOD",
        "spot_id": 2492758749,
        "source": "spot"
      }
    },
    {
      "type": "Feature",
      "geometry": {
        "type": "Point",
        "coordinates": [
          13.8302,
          45.64285
        ]
      },
      "properties": {
        "timestamp": "2026-09-01T09:21:10+0000",
        "type": "UNLIMITED-TRACK",
        "battery": "GOOD",
        "spot_id": 2492769249,
        "source": "spot"
      }
    },
    {
      "type": "Feature",
      "geometry": {
        "type": "Point",
        "coordinates": [
          13.88699,
          45.62374
        ]
      },
      "properties": {
        "timestamp": "2026-09-01T10:00:42+0000",
        "type": "UNLIMITED-TRACK",
        "battery": "GOOD",
        "spot_id": 2492780001,
        "source": "spot"
      }
    },
    {
      "type": "Feature",
      "geometry": {
        "type": "Point",
        "coordinates": [
          13.89429,
          45.6222
        ]
      },
      "properties": {
        "timestamp": "2026-09-01T10:05:42+0000",
        "type": "UNLIMITED-TRACK",
        "battery": "GOOD",
        "spot_id": 2492780000,
        "source": "spot"
      }
    },
    {
      "type": "Feature",
      "geometry": {
        "type": "Point",
        "coordinates": [
          13.89429,
          45.62211
        ]
      },
      "properties": {
        "timestamp": "2026-09-01T10:10:42+0000",
        "type": "UNLIMITED-TRACK",
        "battery": "GOOD",
        "spot_id": 2492779976,
        "source": "spot"
      }
    },
    {
      "type": "Feature",
      "geometry": {
        "type": "Point",
        "coordinates": [
          13.90017,
          45.61766
        ]
      },
      "properties": {
        "timestamp": "2026-09-01T11:03:43+0000",
        "type": "UNLIMITED-TRACK",
        "battery": "GOOD",
        "spot_id": 2492795874,
        "source": "spot"
      }
    },
    {
      "type": "Feature",
      "geometry": {
        "type": "Point",
        "coordinates": [
          13.9042,
          45.61581
        ]
      },
      "properties": {
        "timestamp": "2026-09-01T11:08:43+0000",
        "type": "UNLIMITED-TRACK",
        "battery": "GOOD",
        "spot_id": 2492795873,
        "source": "spot"
      }
    },
    {
      "type": "Feature",
      "geometry": {
        "type": "Point",
        "coordinates": [
          13.90652,
          45.618
        ]
      },
      "properties": {
        "timestamp": "2026-09-01T11:13:43+0000",
        "type": "UNLIMITED-TRACK",
        "battery": "GOOD",
        "spot_id": 2492795846,
        "source": "spot"
      }
    },
    {
      "type": "Feature",
      "geometry": {
        "type": "Point",
        "coordinates": [
          13.93461,
          45.60933
        ]
      },
      "properties": {
        "timestamp": "2026-09-01T11:28:38+0000",
        "type": "UNLIMITED-TRACK",
        "battery": "GOOD",
        "spot_id": 2492799626,
        "source": "spot"
      }
    },
    {
      "type": "Feature",
      "geometry": {
        "type": "Point",
        "coordinates": [
          13.97118,
          45.59529
        ]
      },
      "properties": {
        "timestamp": "2026-09-01T12:08:32+0000",
        "type": "UNLIMITED-TRACK",
        "battery": "GOOD",
        "spot_id": 2492815369,
        "source": "spot"
      }
    },
    {
      "type": "Feature",
      "geometry": {
        "type": "Point",
        "coordinates": [
          13.98137,
          45.58879
        ]
      },
      "properties": {
        "timestamp": "2026-09-01T12:13:35+0000",
        "type": "UNLIMITED-TRACK",
        "battery": "GOOD",
        "spot_id": 2492813669,
        "source": "spot"
      }
    },
    {
      "type": "Feature",
      "geometry": {
        "type": "Point",
        "coordinates": [
          13.99178,
          45.58276
        ]
      },
      "properties": {
        "timestamp": "2026-09-01T12:18:32+0000",
        "type": "UNLIMITED-TRACK",
        "battery": "GOOD",
        "spot_id": 2492815328,
        "source": "spot"
      }
    },
    {
      "type": "Feature",
      "geometry": {
        "type": "Point",
        "coordinates": [
          14.00439,
          45.57626
        ]
      },
      "properties": {
        "timestamp": "2026-09-01T12:23:30+0000",
        "type": "UNLIMITED-TRACK",
        "battery": "GOOD",
        "spot_id": 2492816887,
        "source": "spot"
      }
    },
    {
      "type": "Feature",
      "geometry": {
        "type": "Point",
        "coordinates": [
          14.01634,
          45.57004
        ]
      },
      "properties": {
        "timestamp": "2026-09-01T12:28:26+0000",
        "type": "UNLIMITED-TRACK",
        "battery": "GOOD",
        "spot_id": 2492820303,
        "source": "spot"
      }
    },
    {
      "type": "Feature",
      "geometry": {
        "type": "Point",
        "coordinates": [
          14.02913,
          45.56416
        ]
      },
      "properties": {
        "timestamp": "2026-09-01T12:33:26+0000",
        "type": "UNLIMITED-TRACK",
        "battery": "GOOD",
        "spot_id": 2492820260,
        "source": "spot"
      }
    },
    {
      "type": "Feature",
      "geometry": {
        "type": "Point",
        "coordinates": [
          14.06392,
          45.54836
        ]
      },
      "properties": {
        "timestamp": "2026-09-01T12:58:54+0000",
        "type": "UNLIMITED-TRACK",
        "battery": "GOOD",
        "spot_id": 2492829870,
        "source": "spot"
      }
    },
    {
      "type": "Feature",
      "geometry": {
        "type": "Point",
        "coordinates": [
          14.11552,
          45.5361
        ]
      },
      "properties": {
        "timestamp": "2026-09-01T13:52:02+0000",
        "type": "UNLIMITED-TRACK",
        "battery": "GOOD",
        "spot_id": 2492849978,
        "source": "spot"
      }
    },
    {
      "type": "Feature",
      "geometry": {
        "type": "Point",
        "coordinates": [
          14.13183,
          45.52615
        ]
      },
      "properties": {
        "timestamp": "2026-09-01T13:56:57+0000",
        "type": "UNLIMITED-TRACK",
        "battery": "GOOD",
        "spot_id": 2492854233,
        "source": "spot"
      }
    },
    {
      "type": "Feature",
      "geometry": {
        "type": "Point",
        "coordinates": [
          14.14084,
          45.52246
        ]
      },
      "properties": {
        "timestamp": "2026-09-01T14:01:57+0000",
        "type": "UNLIMITED-TRACK",
        "battery": "GOOD",
        "spot_id": 2492854154,
        "source": "spot"
      }
    },
    {
      "type": "Feature",
      "geometry": {
        "type": "Point",
        "coordinates": [
          14.17721,
          45.50288
        ]
      },
      "properties": {
        "timestamp": "2026-09-01T14:21:42+0000",
        "type": "UNLIMITED-TRACK",
        "battery": "GOOD",
        "spot_id": 2492866840,
        "source": "spot"
      }
    },
    {
      "type": "Feature",
      "geometry": {
        "type": "Point",
        "coordinates": [
          14.19043,
          45.49653
        ]
      },
      "properties": {
        "timestamp": "2026-09-01T14:26:42+0000",
        "type": "UNLIMITED-TRACK",
        "battery": "GOOD",
        "spot_id": 2492866839,
        "source": "spot"
      }
    },
    {
      "type": "Feature",
      "geometry": {
        "type": "Point",
        "coordinates": [
          14.19944,
          45.49327
        ]
      },
      "properties": {
        "timestamp": "2026-09-01T14:31:42+0000",
        "type": "UNLIMITED-TRACK",
        "battery": "GOOD",
        "spot_id": 2492866807,
        "source": "spot"
      }
    },
    {
      "type": "Feature",
      "geometry": {
        "type": "Point",
        "coordinates": [
          14.28429,
          45.44763
        ]
      },
      "properties": {
        "timestamp": "2026-09-01T15:06:32+0000",
        "type": "UNLIMITED-TRACK",
        "battery": "GOOD",
        "spot_id": 2492881947,
        "source": "spot"
      }
    },
    {
      "type": "Feature",
      "geometry": {
        "type": "Point",
        "coordinates": [
          14.29444,
          45.43101
        ]
      },
      "properties": {
        "timestamp": "2026-09-01T15:11:27+0000",
        "type": "UNLIMITED-TRACK",
        "battery": "GOOD",
        "spot_id": 2492885784,
        "source": "spot"
      }
    },
    {
      "type": "Feature",
      "geometry": {
        "type": "Point",
        "coordinates": [
          14.30319,
          45.42054
        ]
      },
      "properties": {
        "timestamp": "2026-09-01T15:16:27+0000",
        "type": "UNLIMITED-TRACK",
        "battery": "GOOD",
        "spot_id": 2492885733,
        "source": "spot"
      }
    },
    {
      "type": "Feature",
      "geometry": {
        "type": "Point",
        "coordinates": [
          14.30261,
          45.41513
        ]
      },
      "properties": {
        "timestamp": "2026-09-01T15:21:21+0000",
        "type": "UNLIMITED-TRACK",
        "battery": "GOOD",
        "spot_id": 2492887713,
        "source": "spot"
      }
    },
    {
      "type": "Feature",
      "geometry": {
        "type": "Point",
        "coordinates": [
          14.31469,
          45.38511
        ]
      },
      "properties": {
        "timestamp": "2026-09-01T16:38:09+0000",
        "type": "UNLIMITED-TRACK",
        "battery": "GOOD",
        "spot_id": 2492921055,
        "source": "spot"
      }
    },
    {
      "type": "Feature",
      "geometry": {
        "type": "Point",
        "coordinates": [
          14.34473,
          45.36348
        ]
      },
      "properties": {
        "timestamp": "2026-09-01T16:53:04+0000",
        "type": "UNLIMITED-TRACK",
        "battery": "GOOD",
        "spot_id": 2492926864,
        "source": "spot"
      }
    },
    {
      "type": "Feature",
      "geometry": {
        "type": "Point",
        "coordinates": [
          14.41049,
          45.34001
        ]
      },
      "properties": {
        "timestamp": "2026-09-01T17:07:57+0000",
        "type": "UNLIMITED-TRACK",
        "battery": "GOOD",
        "spot_id": 2492937385,
        "source": "spot"
      }
    },
    {
      "type": "Feature",
      "geometry": {
        "type": "Point",
        "coordinates": [
          14.43057,
          45.33078
        ]
      },
      "properties": {
        "timestamp": "2026-09-01T17:12:57+0000",
        "type": "UNLIMITED-TRACK",
        "battery": "GOOD",
        "spot_id": 2492937384,
        "source": "spot"
      }
    },
    {
      "type": "Feature",
      "geometry": {
        "type": "Point",
        "coordinates": [
          14.434,
          45.32954
        ]
      },
      "properties": {
        "timestamp": "2026-09-01T17:17:57+0000",
        "type": "UNLIMITED-TRACK",
        "battery": "GOOD",
        "spot_id": 2492937336,
        "source": "spot"
      }
    },
    {
      "type": "Feature",
      "geometry": {
        "type": "Point",
        "coordinates": [
          14.66885,
          45.22909
        ]
      },
      "properties": {
        "timestamp": "2026-09-02T11:36:41+0000",
        "type": "UNLIMITED-TRACK",
        "battery": "GOOD",
        "spot_id": 2493272870,
        "source": "spot"
      }
    },
    {
      "type": "Feature",
      "geometry": {
        "type": "Point",
        "coordinates": [
          14.67998,
          45.21864
        ]
      },
      "properties": {
        "timestamp": "2026-09-02T11:41:49+0000",
        "type": "UNLIMITED-TRACK",
        "battery": "GOOD",
        "spot_id": 2493276146,
        "source": "spot"
      }
    },
    {
      "type": "Feature",
      "geometry": {
        "type": "Point",
        "coordinates": [
          14.68934,
          45.20452
        ]
      },
      "properties": {
        "timestamp": "2026-09-02T11:46:49+0000",
        "type": "UNLIMITED-TRACK",
        "battery": "GOOD",
        "spot_id": 2493276106,
        "source": "spot"
      }
    },
    {
      "type": "Feature",
      "geometry": {
        "type": "Point",
        "coordinates": [
          14.69468,
          45.18123
        ]
      },
      "properties": {
        "timestamp": "2026-09-02T11:56:28+0000",
        "type": "UNLIMITED-TRACK",
        "battery": "GOOD",
        "spot_id": 2493281543,
        "source": "spot"
      }
    },
    {
      "type": "Feature",
      "geometry": {
        "type": "Point",
        "coordinates": [
          14.69614,
          45.1723
        ]
      },
      "properties": {
        "timestamp": "2026-09-02T12:01:28+0000",
        "type": "UNLIMITED-TRACK",
        "battery": "GOOD",
        "spot_id": 2493281542,
        "source": "spot"
      }
    },
    {
      "type": "Feature",
      "geometry": {
        "type": "Point",
        "coordinates": [
          14.69623,
          45.17221
        ]
      },
      "properties": {
        "timestamp": "2026-09-02T12:06:28+0000",
        "type": "UNLIMITED-TRACK",
        "battery": "GOOD",
        "spot_id": 2493281502,
        "source": "spot"
      }
    },
    {
      "type": "Feature",
      "geometry": {
        "type": "Point",
        "coordinates": [
          14.73578,
          45.15006
        ]
      },
      "properties": {
        "timestamp": "2026-09-02T12:50:13+0000",
        "type": "UNLIMITED-TRACK",
        "battery": "GOOD",
        "spot_id": 2493299857,
        "source": "spot"
      }
    },
    {
      "type": "Feature",
      "geometry": {
        "type": "Point",
        "coordinates": [
          14.75235,
          45.13916
        ]
      },
      "properties": {
        "timestamp": "2026-09-02T12:55:13+0000",
        "type": "UNLIMITED-TRACK",
        "battery": "GOOD",
        "spot_id": 2493299856,
        "source": "spot"
      }
    },
    {
      "type": "Feature",
      "geometry": {
        "type": "Point",
        "coordinates": [
          14.7708,
          45.13268
        ]
      },
      "properties": {
        "timestamp": "2026-09-02T13:00:13+0000",
        "type": "UNLIMITED-TRACK",
        "battery": "GOOD",
        "spot_id": 2493299824,
        "source": "spot"
      }
    },
    {
      "type": "Feature",
      "geometry": {
        "type": "Point",
        "coordinates": [
          14.79144,
          45.1254
        ]
      },
      "properties": {
        "timestamp": "2026-09-02T13:05:11+0000",
        "type": "UNLIMITED-TRACK",
        "battery": "GOOD",
        "spot_id": 2493303227,
        "source": "spot"
      }
    },
    {
      "type": "Feature",
      "geometry": {
        "type": "Point",
        "coordinates": [
          14.80861,
          45.12175
        ]
      },
      "properties": {
        "timestamp": "2026-09-02T13:10:11+0000",
        "type": "UNLIMITED-TRACK",
        "battery": "GOOD",
        "spot_id": 2493303203,
        "source": "spot"
      }
    },
    {
      "type": "Feature",
      "geometry": {
        "type": "Point",
        "coordinates": [
          14.82251,
          45.1162
        ]
      },
      "properties": {
        "timestamp": "2026-09-02T13:15:29+0000",
        "type": "UNLIMITED-TRACK",
        "battery": "GOOD",
        "spot_id": 2493305035,
        "source": "spot"
      }
    },
    {
      "type": "Feature",
      "geometry": {
        "type": "Point",
        "coordinates": [
          14.83225,
          45.11705
        ]
      },
      "properties": {
        "timestamp": "2026-09-02T13:20:03+0000",
        "type": "UNLIMITED-TRACK",
        "battery": "GOOD",
        "spot_id": 2493306940,
        "source": "spot"
      }
    },
    {
      "type": "Feature",
      "geometry": {
        "type": "Point",
        "coordinates": [
          14.85034,
          45.10165
        ]
      },
      "properties": {
        "timestamp": "2026-09-02T13:39:49+0000",
        "type": "UNLIMITED-TRACK",
        "battery": "GOOD",
        "spot_id": 2493319034,
        "source": "spot"
      }
    },
    {
      "type": "Feature",
      "geometry": {
        "type": "Point",
        "coordinates": [
          14.8504,
          45.10165
        ]
      },
      "properties": {
        "timestamp": "2026-09-02T13:44:55+0000",
        "type": "UNLIMITED-TRACK",
        "battery": "GOOD",
        "spot_id": 2493316913,
        "source": "spot"
      }
    },
    {
      "type": "Feature",
      "geometry": {
        "type": "Point",
        "coordinates": [
          14.85034,
          45.10161
        ]
      },
      "properties": {
        "timestamp": "2026-09-02T13:49:49+0000",
        "type": "UNLIMITED-TRACK",
        "battery": "GOOD",
        "spot_id": 2493318983,
        "source": "spot"
      }
    },
    {
      "type": "Feature",
      "geometry": {
        "type": "Point",
        "coordinates": [
          14.85206,
          45.0917
        ]
      },
      "properties": {
        "timestamp": "2026-09-02T13:54:47+0000",
        "type": "UNLIMITED-TRACK",
        "battery": "GOOD",
        "spot_id": 2493320830,
        "source": "spot"
      }
    },
    {
      "type": "Feature",
      "geometry": {
        "type": "Point",
        "coordinates": [
          14.85826,
          45.0741
        ]
      },
      "properties": {
        "timestamp": "2026-09-02T13:59:43+0000",
        "type": "UNLIMITED-TRACK",
        "battery": "GOOD",
        "spot_id": 2493322727,
        "source": "spot"
      }
    },
    {
      "type": "Feature",
      "geometry": {
        "type": "Point",
        "coordinates": [
          14.86596,
          45.06176
        ]
      },
      "properties": {
        "timestamp": "2026-09-02T14:04:43+0000",
        "type": "UNLIMITED-TRACK",
        "battery": "GOOD",
        "spot_id": 2493324491,
        "source": "spot"
      }
    },
    {
      "type": "Feature",
      "geometry": {
        "type": "Point",
        "coordinates": [
          14.87866,
          45.03968
        ]
      },
      "properties": {
        "timestamp": "2026-09-02T14:14:31+0000",
        "type": "UNLIMITED-TRACK",
        "battery": "GOOD",
        "spot_id": 2493332297,
        "source": "spot"
      }
    },
    {
      "type": "Feature",
      "geometry": {
        "type": "Point",
        "coordinates": [
          14.88218,
          45.03097
        ]
      },
      "properties": {
        "timestamp": "2026-09-02T14:19:31+0000",
        "type": "UNLIMITED-TRACK",
        "battery": "GOOD",
        "spot_id": 2493332295,
        "source": "spot"
      }
    },
    {
      "type": "Feature",
      "geometry": {
        "type": "Point",
        "coordinates": [
          14.8851,
          45.022
        ]
      },
      "properties": {
        "timestamp": "2026-09-02T14:24:31+0000",
        "type": "UNLIMITED-TRACK",
        "battery": "GOOD",
        "spot_id": 2493332248,
        "source": "spot"
      }
    },
    {
      "type": "Feature",
      "geometry": {
        "type": "Point",
        "coordinates": [
          14.89012,
          45.01325
        ]
      },
      "properties": {
        "timestamp": "2026-09-02T14:29:31+0000",
        "type": "UNLIMITED-TRACK",
        "battery": "GOOD",
        "spot_id": 2493336857,
        "source": "spot"
      }
    },
    {
      "type": "Feature",
      "geometry": {
        "type": "Point",
        "coordinates": [
          14.8957,
          45.00407
        ]
      },
      "properties": {
        "timestamp": "2026-09-02T14:34:31+0000",
        "type": "UNLIMITED-TRACK",
        "battery": "GOOD",
        "spot_id": 2493336819,
        "source": "spot"
      }
    },
    {
      "type": "Feature",
      "geometry": {
        "type": "Point",
        "coordinates": [
          14.90139,
          44.99177
        ]
      },
      "properties": {
        "timestamp": "2026-09-02T14:39:27+0000",
        "type": "UNLIMITED-TRACK",
        "battery": "GOOD",
        "spot_id": 2493343372,
        "source": "spot"
      }
    },
    {
      "type": "Feature",
      "geometry": {
        "type": "Point",
        "coordinates": [
          14.89819,
          44.98898
        ]
      },
      "properties": {
        "timestamp": "2026-09-02T14:44:28+0000",
        "type": "UNLIMITED-TRACK",
        "battery": "GOOD",
        "spot_id": 2493341130,
        "source": "spot"
      }
    },
    {
      "type": "Feature",
      "geometry": {
        "type": "Point",
        "coordinates": [
          14.89787,
          44.98864
        ]
      },
      "properties": {
        "timestamp": "2026-09-02T14:49:27+0000",
        "type": "UNLIMITED-TRACK",
        "battery": "GOOD",
        "spot_id": 2493343326,
        "source": "spot"
      }
    },
    {
      "type": "Feature",
      "geometry": {
        "type": "Point",
        "coordinates": [
          14.89821,
          44.98853
        ]
      },
      "properties": {
        "timestamp": "2026-09-02T15:09:24+0000",
        "type": "UNLIMITED-TRACK",
        "battery": "GOOD",
        "spot_id": 2493355813,
        "source": "spot"
      }
    },
    {
      "type": "Feature",
      "geometry": {
        "type": "Point",
        "coordinates": [
          14.90619,
          44.98407
        ]
      },
      "properties": {
        "timestamp": "2026-09-02T15:14:24+0000",
        "type": "UNLIMITED-TRACK",
        "battery": "GOOD",
        "spot_id": 2493355812,
        "source": "spot"
      }
    },
    {
      "type": "Feature",
      "geometry": {
        "type": "Point",
        "coordinates": [
          14.91572,
          44.9769
        ]
      },
      "properties": {
        "timestamp": "2026-09-02T15:19:24+0000",
        "type": "UNLIMITED-TRACK",
        "battery": "GOOD",
        "spot_id": 2493355776,
        "source": "spot"
      }
    },
    {
      "type": "Feature",
      "geometry": {
        "type": "Point",
        "coordinates": [
          14.92291,
          44.96897
        ]
      },
      "properties": {
        "timestamp": "2026-09-02T15:24:20+0000",
        "type": "UNLIMITED-TRACK",
        "battery": "GOOD",
        "spot_id": 2493359769,
        "source": "spot"
      }
    },
    {
      "type": "Feature",
      "geometry": {
        "type": "Point",
        "coordinates": [
          14.92712,
          44.95468
        ]
      },
      "properties": {
        "timestamp": "2026-09-02T15:29:20+0000",
        "type": "UNLIMITED-TRACK",
        "battery": "GOOD",
        "spot_id": 2493359717,
        "source": "spot"
      }
    },
    {
      "type": "Feature",
      "geometry": {
        "type": "Point",
        "coordinates": [
          14.92122,
          44.93263
        ]
      },
      "properties": {
        "timestamp": "2026-09-02T15:39:18+0000",
        "type": "UNLIMITED-TRACK",
        "battery": "GOOD",
        "spot_id": 2493364032,
        "source": "spot"
      }
    },
    {
      "type": "Feature",
      "geometry": {
        "type": "Point",
        "coordinates": [
          14.9134,
          44.914
        ]
      },
      "properties": {
        "timestamp": "2026-09-02T15:49:10+0000",
        "type": "UNLIMITED-TRACK",
        "battery": "GOOD",
        "spot_id": 2493367898,
        "source": "spot"
      }
    },
    {
      "type": "Feature",
      "geometry": {
        "type": "Point",
        "coordinates": [
          14.91405,
          44.90855
        ]
      },
      "properties": {
        "timestamp": "2026-09-02T15:54:07+0000",
        "type": "UNLIMITED-TRACK",
        "battery": "GOOD",
        "spot_id": 2493369603,
        "source": "spot"
      }
    },
    {
      "type": "Feature",
      "geometry": {
        "type": "Point",
        "coordinates": [
          14.91274,
          44.88984
        ]
      },
      "properties": {
        "timestamp": "2026-09-02T16:09:03+0000",
        "type": "UNLIMITED-TRACK",
        "battery": "GOOD",
        "spot_id": 2493374480,
        "source": "spot"
      }
    },
    {
      "type": "Feature",
      "geometry": {
        "type": "Point",
        "coordinates": [
          14.91154,
          44.88278
        ]
      },
      "properties": {
        "timestamp": "2026-09-02T16:13:56+0000",
        "type": "UNLIMITED-TRACK",
        "battery": "GOOD",
        "spot_id": 2493379792,
        "source": "spot"
      }
    },
    {
      "type": "Feature",
      "geometry": {
        "type": "Point",
        "coordinates": [
          14.90733,
          44.87634
        ]
      },
      "properties": {
        "timestamp": "2026-09-02T16:18:56+0000",
        "type": "UNLIMITED-TRACK",
        "battery": "GOOD",
        "spot_id": 2493379791,
        "source": "spot"
      }
    },
    {
      "type": "Feature",
      "geometry": {
        "type": "Point",
        "coordinates": [
          14.90587,
          44.869
        ]
      },
      "properties": {
        "timestamp": "2026-09-02T16:23:56+0000",
        "type": "UNLIMITED-TRACK",
        "battery": "GOOD",
        "spot_id": 2493379738,
        "source": "spot"
      }
    },
    {
      "type": "Feature",
      "geometry": {
        "type": "Point",
        "coordinates": [
          14.90613,
          44.86283
        ]
      },
      "properties": {
        "timestamp": "2026-09-02T16:28:48+0000",
        "type": "UNLIMITED-TRACK",
        "battery": "GOOD",
        "spot_id": 2493385801,
        "source": "spot"
      }
    },
    {
      "type": "Feature",
      "geometry": {
        "type": "Point",
        "coordinates": [
          14.90982,
          44.85828
        ]
      },
      "properties": {
        "timestamp": "2026-09-02T16:33:48+0000",
        "type": "UNLIMITED-TRACK",
        "battery": "GOOD",
        "spot_id": 2493385798,
        "source": "spot"
      }
    },
    {
      "type": "Feature",
      "geometry": {
        "type": "Point",
        "coordinates": [
          14.90785,
          44.85781
        ]
      },
      "properties": {
        "timestamp": "2026-09-02T16:38:48+0000",
        "type": "UNLIMITED-TRACK",
        "battery": "GOOD",
        "spot_id": 2493385734,
        "source": "spot"
      }
    },
    {
      "type": "Feature",
      "geometry": {
        "type": "Point",
        "coordinates": [
          14.90321,
          44.8432
        ]
      },
      "properties": {
        "timestamp": "2026-09-02T16:53:41+0000",
        "type": "UNLIMITED-TRACK",
        "battery": "GOOD",
        "spot_id": 2493392232,
        "source": "spot"
      }
    },
    {
      "type": "Feature",
      "geometry": {
        "type": "Point",
        "coordinates": [
          14.9071,
          44.82479
        ]
      },
      "properties": {
        "timestamp": "2026-09-02T17:03:51+0000",
        "type": "UNLIMITED-TRACK",
        "battery": "GOOD",
        "spot_id": 2493400576,
        "source": "spot"
      }
    },
    {
      "type": "Feature",
      "geometry": {
        "type": "Point",
        "coordinates": [
          14.90126,
          44.81887
        ]
      },
      "properties": {
        "timestamp": "2026-09-02T17:08:51+0000",
        "type": "UNLIMITED-TRACK",
        "battery": "GOOD",
        "spot_id": 2493400573,
        "source": "spot"
      }
    },
    {
      "type": "Feature",
      "geometry": {
        "type": "Point",
        "coordinates": [
          14.8998,
          44.80213
        ]
      },
      "properties": {
        "timestamp": "2026-09-02T17:13:51+0000",
        "type": "UNLIMITED-TRACK",
        "battery": "GOOD",
        "spot_id": 2493400531,
        "source": "spot"
      }
    },
    {
      "type": "Feature",
      "geometry": {
        "type": "Point",
        "coordinates": [
          14.89963,
          44.8023
        ]
      },
      "properties": {
        "timestamp": "2026-09-02T17:18:28+0000",
        "type": "UNLIMITED-TRACK",
        "battery": "GOOD",
        "spot_id": 2493402678,
        "source": "spot"
      }
    },
    {
      "type": "Feature",
      "geometry": {
        "type": "Point",
        "coordinates": [
          14.89963,
          44.8023
        ]
      },
      "properties": {
        "timestamp": "2026-09-02T17:52:27+0000",
        "type": "OK",
        "battery": "GOOD",
        "spot_id": 2493417836,
        "source": "spot"
      }
    },
    {
      "type": "Feature",
      "geometry": {
        "type": "Point",
        "coordinates": [
          14.90064,
          44.80256
        ]
      },
      "properties": {
        "timestamp": "2026-09-03T05:34:36+0000",
        "type": "UNLIMITED-TRACK",
        "battery": "GOOD",
        "spot_id": 2493647890,
        "source": "spot"
      }
    },
    {
      "type": "Feature",
      "geometry": {
        "type": "Point",
        "coordinates": [
          14.90021,
          44.80233
        ]
      },
      "properties": {
        "timestamp": "2026-09-03T05:44:07+0000",
        "type": "UNLIMITED-TRACK",
        "battery": "GOOD",
        "spot_id": 2493652804,
        "source": "spot"
      }
    },
    {
      "type": "Feature",
      "geometry": {
        "type": "Point",
        "coordinates": [
          14.90278,
          44.79795
        ]
      },
      "properties": {
        "timestamp": "2026-09-03T05:49:07+0000",
        "type": "UNLIMITED-TRACK",
        "battery": "GOOD",
        "spot_id": 2493652803,
        "source": "spot"
      }
    },
    {
      "type": "Feature",
      "geometry": {
        "type": "Point",
        "coordinates": [
          14.89952,
          44.78636
        ]
      },
      "properties": {
        "timestamp": "2026-09-03T05:54:07+0000",
        "type": "UNLIMITED-TRACK",
        "battery": "GOOD",
        "spot_id": 2493652774,
        "source": "spot"
      }
    },
    {
      "type": "Feature",
      "geometry": {
        "type": "Point",
        "coordinates": [
          14.91025,
          44.74611
        ]
      },
      "properties": {
        "timestamp": "2026-09-03T06:13:40+0000",
        "type": "UNLIMITED-TRACK",
        "battery": "GOOD",
        "spot_id": 2493659888,
        "source": "spot"
      }
    },
    {
      "type": "Feature",
      "geometry": {
        "type": "Point",
        "coordinates": [
          14.91514,
          44.73624
        ]
      },
      "properties": {
        "timestamp": "2026-09-03T06:18:40+0000",
        "type": "UNLIMITED-TRACK",
        "battery": "GOOD",
        "spot_id": 2493659887,
        "source": "spot"
      }
    },
    {
      "type": "Feature",
      "geometry": {
        "type": "Point",
        "coordinates": [
          14.91737,
          44.72654
        ]
      },
      "properties": {
        "timestamp": "2026-09-03T06:23:40+0000",
        "type": "UNLIMITED-TRACK",
        "battery": "GOOD",
        "spot_id": 2493659864,
        "source": "spot"
      }
    },
    {
      "type": "Feature",
      "geometry": {
        "type": "Point",
        "coordinates": [
          14.92192,
          44.69861
        ]
      },
      "properties": {
        "timestamp": "2026-09-03T06:38:29+0000",
        "type": "UNLIMITED-TRACK",
        "battery": "GOOD",
        "spot_id": 2493666560,
        "source": "spot"
      }
    },
    {
      "type": "Feature",
      "geometry": {
        "type": "Point",
        "coordinates": [
          14.92787,
          44.69086
        ]
      },
      "properties": {
        "timestamp": "2026-09-03T06:43:30+0000",
        "type": "UNLIMITED-TRACK",
        "battery": "GOOD",
        "spot_id": 2493665353,
        "source": "spot"
      }
    },
    {
      "type": "Feature",
      "geometry": {
        "type": "Point",
        "coordinates": [
          14.93626,
          44.68281
        ]
      },
      "properties": {
        "timestamp": "2026-09-03T06:48:29+0000",
        "type": "UNLIMITED-TRACK",
        "battery": "GOOD",
        "spot_id": 2493666534,
        "source": "spot"
      }
    },
    {
      "type": "Feature",
      "geometry": {
        "type": "Point",
        "coordinates": [
          14.9422,
          44.67466
        ]
      },
      "properties": {
        "timestamp": "2026-09-03T06:53:21+0000",
        "type": "UNLIMITED-TRACK",
        "battery": "GOOD",
        "spot_id": 2493670191,
        "source": "spot"
      }
    },
    {
      "type": "Feature",
      "geometry": {
        "type": "Point",
        "coordinates": [
          14.94744,
          44.6626
        ]
      },
      "properties": {
        "timestamp": "2026-09-03T06:58:21+0000",
        "type": "UNLIMITED-TRACK",
        "battery": "GOOD",
        "spot_id": 2493670190,
        "source": "spot"
      }
    },
    {
      "type": "Feature",
      "geometry": {
        "type": "Point",
        "coordinates": [
          14.95413,
          44.6544
        ]
      },
      "properties": {
        "timestamp": "2026-09-03T07:03:21+0000",
        "type": "UNLIMITED-TRACK",
        "battery": "GOOD",
        "spot_id": 2493670156,
        "source": "spot"
      }
    },
    {
      "type": "Feature",
      "geometry": {
        "type": "Point",
        "coordinates": [
          14.96082,
          44.6429
        ]
      },
      "properties": {
        "timestamp": "2026-09-03T07:08:23+0000",
        "type": "UNLIMITED-TRACK",
        "battery": "GOOD",
        "spot_id": 2493671317,
        "source": "spot"
      }
    },
    {
      "type": "Feature",
      "geometry": {
        "type": "Point",
        "coordinates": [
          14.97623,
          44.61696
        ]
      },
      "properties": {
        "timestamp": "2026-09-03T07:18:08+0000",
        "type": "UNLIMITED-TRACK",
        "battery": "GOOD",
        "spot_id": 2493675654,
        "source": "spot"
      }
    },
    {
      "type": "Feature",
      "geometry": {
        "type": "Point",
        "coordinates": [
          14.98078,
          44.61254
        ]
      },
      "properties": {
        "timestamp": "2026-09-03T07:23:08+0000",
        "type": "UNLIMITED-TRACK",
        "battery": "GOOD",
        "spot_id": 2493675653,
        "source": "spot"
      }
    },
    {
      "type": "Feature",
      "geometry": {
        "type": "Point",
        "coordinates": [
          14.98911,
          44.60327
        ]
      },
      "properties": {
        "timestamp": "2026-09-03T07:28:08+0000",
        "type": "UNLIMITED-TRACK",
        "battery": "GOOD",
        "spot_id": 2493675635,
        "source": "spot"
      }
    },
    {
      "type": "Feature",
      "geometry": {
        "type": "Point",
        "coordinates": [
          14.99353,
          44.59315
        ]
      },
      "properties": {
        "timestamp": "2026-09-03T07:33:20+0000",
        "type": "UNLIMITED-TRACK",
        "battery": "GOOD",
        "spot_id": 2493676722,
        "source": "spot"
      }
    },
    {
      "type": "Feature",
      "geometry": {
        "type": "Point",
        "coordinates": [
          15.00569,
          44.58174
        ]
      },
      "properties": {
        "timestamp": "2026-09-03T07:38:02+0000",
        "type": "UNLIMITED-TRACK",
        "battery": "GOOD",
        "spot_id": 2493678051,
        "source": "spot"
      }
    },
    {
      "type": "Feature",
      "geometry": {
        "type": "Point",
        "coordinates": [
          15.0246,
          44.5629
        ]
      },
      "properties": {
        "timestamp": "2026-09-03T07:42:52+0000",
        "type": "UNLIMITED-TRACK",
        "battery": "GOOD",
        "spot_id": 2493681342,
        "source": "spot"
      }
    },
    {
      "type": "Feature",
      "geometry": {
        "type": "Point",
        "coordinates": [
          15.03215,
          44.56024
        ]
      },
      "properties": {
        "timestamp": "2026-09-03T07:47:52+0000",
        "type": "UNLIMITED-TRACK",
        "battery": "GOOD",
        "spot_id": 2493681341,
        "source": "spot"
      }
    },
    {
      "type": "Feature",
      "geometry": {
        "type": "Point",
        "coordinates": [
          15.03764,
          44.55385
        ]
      },
      "properties": {
        "timestamp": "2026-09-03T07:52:52+0000",
        "type": "UNLIMITED-TRACK",
        "battery": "GOOD",
        "spot_id": 2493681316,
        "source": "spot"
      }
    },
    {
      "type": "Feature",
      "geometry": {
        "type": "Point",
        "coordinates": [
          15.04127,
          44.55294
        ]
      },
      "properties": {
        "timestamp": "2026-09-03T08:17:03+0000",
        "type": "UNLIMITED-TRACK",
        "battery": "GOOD",
        "spot_id": 2493689001,
        "source": "spot"
      }
    },
    {
      "type": "Feature",
      "geometry": {
        "type": "Point",
        "coordinates": [
          15.05063,
          44.54449
        ]
      },
      "properties": {
        "timestamp": "2026-09-03T08:22:03+0000",
        "type": "UNLIMITED-TRACK",
        "battery": "GOOD",
        "spot_id": 2493688999,
        "source": "spot"
      }
    },
    {
      "type": "Feature",
      "geometry": {
        "type": "Point",
        "coordinates": [
          15.06007,
          44.5378
        ]
      },
      "properties": {
        "timestamp": "2026-09-03T08:27:03+0000",
        "type": "UNLIMITED-TRACK",
        "battery": "GOOD",
        "spot_id": 2493688979,
        "source": "spot"
      }
    },
    {
      "type": "Feature",
      "geometry": {
        "type": "Point",
        "coordinates": [
          15.06874,
          44.53259
        ]
      },
      "properties": {
        "timestamp": "2026-09-03T08:32:22+0000",
        "type": "UNLIMITED-TRACK",
        "battery": "GOOD",
        "spot_id": 2493690165,
        "source": "spot"
      }
    },
    {
      "type": "Feature",
      "geometry": {
        "type": "Point",
        "coordinates": [
          15.07451,
          44.52443
        ]
      },
      "properties": {
        "timestamp": "2026-09-03T08:36:57+0000",
        "type": "UNLIMITED-TRACK",
        "battery": "GOOD",
        "spot_id": 2493692087,
        "source": "spot"
      }
    },
    {
      "type": "Feature",
      "geometry": {
        "type": "Point",
        "coordinates": [
          15.07185,
          44.52653
        ]
      },
      "properties": {
        "timestamp": "2026-09-03T08:41:57+0000",
        "type": "UNLIMITED-TRACK",
        "battery": "GOOD",
        "spot_id": 2493692064,
        "source": "spot"
      }
    },
    {
      "type": "Feature",
      "geometry": {
        "type": "Point",
        "coordinates": [
          15.07172,
          44.52634
        ]
      },
      "properties": {
        "timestamp": "2026-09-03T08:46:55+0000",
        "type": "UNLIMITED-TRACK",
        "battery": "GOOD",
        "spot_id": 2493693258,
        "source": "spot"
      }
    },
    {
      "type": "Feature",
      "geometry": {
        "type": "Point",
        "coordinates": [
          15.0718,
          44.52649
        ]
      },
      "properties": {
        "timestamp": "2026-09-03T08:51:52+0000",
        "type": "UNLIMITED-TRACK",
        "battery": "GOOD",
        "spot_id": 2493694486,
        "source": "spot"
      }
    },
    {
      "type": "Feature",
      "geometry": {
        "type": "Point",
        "coordinates": [
          15.0735,
          44.52418
        ]
      },
      "properties": {
        "timestamp": "2026-09-03T09:27:50+0000",
        "type": "UNLIMITED-TRACK",
        "battery": "GOOD",
        "spot_id": 2493701607,
        "source": "spot"
      }
    },
    {
      "type": "Feature",
      "geometry": {
        "type": "Point",
        "coordinates": [
          15.08052,
          44.52236
        ]
      },
      "properties": {
        "timestamp": "2026-09-03T09:33:19+0000",
        "type": "UNLIMITED-TRACK",
        "battery": "GOOD",
        "spot_id": 2493702820,
        "source": "spot"
      }
    },
    {
      "type": "Feature",
      "geometry": {
        "type": "Point",
        "coordinates": [
          15.08901,
          44.5174
        ]
      },
      "properties": {
        "timestamp": "2026-09-03T09:37:46+0000",
        "type": "UNLIMITED-TRACK",
        "battery": "GOOD",
        "spot_id": 2493705022,
        "source": "spot"
      }
    },
    {
      "type": "Feature",
      "geometry": {
        "type": "Point",
        "coordinates": [
          15.10017,
          44.51367
        ]
      },
      "properties": {
        "timestamp": "2026-09-03T09:42:46+0000",
        "type": "UNLIMITED-TRACK",
        "battery": "GOOD",
        "spot_id": 2493704998,
        "source": "spot"
      }
    },
    {
      "type": "Feature",
      "geometry": {
        "type": "Point",
        "coordinates": [
          15.10757,
          44.50525
        ]
      },
      "properties": {
        "timestamp": "2026-09-03T09:47:42+0000",
        "type": "UNLIMITED-TRACK",
        "battery": "GOOD",
        "spot_id": 2493707902,
        "source": "spot"
      }
    },
    {
      "type": "Feature",
      "geometry": {
        "type": "Point",
        "coordinates": [
          15.1138,
          44.49852
        ]
      },
      "properties": {
        "timestamp": "2026-09-03T09:52:44+0000",
        "type": "UNLIMITED-TRACK",
        "battery": "GOOD",
        "spot_id": 2493706691,
        "source": "spot"
      }
    },
    {
      "type": "Feature",
      "geometry": {
        "type": "Point",
        "coordinates": [
          15.12019,
          44.48941
        ]
      },
      "properties": {
        "timestamp": "2026-09-03T09:57:42+0000",
        "type": "UNLIMITED-TRACK",
        "battery": "GOOD",
        "spot_id": 2493707885,
        "source": "spot"
      }
    },
    {
      "type": "Feature",
      "geometry": {
        "type": "Point",
        "coordinates": [
          15.13156,
          44.48316
        ]
      },
      "properties": {
        "timestamp": "2026-09-03T10:07:37+0000",
        "type": "UNLIMITED-TRACK",
        "battery": "GOOD",
        "spot_id": 2493709803,
        "source": "spot"
      }
    },
    {
      "type": "Feature",
      "geometry": {
        "type": "Point",
        "coordinates": [
          15.14107,
          44.47968
        ]
      },
      "properties": {
        "timestamp": "2026-09-03T10:12:32+0000",
        "type": "UNLIMITED-TRACK",
        "battery": "GOOD",
        "spot_id": 2493711937,
        "source": "spot"
      }
    },
    {
      "type": "Feature",
      "geometry": {
        "type": "Point",
        "coordinates": [
          15.1451,
          44.47509
        ]
      },
      "properties": {
        "timestamp": "2026-09-03T10:17:32+0000",
        "type": "UNLIMITED-TRACK",
        "battery": "GOOD",
        "spot_id": 2493711919,
        "source": "spot"
      }
    },
    {
      "type": "Feature",
      "geometry": {
        "type": "Point",
        "coordinates": [
          15.15294,
          44.4697
        ]
      },
      "properties": {
        "timestamp": "2026-09-03T10:22:30+0000",
        "type": "UNLIMITED-TRACK",
        "battery": "GOOD",
        "spot_id": 2493713006,
        "source": "spot"
      }
    },
    {
      "type": "Feature",
      "geometry": {
        "type": "Point",
        "coordinates": [
          15.16723,
          44.45812
        ]
      },
      "properties": {
        "timestamp": "2026-09-03T10:27:28+0000",
        "type": "UNLIMITED-TRACK",
        "battery": "GOOD",
        "spot_id": 2493714154,
        "source": "spot"
      }
    },
    {
      "type": "Feature",
      "geometry": {
        "type": "Point",
        "coordinates": [
          15.1812,
          44.45137
        ]
      },
      "properties": {
        "timestamp": "2026-09-03T10:32:55+0000",
        "type": "UNLIMITED-TRACK",
        "battery": "GOOD",
        "spot_id": 2493715437,
        "source": "spot"
      }
    },
    {
      "type": "Feature",
      "geometry": {
        "type": "Point",
        "coordinates": [
          15.18752,
          44.44469
        ]
      },
      "properties": {
        "timestamp": "2026-09-03T10:37:21+0000",
        "type": "UNLIMITED-TRACK",
        "battery": "GOOD",
        "spot_id": 2493717294,
        "source": "spot"
      }
    },
    {
      "type": "Feature",
      "geometry": {
        "type": "Point",
        "coordinates": [
          15.19147,
          44.44001
        ]
      },
      "properties": {
        "timestamp": "2026-09-03T10:42:21+0000",
        "type": "UNLIMITED-TRACK",
        "battery": "GOOD",
        "spot_id": 2493717275,
        "source": "spot"
      }
    },
    {
      "type": "Feature",
      "geometry": {
        "type": "Point",
        "coordinates": [
          15.19154,
          44.44002
        ]
      },
      "properties": {
        "timestamp": "2026-09-03T10:47:15+0000",
        "type": "UNLIMITED-TRACK",
        "battery": "GOOD",
        "spot_id": 2493720408,
        "source": "spot"
      }
    },
    {
      "type": "Feature",
      "geometry": {
        "type": "Point",
        "coordinates": [
          15.19145,
          44.44006
        ]
      },
      "properties": {
        "timestamp": "2026-09-03T10:52:15+0000",
        "type": "UNLIMITED-TRACK",
        "battery": "GOOD",
        "spot_id": 2493720407,
        "source": "spot"
      }
    },
    {
      "type": "Feature",
      "geometry": {
        "type": "Point",
        "coordinates": [
          15.19334,
          44.43757
        ]
      },
      "properties": {
        "timestamp": "2026-09-03T10:57:15+0000",
        "type": "UNLIMITED-TRACK",
        "battery": "GOOD",
        "spot_id": 2493720376,
        "source": "spot"
      }
    },
    {
      "type": "Feature",
      "geometry": {
        "type": "Point",
        "coordinates": [
          15.21336,
          44.42755
        ]
      },
      "properties": {
        "timestamp": "2026-09-03T11:02:13+0000",
        "type": "UNLIMITED-TRACK",
        "battery": "GOOD",
        "spot_id": 2493721845,
        "source": "spot"
      }
    },
    {
      "type": "Feature",
      "geometry": {
        "type": "Point",
        "coordinates": [
          15.22559,
          44.41352
        ]
      },
      "properties": {
        "timestamp": "2026-09-03T11:07:07+0000",
        "type": "UNLIMITED-TRACK",
        "battery": "GOOD",
        "spot_id": 2493725529,
        "source": "spot"
      }
    },
    {
      "type": "Feature",
      "geometry": {
        "type": "Point",
        "coordinates": [
          15.23778,
          44.40279
        ]
      },
      "properties": {
        "timestamp": "2026-09-03T11:12:07+0000",
        "type": "UNLIMITED-TRACK",
        "battery": "GOOD",
        "spot_id": 2493725528,
        "source": "spot"
      }
    },
    {
      "type": "Feature",
      "geometry": {
        "type": "Point",
        "coordinates": [
          15.24885,
          44.39129
        ]
      },
      "properties": {
        "timestamp": "2026-09-03T11:17:07+0000",
        "type": "UNLIMITED-TRACK",
        "battery": "GOOD",
        "spot_id": 2493725507,
        "source": "spot"
      }
    },
    {
      "type": "Feature",
      "geometry": {
        "type": "Point",
        "coordinates": [
          15.26125,
          44.38358
        ]
      },
      "properties": {
        "timestamp": "2026-09-03T11:22:05+0000",
        "type": "UNLIMITED-TRACK",
        "battery": "GOOD",
        "spot_id": 2493726807,
        "source": "spot"
      }
    },
    {
      "type": "Feature",
      "geometry": {
        "type": "Point",
        "coordinates": [
          15.30378,
          44.35734
        ]
      },
      "properties": {
        "timestamp": "2026-09-03T11:37:02+0000",
        "type": "UNLIMITED-TRACK",
        "battery": "GOOD",
        "spot_id": 2493731251,
        "source": "spot"
      }
    },
    {
      "type": "Feature",
      "geometry": {
        "type": "Point",
        "coordinates": [
          15.31578,
          44.34998
        ]
      },
      "properties": {
        "timestamp": "2026-09-03T11:41:56+0000",
        "type": "UNLIMITED-TRACK",
        "battery": "GOOD",
        "spot_id": 2493732867,
        "source": "spot"
      }
    },
    {
      "type": "Feature",
      "geometry": {
        "type": "Point",
        "coordinates": [
          15.3158,
          44.35005
        ]
      },
      "properties": {
        "timestamp": "2026-09-03T11:46:56+0000",
        "type": "UNLIMITED-TRACK",
        "battery": "GOOD",
        "spot_id": 2493734467,
        "source": "spot"
      }
    },
    {
      "type": "Feature",
      "geometry": {
        "type": "Point",
        "coordinates": [
          15.31584,
          44.34998
        ]
      },
      "properties": {
        "timestamp": "2026-09-03T11:51:53+0000",
        "type": "UNLIMITED-TRACK",
        "battery": "GOOD",
        "spot_id": 2493735852,
        "source": "spot"
      }
    },
    {
      "type": "Feature",
      "geometry": {
        "type": "Point",
        "coordinates": [
          15.33689,
          44.34094
        ]
      },
      "properties": {
        "timestamp": "2026-09-03T12:18:48+0000",
        "type": "UNLIMITED-TRACK",
        "battery": "GOOD",
        "spot_id": 2493744714,
        "source": "spot"
      }
    },
    {
      "type": "Feature",
      "geometry": {
        "type": "Point",
        "coordinates": [
          15.3604,
          44.33192
        ]
      },
      "properties": {
        "timestamp": "2026-09-03T12:24:03+0000",
        "type": "UNLIMITED-TRACK",
        "battery": "GOOD",
        "spot_id": 2493750465,
        "source": "spot"
      }
    },
    {
      "type": "Feature",
      "geometry": {
        "type": "Point",
        "coordinates": [
          15.38194,
          44.32583
        ]
      },
      "properties": {
        "timestamp": "2026-09-03T12:29:03+0000",
        "type": "UNLIMITED-TRACK",
        "battery": "GOOD",
        "spot_id": 2493750464,
        "source": "spot"
      }
    },
    {
      "type": "Feature",
      "geometry": {
        "type": "Point",
        "coordinates": [
          15.40305,
          44.31974
        ]
      },
      "properties": {
        "timestamp": "2026-09-03T12:34:03+0000",
        "type": "UNLIMITED-TRACK",
        "battery": "GOOD",
        "spot_id": 2493750425,
        "source": "spot"
      }
    },
    {
      "type": "Feature",
      "geometry": {
        "type": "Point",
        "coordinates": [
          15.4208,
          44.31317
        ]
      },
      "properties": {
        "timestamp": "2026-09-03T12:38:28+0000",
        "type": "UNLIMITED-TRACK",
        "battery": "GOOD",
        "spot_id": 2493755157,
        "source": "spot"
      }
    },
    {
      "type": "Feature",
      "geometry": {
        "type": "Point",
        "coordinates": [
          15.43925,
          44.29454
        ]
      },
      "properties": {
        "timestamp": "2026-09-03T12:43:28+0000",
        "type": "UNLIMITED-TRACK",
        "battery": "GOOD",
        "spot_id": 2493755156,
        "source": "spot"
      }
    },
    {
      "type": "Feature",
      "geometry": {
        "type": "Point",
        "coordinates": [
          15.43925,
          44.29377
        ]
      },
      "properties": {
        "timestamp": "2026-09-03T12:48:28+0000",
        "type": "UNLIMITED-TRACK",
        "battery": "GOOD",
        "spot_id": 2493755122,
        "source": "spot"
      }
    },
    {
      "type": "Feature",
      "geometry": {
        "type": "Point",
        "coordinates": [
          15.43918,
          44.29372
        ]
      },
      "properties": {
        "timestamp": "2026-09-03T12:53:21+0000",
        "type": "UNLIMITED-TRACK",
        "battery": "GOOD",
        "spot_id": 2493758383,
        "source": "spot"
      }
    },
    {
      "type": "Feature",
      "geometry": {
        "type": "Point",
        "coordinates": [
          15.43918,
          44.29372
        ]
      },
      "properties": {
        "timestamp": "2026-09-03T12:58:21+0000",
        "type": "UNLIMITED-TRACK",
        "battery": "GOOD",
        "spot_id": 2493758342,
        "source": "spot"
      }
    },
    {
      "type": "Feature",
      "geometry": {
        "type": "Point",
        "coordinates": [
          15.44171,
          44.29254
        ]
      },
      "properties": {
        "timestamp": "2026-09-03T14:23:46+0000",
        "type": "UNLIMITED-TRACK",
        "battery": "GOOD",
        "spot_id": 2493795336,
        "source": "spot"
      }
    },
    {
      "type": "Feature",
      "geometry": {
        "type": "Point",
        "coordinates": [
          15.45793,
          44.28409
        ]
      },
      "properties": {
        "timestamp": "2026-09-03T14:28:46+0000",
        "type": "UNLIMITED-TRACK",
        "battery": "GOOD",
        "spot_id": 2493795334,
        "source": "spot"
      }
    },
    {
      "type": "Feature",
      "geometry": {
        "type": "Point",
        "coordinates": [
          15.47956,
          44.27473
        ]
      },
      "properties": {
        "timestamp": "2026-09-03T14:33:46+0000",
        "type": "UNLIMITED-TRACK",
        "battery": "GOOD",
        "spot_id": 2493795288,
        "source": "spot"
      }
    },
    {
      "type": "Feature",
      "geometry": {
        "type": "Point",
        "coordinates": [
          15.50707,
          44.27365
        ]
      },
      "properties": {
        "timestamp": "2026-09-03T14:38:44+0000",
        "type": "UNLIMITED-TRACK",
        "battery": "GOOD",
        "spot_id": 2493797399,
        "source": "spot"
      }
    },
    {
      "type": "Feature",
      "geometry": {
        "type": "Point",
        "coordinates": [
          15.52993,
          44.26499
        ]
      },
      "properties": {
        "timestamp": "2026-09-03T14:43:39+0000",
        "type": "UNLIMITED-TRACK",
        "battery": "GOOD",
        "spot_id": 2493800945,
        "source": "spot"
      }
    },
    {
      "type": "Feature",
      "geometry": {
        "type": "Point",
        "coordinates": [
          15.53731,
          44.25782
        ]
      },
      "properties": {
        "timestamp": "2026-09-03T14:48:39+0000",
        "type": "UNLIMITED-TRACK",
        "battery": "GOOD",
        "spot_id": 2493800918,
        "source": "spot"
      }
    },
    {
      "type": "Feature",
      "geometry": {
        "type": "Point",
        "coordinates": [
          15.54308,
          44.24745
        ]
      },
      "properties": {
        "timestamp": "2026-09-03T14:53:40+0000",
        "type": "UNLIMITED-TRACK",
        "battery": "GOOD",
        "spot_id": 2493802762,
        "source": "spot"
      }
    },
    {
      "type": "Feature",
      "geometry": {
        "type": "Point",
        "coordinates": [
          15.53516,
          44.23941
        ]
      },
      "properties": {
        "timestamp": "2026-09-03T15:08:31+0000",
        "type": "UNLIMITED-TRACK",
        "battery": "GOOD",
        "spot_id": 2493812806,
        "source": "spot"
      }
    },
    {
      "type": "Feature",
      "geometry": {
        "type": "Point",
        "coordinates": [
          15.53173,
          44.22967
        ]
      },
      "properties": {
        "timestamp": "2026-09-03T15:13:31+0000",
        "type": "UNLIMITED-TRACK",
        "battery": "GOOD",
        "spot_id": 2493812805,
        "source": "spot"
      }
    },
    {
      "type": "Feature",
      "geometry": {
        "type": "Point",
        "coordinates": [
          15.53173,
          44.22963
        ]
      },
      "properties": {
        "timestamp": "2026-09-03T15:18:31+0000",
        "type": "UNLIMITED-TRACK",
        "battery": "GOOD",
        "spot_id": 2493812765,
        "source": "spot"
      }
    },
    {
      "type": "Feature",
      "geometry": {
        "type": "Point",
        "coordinates": [
          15.51969,
          44.22271
        ]
      },
      "properties": {
        "timestamp": "2026-09-03T15:23:51+0000",
        "type": "UNLIMITED-TRACK",
        "battery": "GOOD",
        "spot_id": 2493815108,
        "source": "spot"
      }
    },
    {
      "type": "Feature",
      "geometry": {
        "type": "Point",
        "coordinates": [
          15.48295,
          44.19897
        ]
      },
      "properties": {
        "timestamp": "2026-09-03T15:43:15+0000",
        "type": "UNLIMITED-TRACK",
        "battery": "GOOD",
        "spot_id": 2493827819,
        "source": "spot"
      }
    },
    {
      "type": "Feature",
      "geometry": {
        "type": "Point",
        "coordinates": [
          15.50175,
          44.1858
        ]
      },
      "properties": {
        "timestamp": "2026-09-03T15:48:15+0000",
        "type": "UNLIMITED-TRACK",
        "battery": "GOOD",
        "spot_id": 2493827818,
        "source": "spot"
      }
    },
    {
      "type": "Feature",
      "geometry": {
        "type": "Point",
        "coordinates": [
          15.52201,
          44.1752
        ]
      },
      "properties": {
        "timestamp": "2026-09-03T15:53:15+0000",
        "type": "UNLIMITED-TRACK",
        "battery": "GOOD",
        "spot_id": 2493827766,
        "source": "spot"
      }
    },
    {
      "type": "Feature",
      "geometry": {
        "type": "Point",
        "coordinates": [
          15.58108,
          44.15036
        ]
      },
      "properties": {
        "timestamp": "2026-09-03T16:51:36+0000",
        "type": "UNLIMITED-TRACK",
        "battery": "GOOD",
        "spot_id": 2493849603,
        "source": "spot"
      }
    },
    {
      "type": "Feature",
      "geometry": {
        "type": "Point",
        "coordinates": [
          15.5846,
          44.13841
        ]
      },
      "properties": {
        "timestamp": "2026-09-03T16:56:28+0000",
        "type": "UNLIMITED-TRACK",
        "battery": "GOOD",
        "spot_id": 2493852248,
        "source": "spot"
      }
    },
    {
      "type": "Feature",
      "geometry": {
        "type": "Point",
        "coordinates": [
          15.60074,
          44.12824
        ]
      },
      "properties": {
        "timestamp": "2026-09-03T17:01:28+0000",
        "type": "UNLIMITED-TRACK",
        "battery": "GOOD",
        "spot_id": 2493852205,
        "source": "spot"
      }
    },
    {
      "type": "Feature",
      "geometry": {
        "type": "Point",
        "coordinates": [
          15.59923,
          44.11931
        ]
      },
      "properties": {
        "timestamp": "2026-09-03T17:30:04+0000",
        "type": "CUSTOM",
        "battery": "GOOD",
        "spot_id": 2493864141,
        "source": "spot"
      }
    },
    {
      "type": "Feature",
      "geometry": {
        "type": "Point",
        "coordinates": [
          15.58924,
          44.1112
        ]
      },
      "properties": {
        "timestamp": "2026-09-04T06:53:29+0000",
        "type": "UNLIMITED-TRACK",
        "battery": "GOOD",
        "spot_id": 2494112120,
        "source": "spot"
      }
    },
    {
      "type": "Feature",
      "geometry": {
        "type": "Point",
        "coordinates": [
          15.58788,
          44.10374
        ]
      },
      "properties": {
        "timestamp": "2026-09-04T06:58:20+0000",
        "type": "UNLIMITED-TRACK",
        "battery": "GOOD",
        "spot_id": 2494115551,
        "source": "spot"
      }
    },
    {
      "type": "Feature",
      "geometry": {
        "type": "Point",
        "coordinates": [
          15.5902,
          44.09657
        ]
      },
      "properties": {
        "timestamp": "2026-09-04T07:03:20+0000",
        "type": "UNLIMITED-TRACK",
        "battery": "GOOD",
        "spot_id": 2494115550,
        "source": "spot"
      }
    },
    {
      "type": "Feature",
      "geometry": {
        "type": "Point",
        "coordinates": [
          15.59441,
          44.084
        ]
      },
      "properties": {
        "timestamp": "2026-09-04T07:08:20+0000",
        "type": "UNLIMITED-TRACK",
        "battery": "GOOD",
        "spot_id": 2494115534,
        "source": "spot"
      }
    },
    {
      "type": "Feature",
      "geometry": {
        "type": "Point",
        "coordinates": [
          15.59878,
          44.07737
        ]
      },
      "properties": {
        "timestamp": "2026-09-04T07:13:17+0000",
        "type": "UNLIMITED-TRACK",
        "battery": "GOOD",
        "spot_id": 2494116572,
        "source": "spot"
      }
    },
    {
      "type": "Feature",
      "geometry": {
        "type": "Point",
        "coordinates": [
          15.60863,
          44.0645
        ]
      },
      "properties": {
        "timestamp": "2026-09-04T07:18:12+0000",
        "type": "UNLIMITED-TRACK",
        "battery": "GOOD",
        "spot_id": 2494118953,
        "source": "spot"
      }
    },
    {
      "type": "Feature",
      "geometry": {
        "type": "Point",
        "coordinates": [
          15.61361,
          44.05124
        ]
      },
      "properties": {
        "timestamp": "2026-09-04T07:23:12+0000",
        "type": "UNLIMITED-TRACK",
        "battery": "GOOD",
        "spot_id": 2494118933,
        "source": "spot"
      }
    },
    {
      "type": "Feature",
      "geometry": {
        "type": "Point",
        "coordinates": [
          15.61518,
          44.02611
        ]
      },
      "properties": {
        "timestamp": "2026-09-04T08:29:00+0000",
        "type": "UNLIMITED-TRACK",
        "battery": "GOOD",
        "spot_id": 2494134157,
        "source": "spot"
      }
    },
    {
      "type": "Feature",
      "geometry": {
        "type": "Point",
        "coordinates": [
          15.62601,
          44.01778
        ]
      },
      "properties": {
        "timestamp": "2026-09-04T08:33:55+0000",
        "type": "UNLIMITED-TRACK",
        "battery": "GOOD",
        "spot_id": 2494135200,
        "source": "spot"
      }
    },
    {
      "type": "Feature",
      "geometry": {
        "type": "Point",
        "coordinates": [
          15.64621,
          43.99839
        ]
      },
      "properties": {
        "timestamp": "2026-09-04T08:43:46+0000",
        "type": "UNLIMITED-TRACK",
        "battery": "GOOD",
        "spot_id": 2494139561,
        "source": "spot"
      }
    },
    {
      "type": "Feature",
      "geometry": {
        "type": "Point",
        "coordinates": [
          15.65531,
          43.99006
        ]
      },
      "properties": {
        "timestamp": "2026-09-04T08:48:46+0000",
        "type": "UNLIMITED-TRACK",
        "battery": "GOOD",
        "spot_id": 2494139560,
        "source": "spot"
      }
    },
    {
      "type": "Feature",
      "geometry": {
        "type": "Point",
        "coordinates": [
          15.66329,
          43.97723
        ]
      },
      "properties": {
        "timestamp": "2026-09-04T08:53:46+0000",
        "type": "UNLIMITED-TRACK",
        "battery": "GOOD",
        "spot_id": 2494139537,
        "source": "spot"
      }
    },
    {
      "type": "Feature",
      "geometry": {
        "type": "Point",
        "coordinates": [
          15.67627,
          43.97574
        ]
      },
      "properties": {
        "timestamp": "2026-09-04T08:58:44+0000",
        "type": "UNLIMITED-TRACK",
        "battery": "GOOD",
        "spot_id": 2494140585,
        "source": "spot"
      }
    },
    {
      "type": "Feature",
      "geometry": {
        "type": "Point",
        "coordinates": [
          15.69341,
          43.96763
        ]
      },
      "properties": {
        "timestamp": "2026-09-04T09:03:42+0000",
        "type": "UNLIMITED-TRACK",
        "battery": "GOOD",
        "spot_id": 2494141691,
        "source": "spot"
      }
    },
    {
      "type": "Feature",
      "geometry": {
        "type": "Point",
        "coordinates": [
          15.69719,
          43.96589
        ]
      },
      "properties": {
        "timestamp": "2026-09-04T09:08:43+0000",
        "type": "UNLIMITED-TRACK",
        "battery": "GOOD",
        "spot_id": 2494142757,
        "source": "spot"
      }
    },
    {
      "type": "Feature",
      "geometry": {
        "type": "Point",
        "coordinates": [
          15.73392,
          43.93646
        ]
      },
      "properties": {
        "timestamp": "2026-09-04T09:23:32+0000",
        "type": "UNLIMITED-TRACK",
        "battery": "GOOD",
        "spot_id": 2494146890,
        "source": "spot"
      }
    },
    {
      "type": "Feature",
      "geometry": {
        "type": "Point",
        "coordinates": [
          15.74559,
          43.92805
        ]
      },
      "properties": {
        "timestamp": "2026-09-04T09:28:32+0000",
        "type": "UNLIMITED-TRACK",
        "battery": "GOOD",
        "spot_id": 2494146888,
        "source": "spot"
      }
    },
    {
      "type": "Feature",
      "geometry": {
        "type": "Point",
        "coordinates": [
          15.76027,
          43.91835
        ]
      },
      "properties": {
        "timestamp": "2026-09-04T09:33:32+0000",
        "type": "UNLIMITED-TRACK",
        "battery": "GOOD",
        "spot_id": 2494146862,
        "source": "spot"
      }
    },
    {
      "type": "Feature",
      "geometry": {
        "type": "Point",
        "coordinates": [
          15.776,
          43.86895
        ]
      },
      "properties": {
        "timestamp": "2026-09-04T09:58:21+0000",
        "type": "UNLIMITED-TRACK",
        "battery": "GOOD",
        "spot_id": 2494151554,
        "source": "spot"
      }
    },
    {
      "type": "Feature",
      "geometry": {
        "type": "Point",
        "coordinates": [
          15.77841,
          43.83107
        ]
      },
      "properties": {
        "timestamp": "2026-09-04T10:13:13+0000",
        "type": "UNLIMITED-TRACK",
        "battery": "GOOD",
        "spot_id": 2494156519,
        "source": "spot"
      }
    },
    {
      "type": "Feature",
      "geometry": {
        "type": "Point",
        "coordinates": [
          15.79087,
          43.81471
        ]
      },
      "properties": {
        "timestamp": "2026-09-04T10:18:11+0000",
        "type": "UNLIMITED-TRACK",
        "battery": "GOOD",
        "spot_id": 2494155445,
        "source": "spot"
      }
    },
    {
      "type": "Feature",
      "geometry": {
        "type": "Point",
        "coordinates": [
          15.80124,
          43.80151
        ]
      },
      "properties": {
        "timestamp": "2026-09-04T10:23:13+0000",
        "type": "UNLIMITED-TRACK",
        "battery": "GOOD",
        "spot_id": 2494156490,
        "source": "spot"
      }
    },
    {
      "type": "Feature",
      "geometry": {
        "type": "Point",
        "coordinates": [
          15.81967,
          43.79111
        ]
      },
      "properties": {
        "timestamp": "2026-09-04T10:28:11+0000",
        "type": "UNLIMITED-TRACK",
        "battery": "GOOD",
        "spot_id": 2494157791,
        "source": "spot"
      }
    },
    {
      "type": "Feature",
      "geometry": {
        "type": "Point",
        "coordinates": [
          15.82784,
          43.78088
        ]
      },
      "properties": {
        "timestamp": "2026-09-04T10:33:10+0000",
        "type": "UNLIMITED-TRACK",
        "battery": "GOOD",
        "spot_id": 2494158936,
        "source": "spot"
      }
    },
    {
      "type": "Feature",
      "geometry": {
        "type": "Point",
        "coordinates": [
          15.84666,
          43.76227
        ]
      },
      "properties": {
        "timestamp": "2026-09-04T10:48:00+0000",
        "type": "UNLIMITED-TRACK",
        "battery": "GOOD",
        "spot_id": 2494162014,
        "source": "spot"
      }
    },
    {
      "type": "Feature",
      "geometry": {
        "type": "Point",
        "coordinates": [
          15.84771,
          43.76273
        ]
      },
      "properties": {
        "timestamp": "2026-09-04T11:29:17+0000",
        "type": "UNLIMITED-TRACK",
        "battery": "GOOD",
        "spot_id": 2494171083,
        "source": "spot"
      }
    },
    {
      "type": "Feature",
      "geometry": {
        "type": "Point",
        "coordinates": [
          15.89063,
          43.74252
        ]
      },
      "properties": {
        "timestamp": "2026-09-04T12:04:14+0000",
        "type": "UNLIMITED-TRACK",
        "battery": "GOOD",
        "spot_id": 2494181371,
        "source": "spot"
      }
    },
    {
      "type": "Feature",
      "geometry": {
        "type": "Point",
        "coordinates": [
          15.90818,
          43.72327
        ]
      },
      "properties": {
        "timestamp": "2026-09-04T12:14:01+0000",
        "type": "UNLIMITED-TRACK",
        "battery": "GOOD",
        "spot_id": 2494187925,
        "source": "spot"
      }
    },
    {
      "type": "Feature",
      "geometry": {
        "type": "Point",
        "coordinates": [
          15.91324,
          43.71623
        ]
      },
      "properties": {
        "timestamp": "2026-09-04T12:19:01+0000",
        "type": "UNLIMITED-TRACK",
        "battery": "GOOD",
        "spot_id": 2494187924,
        "source": "spot"
      }
    },
    {
      "type": "Feature",
      "geometry": {
        "type": "Point",
        "coordinates": [
          15.92174,
          43.70979
        ]
      },
      "properties": {
        "timestamp": "2026-09-04T12:24:01+0000",
        "type": "UNLIMITED-TRACK",
        "battery": "GOOD",
        "spot_id": 2494187882,
        "source": "spot"
      }
    },
    {
      "type": "Feature",
      "geometry": {
        "type": "Point",
        "coordinates": [
          15.93955,
          43.70161
        ]
      },
      "properties": {
        "timestamp": "2026-09-04T12:29:00+0000",
        "type": "UNLIMITED-TRACK",
        "battery": "GOOD",
        "spot_id": 2494191233,
        "source": "spot"
      }
    },
    {
      "type": "Feature",
      "geometry": {
        "type": "Point",
        "coordinates": [
          15.94685,
          43.69801
        ]
      },
      "properties": {
        "timestamp": "2026-09-04T12:34:00+0000",
        "type": "UNLIMITED-TRACK",
        "battery": "GOOD",
        "spot_id": 2494191205,
        "source": "spot"
      }
    },
    {
      "type": "Feature",
      "geometry": {
        "type": "Point",
        "coordinates": [
          15.96183,
          43.68859
        ]
      },
      "properties": {
        "timestamp": "2026-09-04T12:38:55+0000",
        "type": "UNLIMITED-TRACK",
        "battery": "GOOD",
        "spot_id": 2494192859,
        "source": "spot"
      }
    },
    {
      "type": "Feature",
      "geometry": {
        "type": "Point",
        "coordinates": [
          16.00916,
          43.67484
        ]
      },
      "properties": {
        "timestamp": "2026-09-04T12:58:48+0000",
        "type": "UNLIMITED-TRACK",
        "battery": "GOOD",
        "spot_id": 2494203221,
        "source": "spot"
      }
    },
    {
      "type": "Feature",
      "geometry": {
        "type": "Point",
        "coordinates": [
          16.01184,
          43.67531
        ]
      },
      "properties": {
        "timestamp": "2026-09-04T13:03:49+0000",
        "type": "UNLIMITED-TRACK",
        "battery": "GOOD",
        "spot_id": 2494201455,
        "source": "spot"
      }
    },
    {
      "type": "Feature",
      "geometry": {
        "type": "Point",
        "coordinates": [
          16.01191,
          43.6754
        ]
      },
      "properties": {
        "timestamp": "2026-09-04T13:08:48+0000",
        "type": "UNLIMITED-TRACK",
        "battery": "GOOD",
        "spot_id": 2494203187,
        "source": "spot"
      }
    },
    {
      "type": "Feature",
      "geometry": {
        "type": "Point",
        "coordinates": [
          16.01184,
          43.67538
        ]
      },
      "properties": {
        "timestamp": "2026-09-04T13:13:47+0000",
        "type": "UNLIMITED-TRACK",
        "battery": "GOOD",
        "spot_id": 2494205124,
        "source": "spot"
      }
    },
    {
      "type": "Feature",
      "geometry": {
        "type": "Point",
        "coordinates": [
          16.01195,
          43.67514
        ]
      },
      "properties": {
        "timestamp": "2026-09-04T13:29:35+0000",
        "type": "UNLIMITED-TRACK",
        "battery": "GOOD",
        "spot_id": 2494214832,
        "source": "spot"
      }
    },
    {
      "type": "Feature",
      "geometry": {
        "type": "Point",
        "coordinates": [
          16.02946,
          43.67321
        ]
      },
      "properties": {
        "timestamp": "2026-09-04T13:34:35+0000",
        "type": "UNLIMITED-TRACK",
        "battery": "GOOD",
        "spot_id": 2494214831,
        "source": "spot"
      }
    },
    {
      "type": "Feature",
      "geometry": {
        "type": "Point",
        "coordinates": [
          16.03864,
          43.67033
        ]
      },
      "properties": {
        "timestamp": "2026-09-04T13:39:35+0000",
        "type": "UNLIMITED-TRACK",
        "battery": "GOOD",
        "spot_id": 2494214788,
        "source": "spot"
      }
    },
    {
      "type": "Feature",
      "geometry": {
        "type": "Point",
        "coordinates": [
          16.06742,
          43.63794
        ]
      },
      "properties": {
        "timestamp": "2026-09-04T14:09:20+0000",
        "type": "UNLIMITED-TRACK",
        "battery": "GOOD",
        "spot_id": 2494230815,
        "source": "spot"
      }
    },
    {
      "type": "Feature",
      "geometry": {
        "type": "Point",
        "coordinates": [
          16.07952,
          43.63103
        ]
      },
      "properties": {
        "timestamp": "2026-09-04T14:14:20+0000",
        "type": "UNLIMITED-TRACK",
        "battery": "GOOD",
        "spot_id": 2494230814,
        "source": "spot"
      }
    },
    {
      "type": "Feature",
      "geometry": {
        "type": "Point",
        "coordinates": [
          16.09076,
          43.62854
        ]
      },
      "properties": {
        "timestamp": "2026-09-04T14:19:20+0000",
        "type": "UNLIMITED-TRACK",
        "battery": "GOOD",
        "spot_id": 2494230763,
        "source": "spot"
      }
    },
    {
      "type": "Feature",
      "geometry": {
        "type": "Point",
        "coordinates": [
          16.10046,
          43.62465
        ]
      },
      "properties": {
        "timestamp": "2026-09-04T14:24:15+0000",
        "type": "UNLIMITED-TRACK",
        "battery": "GOOD",
        "spot_id": 2494233045,
        "source": "spot"
      }
    },
    {
      "type": "Feature",
      "geometry": {
        "type": "Point",
        "coordinates": [
          16.11119,
          43.62213
        ]
      },
      "properties": {
        "timestamp": "2026-09-04T14:29:13+0000",
        "type": "UNLIMITED-TRACK",
        "battery": "GOOD",
        "spot_id": 2494234955,
        "source": "spot"
      }
    },
    {
      "type": "Feature",
      "geometry": {
        "type": "Point",
        "coordinates": [
          16.15945,
          43.60867
        ]
      },
      "properties": {
        "timestamp": "2026-09-04T14:53:59+0000",
        "type": "UNLIMITED-TRACK",
        "battery": "GOOD",
        "spot_id": 2494248231,
        "source": "spot"
      }
    },
    {
      "type": "Feature",
      "geometry": {
        "type": "Point",
        "coordinates": [
          16.15945,
          43.6087
        ]
      },
      "properties": {
        "timestamp": "2026-09-04T14:59:01+0000",
        "type": "UNLIMITED-TRACK",
        "battery": "GOOD",
        "spot_id": 2494246461,
        "source": "spot"
      }
    },
    {
      "type": "Feature",
      "geometry": {
        "type": "Point",
        "coordinates": [
          16.15945,
          43.60863
        ]
      },
      "properties": {
        "timestamp": "2026-09-04T15:03:59+0000",
        "type": "UNLIMITED-TRACK",
        "battery": "GOOD",
        "spot_id": 2494248197,
        "source": "spot"
      }
    },
    {
      "type": "Feature",
      "geometry": {
        "type": "Point",
        "coordinates": [
          16.16149,
          43.608
        ]
      },
      "properties": {
        "timestamp": "2026-09-04T15:26:02+0000",
        "type": "UNLIMITED-TRACK",
        "battery": "GOOD",
        "spot_id": 2494256885,
        "source": "spot"
      }
    },
    {
      "type": "Feature",
      "geometry": {
        "type": "Point",
        "coordinates": [
          16.18805,
          43.59671
        ]
      },
      "properties": {
        "timestamp": "2026-09-04T15:30:52+0000",
        "type": "UNLIMITED-TRACK",
        "battery": "GOOD",
        "spot_id": 2494260676,
        "source": "spot"
      }
    },
    {
      "type": "Feature",
      "geometry": {
        "type": "Point",
        "coordinates": [
          16.18925,
          43.59212
        ]
      },
      "properties": {
        "timestamp": "2026-09-04T15:35:52+0000",
        "type": "UNLIMITED-TRACK",
        "battery": "GOOD",
        "spot_id": 2494260617,
        "source": "spot"
      }
    },
    {
      "type": "Feature",
      "geometry": {
        "type": "Point",
        "coordinates": [
          16.18938,
          43.59227
        ]
      },
      "properties": {
        "timestamp": "2026-09-04T15:40:52+0000",
        "type": "UNLIMITED-TRACK",
        "battery": "GOOD",
        "spot_id": 2494262529,
        "source": "spot"
      }
    },
    {
      "type": "Feature",
      "geometry": {
        "type": "Point",
        "coordinates": [
          16.18917,
          43.59165
        ]
      },
      "properties": {
        "timestamp": "2026-09-04T15:50:58+0000",
        "type": "UNLIMITED-TRACK",
        "battery": "GOOD",
        "spot_id": 2494266559,
        "source": "spot"
      }
    },
    {
      "type": "Feature",
      "geometry": {
        "type": "Point",
        "coordinates": [
          16.21486,
          43.53484
        ]
      },
      "properties": {
        "timestamp": "2026-09-04T16:05:50+0000",
        "type": "UNLIMITED-TRACK",
        "battery": "GOOD",
        "spot_id": 2494272808,
        "source": "spot"
      }
    },
    {
      "type": "Feature",
      "geometry": {
        "type": "Point",
        "coordinates": [
          16.20897,
          43.51973
        ]
      },
      "properties": {
        "timestamp": "2026-09-04T16:10:43+0000",
        "type": "UNLIMITED-TRACK",
        "battery": "GOOD",
        "spot_id": 2494279451,
        "source": "spot"
      }
    },
    {
      "type": "Feature",
      "geometry": {
        "type": "Point",
        "coordinates": [
          16.22408,
          43.5208
        ]
      },
      "properties": {
        "timestamp": "2026-09-04T16:15:43+0000",
        "type": "UNLIMITED-TRACK",
        "battery": "GOOD",
        "spot_id": 2494279450,
        "source": "spot"
      }
    },
    {
      "type": "Feature",
      "geometry": {
        "type": "Point",
        "coordinates": [
          16.2409,
          43.51754
        ]
      },
      "properties": {
        "timestamp": "2026-09-04T16:20:43+0000",
        "type": "UNLIMITED-TRACK",
        "battery": "GOOD",
        "spot_id": 2494279398,
        "source": "spot"
      }
    },
    {
      "type": "Feature",
      "geometry": {
        "type": "Point",
        "coordinates": [
          16.26606,
          43.52367
        ]
      },
      "properties": {
        "timestamp": "2026-09-04T16:30:37+0000",
        "type": "UNLIMITED-TRACK",
        "battery": "GOOD",
        "spot_id": 2494287680,
        "source": "spot"
      }
    },
    {
      "type": "Feature",
      "geometry": {
        "type": "Point",
        "coordinates": [
          16.27713,
          43.53028
        ]
      },
      "properties": {
        "timestamp": "2026-09-04T16:35:37+0000",
        "type": "UNLIMITED-TRACK",
        "battery": "GOOD",
        "spot_id": 2494287679,
        "source": "spot"
      }
    },
    {
      "type": "Feature",
      "geometry": {
        "type": "Point",
        "coordinates": [
          16.28245,
          43.53367
        ]
      },
      "properties": {
        "timestamp": "2026-09-04T16:40:37+0000",
        "type": "UNLIMITED-TRACK",
        "battery": "GOOD",
        "spot_id": 2494287639,
        "source": "spot"
      }
    },
    {
      "type": "Feature",
      "geometry": {
        "type": "Point",
        "coordinates": [
          16.28253,
          43.53363
        ]
      },
      "properties": {
        "timestamp": "2026-09-04T16:45:53+0000",
        "type": "UNLIMITED-TRACK",
        "battery": "GOOD",
        "spot_id": 2494290110,
        "source": "spot"
      }
    },
    {
      "type": "Feature",
      "geometry": {
        "type": "Point",
        "coordinates": [
          16.36622,
          43.55376
        ]
      },
      "properties": {
        "timestamp": "2026-09-04T17:28:40+0000",
        "type": "UNLIMITED-TRACK",
        "battery": "GOOD",
        "spot_id": 2494313612,
        "source": "spot"
      }
    },
    {
      "type": "Feature",
      "geometry": {
        "type": "Point",
        "coordinates": [
          16.36622,
          43.55372
        ]
      },
      "properties": {
        "timestamp": "2026-09-04T17:33:40+0000",
        "type": "UNLIMITED-TRACK",
        "battery": "GOOD",
        "spot_id": 2494313611,
        "source": "spot"
      }
    },
    {
      "type": "Feature",
      "geometry": {
        "type": "Point",
        "coordinates": [
          16.36622,
          43.55372
        ]
      },
      "properties": {
        "timestamp": "2026-09-04T17:38:40+0000",
        "type": "UNLIMITED-TRACK",
        "battery": "GOOD",
        "spot_id": 2494313580,
        "source": "spot"
      }
    },
    {
      "type": "Feature",
      "geometry": {
        "type": "Point",
        "coordinates": [
          16.36626,
          43.55373
        ]
      },
      "properties": {
        "timestamp": "2026-09-04T18:07:04+0000",
        "type": "CUSTOM",
        "battery": "GOOD",
        "spot_id": 2494326192,
        "source": "spot"
      }
    },
    {
      "type": "Feature",
      "geometry": {
        "type": "Point",
        "coordinates": [
          16.41742,
          43.54743
        ]
      },
      "properties": {
        "timestamp": "2026-09-05T07:06:24+0000",
        "type": "UNLIMITED-TRACK",
        "battery": "GOOD",
        "spot_id": 2494565865,
        "source": "spot"
      }
    },
    {
      "type": "Feature",
      "geometry": {
        "type": "Point",
        "coordinates": [
          16.4357,
          43.54473
        ]
      },
      "properties": {
        "timestamp": "2026-09-05T07:11:16+0000",
        "type": "UNLIMITED-TRACK",
        "battery": "GOOD",
        "spot_id": 2494569310,
        "source": "spot"
      }
    },
    {
      "type": "Feature",
      "geometry": {
        "type": "Point",
        "coordinates": [
          16.44921,
          43.54117
        ]
      },
      "properties": {
        "timestamp": "2026-09-05T07:16:17+0000",
        "type": "UNLIMITED-TRACK",
        "battery": "GOOD",
        "spot_id": 2494568285,
        "source": "spot"
      }
    },
    {
      "type": "Feature",
      "geometry": {
        "type": "Point",
        "coordinates": [
          16.44977,
          43.53988
        ]
      },
      "properties": {
        "timestamp": "2026-09-05T07:21:16+0000",
        "type": "UNLIMITED-TRACK",
        "battery": "GOOD",
        "spot_id": 2494569288,
        "source": "spot"
      }
    },
    {
      "type": "Feature",
      "geometry": {
        "type": "Point",
        "coordinates": [
          16.44984,
          43.53989
        ]
      },
      "properties": {
        "timestamp": "2026-09-05T07:26:13+0000",
        "type": "UNLIMITED-TRACK",
        "battery": "GOOD",
        "spot_id": 2494570609,
        "source": "spot"
      }
    },
    {
      "type": "Feature",
      "geometry": {
        "type": "Point",
        "coordinates": [
          16.45003,
          43.53991
        ]
      },
      "properties": {
        "timestamp": "2026-09-05T07:31:07+0000",
        "type": "UNLIMITED-TRACK",
        "battery": "GOOD",
        "spot_id": 2494573042,
        "source": "spot"
      }
    },
    {
      "type": "Feature",
      "geometry": {
        "type": "Point",
        "coordinates": [
          16.45235,
          43.54128
        ]
      },
      "properties": {
        "timestamp": "2026-09-05T07:36:07+0000",
        "type": "UNLIMITED-TRACK",
        "battery": "GOOD",
        "spot_id": 2494573012,
        "source": "spot"
      }
    },
    {
      "type": "Feature",
      "geometry": {
        "type": "Point",
        "coordinates": [
          16.4622,
          43.54097
        ]
      },
      "properties": {
        "timestamp": "2026-09-05T07:46:04+0000",
        "type": "UNLIMITED-TRACK",
        "battery": "GOOD",
        "spot_id": 2494575538,
        "source": "spot"
      }
    },
    {
      "type": "Feature",
      "geometry": {
        "type": "Point",
        "coordinates": [
          16.49151,
          43.54087
        ]
      },
      "properties": {
        "timestamp": "2026-09-05T08:01:04+0000",
        "type": "UNLIMITED-TRACK",
        "battery": "GOOD",
        "spot_id": 2494579460,
        "source": "spot"
      }
    },
    {
      "type": "Feature",
      "geometry": {
        "type": "Point",
        "coordinates": [
          16.48615,
          43.53339
        ]
      },
      "properties": {
        "timestamp": "2026-09-05T08:05:59+0000",
        "type": "UNLIMITED-TRACK",
        "battery": "GOOD",
        "spot_id": 2494580905,
        "source": "spot"
      }
    },
    {
      "type": "Feature",
      "geometry": {
        "type": "Point",
        "coordinates": [
          16.47927,
          43.53168
        ]
      },
      "properties": {
        "timestamp": "2026-09-05T08:10:55+0000",
        "type": "UNLIMITED-TRACK",
        "battery": "GOOD",
        "spot_id": 2494584656,
        "source": "spot"
      }
    },
    {
      "type": "Feature",
      "geometry": {
        "type": "Point",
        "coordinates": [
          16.47936,
          43.53164
        ]
      },
      "properties": {
        "timestamp": "2026-09-05T08:15:55+0000",
        "type": "UNLIMITED-TRACK",
        "battery": "GOOD",
        "spot_id": 2494584654,
        "source": "spot"
      }
    },
    {
      "type": "Feature",
      "geometry": {
        "type": "Point",
        "coordinates": [
          16.48288,
          43.53143
        ]
      },
      "properties": {
        "timestamp": "2026-09-05T08:20:55+0000",
        "type": "UNLIMITED-TRACK",
        "battery": "GOOD",
        "spot_id": 2494584630,
        "source": "spot"
      }
    },
    {
      "type": "Feature",
      "geometry": {
        "type": "Point",
        "coordinates": [
          16.48177,
          43.52706
        ]
      },
      "properties": {
        "timestamp": "2026-09-05T08:25:54+0000",
        "type": "UNLIMITED-TRACK",
        "battery": "GOOD",
        "spot_id": 2494585998,
        "source": "spot"
      }
    },
    {
      "type": "Feature",
      "geometry": {
        "type": "Point",
        "coordinates": [
          16.48026,
          43.52157
        ]
      },
      "properties": {
        "timestamp": "2026-09-05T08:30:53+0000",
        "type": "UNLIMITED-TRACK",
        "battery": "GOOD",
        "spot_id": 2494587106,
        "source": "spot"
      }
    },
    {
      "type": "Feature",
      "geometry": {
        "type": "Point",
        "coordinates": [
          16.47943,
          43.51602
        ]
      },
      "properties": {
        "timestamp": "2026-09-05T09:00:35+0000",
        "type": "UNLIMITED-TRACK",
        "battery": "GOOD",
        "spot_id": 2494593443,
        "source": "spot"
      }
    },
    {
      "type": "Feature",
      "geometry": {
        "type": "Point",
        "coordinates": [
          16.47902,
          43.51614
        ]
      },
      "properties": {
        "timestamp": "2026-09-05T09:05:36+0000",
        "type": "UNLIMITED-TRACK",
        "battery": "GOOD",
        "spot_id": 2494594807,
        "source": "spot"
      }
    },
    {
      "type": "Feature",
      "geometry": {
        "type": "Point",
        "coordinates": [
          16.47889,
          43.51598
        ]
      },
      "properties": {
        "timestamp": "2026-09-05T09:10:33+0000",
        "type": "UNLIMITED-TRACK",
        "battery": "GOOD",
        "spot_id": 2494595984,
        "source": "spot"
      }
    },
    {
      "type": "Feature",
      "geometry": {
        "type": "Point",
        "coordinates": [
          16.47762,
          43.51591
        ]
      },
      "properties": {
        "timestamp": "2026-09-05T11:10:01+0000",
        "type": "UNLIMITED-TRACK",
        "battery": "GOOD",
        "spot_id": 2494625421,
        "source": "spot"
      }
    },
    {
      "type": "Feature",
      "geometry": {
        "type": "Point",
        "coordinates": [
          16.47462,
          43.51505
        ]
      },
      "properties": {
        "timestamp": "2026-09-05T11:15:01+0000",
        "type": "UNLIMITED-TRACK",
        "battery": "GOOD",
        "spot_id": 2494625403,
        "source": "spot"
      }
    },
    {
      "type": "Feature",
      "geometry": {
        "type": "Point",
        "coordinates": [
          16.49344,
          43.50944
        ]
      },
      "properties": {
        "timestamp": "2026-09-05T12:07:15+0000",
        "type": "UNLIMITED-TRACK",
        "battery": "GOOD",
        "spot_id": 2494642684,
        "source": "spot"
      }
    },
    {
      "type": "Feature",
      "geometry": {
        "type": "Point",
        "coordinates": [
          16.53429,
          43.5025
        ]
      },
      "properties": {
        "timestamp": "2026-09-05T13:29:51+0000",
        "type": "UNLIMITED-TRACK",
        "battery": "GOOD",
        "spot_id": 2494672945,
        "source": "spot"
      }
    },
    {
      "type": "Feature",
      "geometry": {
        "type": "Point",
        "coordinates": [
          16.53683,
          43.50751
        ]
      },
      "properties": {
        "timestamp": "2026-09-05T13:34:10+0000",
        "type": "UNLIMITED-TRACK",
        "battery": "GOOD",
        "spot_id": 2494674648,
        "source": "spot"
      }
    },
    {
      "type": "Feature",
      "geometry": {
        "type": "Point",
        "coordinates": [
          16.53734,
          43.50803
        ]
      },
      "properties": {
        "timestamp": "2026-09-05T13:39:05+0000",
        "type": "UNLIMITED-TRACK",
        "battery": "GOOD",
        "spot_id": 2494676593,
        "source": "spot"
      }
    },
    {
      "type": "Feature",
      "geometry": {
        "type": "Point",
        "coordinates": [
          16.5489,
          43.51829
        ]
      },
      "properties": {
        "timestamp": "2026-09-05T13:48:59+0000",
        "type": "UNLIMITED-TRACK",
        "battery": "GOOD",
        "spot_id": 2494685219,
        "source": "spot"
      }
    },
    {
      "type": "Feature",
      "geometry": {
        "type": "Point",
        "coordinates": [
          16.56049,
          43.51374
        ]
      },
      "properties": {
        "timestamp": "2026-09-05T13:53:59+0000",
        "type": "UNLIMITED-TRACK",
        "battery": "GOOD",
        "spot_id": 2494685217,
        "source": "spot"
      }
    },
    {
      "type": "Feature",
      "geometry": {
        "type": "Point",
        "coordinates": [
          16.56796,
          43.50846
        ]
      },
      "properties": {
        "timestamp": "2026-09-05T13:58:59+0000",
        "type": "UNLIMITED-TRACK",
        "battery": "GOOD",
        "spot_id": 2494685158,
        "source": "spot"
      }
    },
    {
      "type": "Feature",
      "geometry": {
        "type": "Point",
        "coordinates": [
          16.57648,
          43.50265
        ]
      },
      "properties": {
        "timestamp": "2026-09-05T14:03:53+0000",
        "type": "UNLIMITED-TRACK",
        "battery": "GOOD",
        "spot_id": 2494689724,
        "source": "spot"
      }
    },
    {
      "type": "Feature",
      "geometry": {
        "type": "Point",
        "coordinates": [
          16.5824,
          43.49909
        ]
      },
      "properties": {
        "timestamp": "2026-09-05T14:08:53+0000",
        "type": "UNLIMITED-TRACK",
        "battery": "GOOD",
        "spot_id": 2494689686,
        "source": "spot"
      }
    },
    {
      "type": "Feature",
      "geometry": {
        "type": "Point",
        "coordinates": [
          16.59197,
          43.49634
        ]
      },
      "properties": {
        "timestamp": "2026-09-05T14:13:55+0000",
        "type": "UNLIMITED-TRACK",
        "battery": "GOOD",
        "spot_id": 2494691656,
        "source": "spot"
      }
    },
    {
      "type": "Feature",
      "geometry": {
        "type": "Point",
        "coordinates": [
          16.59691,
          43.49473
        ]
      },
      "properties": {
        "timestamp": "2026-09-05T14:18:50+0000",
        "type": "UNLIMITED-TRACK",
        "battery": "GOOD",
        "spot_id": 2494695386,
        "source": "spot"
      }
    },
    {
      "type": "Feature",
      "geometry": {
        "type": "Point",
        "coordinates": [
          16.60103,
          43.49052
        ]
      },
      "properties": {
        "timestamp": "2026-09-05T14:23:50+0000",
        "type": "UNLIMITED-TRACK",
        "battery": "GOOD",
        "spot_id": 2494695340,
        "source": "spot"
      }
    },
    {
      "type": "Feature",
      "geometry": {
        "type": "Point",
        "coordinates": [
          16.65042,
          43.47237
        ]
      },
      "properties": {
        "timestamp": "2026-09-05T14:53:42+0000",
        "type": "UNLIMITED-TRACK",
        "battery": "GOOD",
        "spot_id": 2494708022,
        "source": "spot"
      }
    },
    {
      "type": "Feature",
      "geometry": {
        "type": "Point",
        "coordinates": [
          16.68009,
          43.46237
        ]
      },
      "properties": {
        "timestamp": "2026-09-05T15:08:35+0000",
        "type": "UNLIMITED-TRACK",
        "battery": "GOOD",
        "spot_id": 2494717963,
        "source": "spot"
      }
    },
    {
      "type": "Feature",
      "geometry": {
        "type": "Point",
        "coordinates": [
          16.69013,
          43.46288
        ]
      },
      "properties": {
        "timestamp": "2026-09-05T15:13:35+0000",
        "type": "UNLIMITED-TRACK",
        "battery": "GOOD",
        "spot_id": 2494717961,
        "source": "spot"
      }
    },
    {
      "type": "Feature",
      "geometry": {
        "type": "Point",
        "coordinates": [
          16.69682,
          43.46545
        ]
      },
      "properties": {
        "timestamp": "2026-09-05T15:18:35+0000",
        "type": "UNLIMITED-TRACK",
        "battery": "GOOD",
        "spot_id": 2494717916,
        "source": "spot"
      }
    },
    {
      "type": "Feature",
      "geometry": {
        "type": "Point",
        "coordinates": [
          16.71003,
          43.4639
        ]
      },
      "properties": {
        "timestamp": "2026-09-05T15:23:33+0000",
        "type": "UNLIMITED-TRACK",
        "battery": "GOOD",
        "spot_id": 2494720343,
        "source": "spot"
      }
    },
    {
      "type": "Feature",
      "geometry": {
        "type": "Point",
        "coordinates": [
          16.72284,
          43.46314
        ]
      },
      "properties": {
        "timestamp": "2026-09-05T15:28:49+0000",
        "type": "UNLIMITED-TRACK",
        "battery": "GOOD",
        "spot_id": 2494722933,
        "source": "spot"
      }
    },
    {
      "type": "Feature",
      "geometry": {
        "type": "Point",
        "coordinates": [
          16.7516,
          43.45733
        ]
      },
      "properties": {
        "timestamp": "2026-09-05T15:33:30+0000",
        "type": "UNLIMITED-TRACK",
        "battery": "GOOD",
        "spot_id": 2494725297,
        "source": "spot"
      }
    },
    {
      "type": "Feature",
      "geometry": {
        "type": "Point",
        "coordinates": [
          16.77173,
          43.45307
        ]
      },
      "properties": {
        "timestamp": "2026-09-05T15:38:26+0000",
        "type": "UNLIMITED-TRACK",
        "battery": "GOOD",
        "spot_id": 2494730118,
        "source": "spot"
      }
    },
    {
      "type": "Feature",
      "geometry": {
        "type": "Point",
        "coordinates": [
          16.77679,
          43.45213
        ]
      },
      "properties": {
        "timestamp": "2026-09-05T15:43:26+0000",
        "type": "UNLIMITED-TRACK",
        "battery": "GOOD",
        "spot_id": 2494730071,
        "source": "spot"
      }
    },
    {
      "type": "Feature",
      "geometry": {
        "type": "Point",
        "coordinates": [
          16.79213,
          43.45374
        ]
      },
      "properties": {
        "timestamp": "2026-09-05T15:48:24+0000",
        "type": "UNLIMITED-TRACK",
        "battery": "GOOD",
        "spot_id": 2494732449,
        "source": "spot"
      }
    },
    {
      "type": "Feature",
      "geometry": {
        "type": "Point",
        "coordinates": [
          16.8103,
          43.45792
        ]
      },
      "properties": {
        "timestamp": "2026-09-05T15:53:22+0000",
        "type": "UNLIMITED-TRACK",
        "battery": "GOOD",
        "spot_id": 2494734635,
        "source": "spot"
      }
    },
    {
      "type": "Feature",
      "geometry": {
        "type": "Point",
        "coordinates": [
          16.8276,
          43.46218
        ]
      },
      "properties": {
        "timestamp": "2026-09-05T15:58:19+0000",
        "type": "UNLIMITED-TRACK",
        "battery": "GOOD",
        "spot_id": 2494737177,
        "source": "spot"
      }
    },
    {
      "type": "Feature",
      "geometry": {
        "type": "Point",
        "coordinates": [
          16.83639,
          43.46349
        ]
      },
      "properties": {
        "timestamp": "2026-09-05T16:03:14+0000",
        "type": "UNLIMITED-TRACK",
        "battery": "GOOD",
        "spot_id": 2494744081,
        "source": "spot"
      }
    },
    {
      "type": "Feature",
      "geometry": {
        "type": "Point",
        "coordinates": [
          16.84575,
          43.4722
        ]
      },
      "properties": {
        "timestamp": "2026-09-05T16:08:14+0000",
        "type": "UNLIMITED-TRACK",
        "battery": "GOOD",
        "spot_id": 2494744080,
        "source": "spot"
      }
    },
    {
      "type": "Feature",
      "geometry": {
        "type": "Point",
        "coordinates": [
          16.84524,
          43.47748
        ]
      },
      "properties": {
        "timestamp": "2026-09-05T16:13:14+0000",
        "type": "UNLIMITED-TRACK",
        "battery": "GOOD",
        "spot_id": 2494744045,
        "source": "spot"
      }
    },
    {
      "type": "Feature",
      "geometry": {
        "type": "Point",
        "coordinates": [
          16.84556,
          43.47745
        ]
      },
      "properties": {
        "timestamp": "2026-09-05T16:18:06+0000",
        "type": "UNLIMITED-TRACK",
        "battery": "GOOD",
        "spot_id": 2494748504,
        "source": "spot"
      }
    },
    {
      "type": "Feature",
      "geometry": {
        "type": "Point",
        "coordinates": [
          16.84556,
          43.47741
        ]
      },
      "properties": {
        "timestamp": "2026-09-05T16:23:06+0000",
        "type": "UNLIMITED-TRACK",
        "battery": "GOOD",
        "spot_id": 2494748465,
        "source": "spot"
      }
    },
    {
      "type": "Feature",
      "geometry": {
        "type": "Point",
        "coordinates": [
          16.84541,
          43.47746
        ]
      },
      "properties": {
        "timestamp": "2026-09-05T17:35:22+0000",
        "type": "CUSTOM",
        "battery": "GOOD",
        "spot_id": 2494783239,
        "source": "spot"
      }
    },
    {
      "type": "Feature",
      "geometry": {
        "type": "Point",
        "coordinates": [
          16.84442,
          43.48154
        ]
      },
      "properties": {
        "timestamp": "2026-09-06T07:03:46+0000",
        "type": "UNLIMITED-TRACK",
        "battery": "GOOD",
        "spot_id": 2495033070,
        "source": "spot"
      }
    },
    {
      "type": "Feature",
      "geometry": {
        "type": "Point",
        "coordinates": [
          16.84436,
          43.48155
        ]
      },
      "properties": {
        "timestamp": "2026-09-06T07:08:44+0000",
        "type": "UNLIMITED-TRACK",
        "battery": "GOOD",
        "spot_id": 2495034246,
        "source": "spot"
      }
    },
    {
      "type": "Feature",
      "geometry": {
        "type": "Point",
        "coordinates": [
          16.84431,
          43.48112
        ]
      },
      "properties": {
        "timestamp": "2026-09-06T07:13:43+0000",
        "type": "UNLIMITED-TRACK",
        "battery": "GOOD",
        "spot_id": 2495035379,
        "source": "spot"
      }
    },
    {
      "type": "Feature",
      "geometry": {
        "type": "Point",
        "coordinates": [
          16.84914,
          43.47861
        ]
      },
      "properties": {
        "timestamp": "2026-09-06T07:18:38+0000",
        "type": "UNLIMITED-TRACK",
        "battery": "GOOD",
        "spot_id": 2495036394,
        "source": "spot"
      }
    },
    {
      "type": "Feature",
      "geometry": {
        "type": "Point",
        "coordinates": [
          16.87208,
          43.47344
        ]
      },
      "properties": {
        "timestamp": "2026-09-06T07:28:35+0000",
        "type": "UNLIMITED-TRACK",
        "battery": "GOOD",
        "spot_id": 2495038076,
        "source": "spot"
      }
    },
    {
      "type": "Feature",
      "geometry": {
        "type": "Point",
        "coordinates": [
          16.88579,
          43.46743
        ]
      },
      "properties": {
        "timestamp": "2026-09-06T07:33:30+0000",
        "type": "UNLIMITED-TRACK",
        "battery": "GOOD",
        "spot_id": 2495041760,
        "source": "spot"
      }
    },
    {
      "type": "Feature",
      "geometry": {
        "type": "Point",
        "coordinates": [
          16.89944,
          43.46219
        ]
      },
      "properties": {
        "timestamp": "2026-09-06T07:38:30+0000",
        "type": "UNLIMITED-TRACK",
        "battery": "GOOD",
        "spot_id": 2495041759,
        "source": "spot"
      }
    },
    {
      "type": "Feature",
      "geometry": {
        "type": "Point",
        "coordinates": [
          16.91154,
          43.45382
        ]
      },
      "properties": {
        "timestamp": "2026-09-06T07:43:30+0000",
        "type": "UNLIMITED-TRACK",
        "battery": "GOOD",
        "spot_id": 2495041732,
        "source": "spot"
      }
    },
    {
      "type": "Feature",
      "geometry": {
        "type": "Point",
        "coordinates": [
          16.92345,
          43.44815
        ]
      },
      "properties": {
        "timestamp": "2026-09-06T07:48:29+0000",
        "type": "UNLIMITED-TRACK",
        "battery": "GOOD",
        "spot_id": 2495042882,
        "source": "spot"
      }
    },
    {
      "type": "Feature",
      "geometry": {
        "type": "Point",
        "coordinates": [
          16.93671,
          43.44104
        ]
      },
      "properties": {
        "timestamp": "2026-09-06T07:53:32+0000",
        "type": "UNLIMITED-TRACK",
        "battery": "GOOD",
        "spot_id": 2495044070,
        "source": "spot"
      }
    },
    {
      "type": "Feature",
      "geometry": {
        "type": "Point",
        "coordinates": [
          16.94909,
          43.43319
        ]
      },
      "properties": {
        "timestamp": "2026-09-06T07:58:24+0000",
        "type": "UNLIMITED-TRACK",
        "battery": "GOOD",
        "spot_id": 2495047446,
        "source": "spot"
      }
    },
    {
      "type": "Feature",
      "geometry": {
        "type": "Point",
        "coordinates": [
          16.95673,
          43.43259
        ]
      },
      "properties": {
        "timestamp": "2026-09-06T08:03:25+0000",
        "type": "UNLIMITED-TRACK",
        "battery": "GOOD",
        "spot_id": 2495046332,
        "source": "spot"
      }
    },
    {
      "type": "Feature",
      "geometry": {
        "type": "Point",
        "coordinates": [
          16.96566,
          43.43044
        ]
      },
      "properties": {
        "timestamp": "2026-09-06T08:08:24+0000",
        "type": "UNLIMITED-TRACK",
        "battery": "GOOD",
        "spot_id": 2495047421,
        "source": "spot"
      }
    },
    {
      "type": "Feature",
      "geometry": {
        "type": "Point",
        "coordinates": [
          16.991,
          43.42847
        ]
      },
      "properties": {
        "timestamp": "2026-09-06T08:18:24+0000",
        "type": "UNLIMITED-TRACK",
        "battery": "GOOD",
        "spot_id": 2495049660,
        "source": "spot"
      }
    },
    {
      "type": "Feature",
      "geometry": {
        "type": "Point",
        "coordinates": [
          17.0078,
          43.42509
        ]
      },
      "properties": {
        "timestamp": "2026-09-06T08:23:20+0000",
        "type": "UNLIMITED-TRACK",
        "battery": "GOOD",
        "spot_id": 2495050774,
        "source": "spot"
      }
    },
    {
      "type": "Feature",
      "geometry": {
        "type": "Point",
        "coordinates": [
          17.01329,
          43.41944
        ]
      },
      "properties": {
        "timestamp": "2026-09-06T08:28:19+0000",
        "type": "UNLIMITED-TRACK",
        "battery": "GOOD",
        "spot_id": 2495051847,
        "source": "spot"
      }
    },
    {
      "type": "Feature",
      "geometry": {
        "type": "Point",
        "coordinates": [
          17.01714,
          43.41667
        ]
      },
      "properties": {
        "timestamp": "2026-09-06T08:33:17+0000",
        "type": "UNLIMITED-TRACK",
        "battery": "GOOD",
        "spot_id": 2495053047,
        "source": "spot"
      }
    },
    {
      "type": "Feature",
      "geometry": {
        "type": "Point",
        "coordinates": [
          17.02183,
          43.41293
        ]
      },
      "properties": {
        "timestamp": "2026-09-06T08:38:15+0000",
        "type": "UNLIMITED-TRACK",
        "battery": "GOOD",
        "spot_id": 2495055248,
        "source": "spot"
      }
    },
    {
      "type": "Feature",
      "geometry": {
        "type": "Point",
        "coordinates": [
          17.02767,
          43.41156
        ]
      },
      "properties": {
        "timestamp": "2026-09-06T08:43:15+0000",
        "type": "UNLIMITED-TRACK",
        "battery": "GOOD",
        "spot_id": 2495055222,
        "source": "spot"
      }
    },
    {
      "type": "Feature",
      "geometry": {
        "type": "Point",
        "coordinates": [
          17.02999,
          43.41055
        ]
      },
      "properties": {
        "timestamp": "2026-09-06T08:48:12+0000",
        "type": "UNLIMITED-TRACK",
        "battery": "GOOD",
        "spot_id": 2495057489,
        "source": "spot"
      }
    },
    {
      "type": "Feature",
      "geometry": {
        "type": "Point",
        "coordinates": [
          17.03025,
          43.41046
        ]
      },
      "properties": {
        "timestamp": "2026-09-06T08:53:12+0000",
        "type": "UNLIMITED-TRACK",
        "battery": "GOOD",
        "spot_id": 2495057472,
        "source": "spot"
      }
    },
    {
      "type": "Feature",
      "geometry": {
        "type": "Point",
        "coordinates": [
          17.04385,
          43.40368
        ]
      },
      "properties": {
        "timestamp": "2026-09-06T08:58:50+0000",
        "type": "UNLIMITED-TRACK",
        "battery": "GOOD",
        "spot_id": 2495058604,
        "source": "spot"
      }
    },
    {
      "type": "Feature",
      "geometry": {
        "type": "Point",
        "coordinates": [
          17.0552,
          43.39728
        ]
      },
      "properties": {
        "timestamp": "2026-09-06T09:03:09+0000",
        "type": "UNLIMITED-TRACK",
        "battery": "GOOD",
        "spot_id": 2495060375,
        "source": "spot"
      }
    },
    {
      "type": "Feature",
      "geometry": {
        "type": "Point",
        "coordinates": [
          17.05606,
          43.39711
        ]
      },
      "properties": {
        "timestamp": "2026-09-06T09:08:09+0000",
        "type": "UNLIMITED-TRACK",
        "battery": "GOOD",
        "spot_id": 2495060345,
        "source": "spot"
      }
    },
    {
      "type": "Feature",
      "geometry": {
        "type": "Point",
        "coordinates": [
          17.05604,
          43.39717
        ]
      },
      "properties": {
        "timestamp": "2026-09-06T09:13:07+0000",
        "type": "UNLIMITED-TRACK",
        "battery": "GOOD",
        "spot_id": 2495061496,
        "source": "spot"
      }
    },
    {
      "type": "Feature",
      "geometry": {
        "type": "Point",
        "coordinates": [
          17.05724,
          43.38807
        ]
      },
      "properties": {
        "timestamp": "2026-09-06T09:28:03+0000",
        "type": "UNLIMITED-TRACK",
        "battery": "GOOD",
        "spot_id": 2495065580,
        "source": "spot"
      }
    },
    {
      "type": "Feature",
      "geometry": {
        "type": "Point",
        "coordinates": [
          17.06359,
          43.38498
        ]
      },
      "properties": {
        "timestamp": "2026-09-06T09:33:03+0000",
        "type": "UNLIMITED-TRACK",
        "battery": "GOOD",
        "spot_id": 2495065578,
        "source": "spot"
      }
    },
    {
      "type": "Feature",
      "geometry": {
        "type": "Point",
        "coordinates": [
          17.07252,
          43.37786
        ]
      },
      "properties": {
        "timestamp": "2026-09-06T09:38:03+0000",
        "type": "UNLIMITED-TRACK",
        "battery": "GOOD",
        "spot_id": 2495065557,
        "source": "spot"
      }
    },
    {
      "type": "Feature",
      "geometry": {
        "type": "Point",
        "coordinates": [
          17.0892,
          43.36278
        ]
      },
      "properties": {
        "timestamp": "2026-09-06T09:52:54+0000",
        "type": "UNLIMITED-TRACK",
        "battery": "GOOD",
        "spot_id": 2495071122,
        "source": "spot"
      }
    },
    {
      "type": "Feature",
      "geometry": {
        "type": "Point",
        "coordinates": [
          17.09383,
          43.35793
        ]
      },
      "properties": {
        "timestamp": "2026-09-06T09:57:54+0000",
        "type": "UNLIMITED-TRACK",
        "battery": "GOOD",
        "spot_id": 2495071120,
        "source": "spot"
      }
    },
    {
      "type": "Feature",
      "geometry": {
        "type": "Point",
        "coordinates": [
          17.09846,
          43.35514
        ]
      },
      "properties": {
        "timestamp": "2026-09-06T10:02:54+0000",
        "type": "UNLIMITED-TRACK",
        "battery": "GOOD",
        "spot_id": 2495071100,
        "source": "spot"
      }
    },
    {
      "type": "Feature",
      "geometry": {
        "type": "Point",
        "coordinates": [
          17.10239,
          43.35051
        ]
      },
      "properties": {
        "timestamp": "2026-09-06T10:07:55+0000",
        "type": "UNLIMITED-TRACK",
        "battery": "GOOD",
        "spot_id": 2495072047,
        "source": "spot"
      }
    },
    {
      "type": "Feature",
      "geometry": {
        "type": "Point",
        "coordinates": [
          17.13746,
          43.32155
        ]
      },
      "properties": {
        "timestamp": "2026-09-06T10:22:37+0000",
        "type": "UNLIMITED-TRACK",
        "battery": "GOOD",
        "spot_id": 2495076990,
        "source": "spot"
      }
    },
    {
      "type": "Feature",
      "geometry": {
        "type": "Point",
        "coordinates": [
          17.15857,
          43.31065
        ]
      },
      "properties": {
        "timestamp": "2026-09-06T10:27:37+0000",
        "type": "UNLIMITED-TRACK",
        "battery": "GOOD",
        "spot_id": 2495076988,
        "source": "spot"
      }
    },
    {
      "type": "Feature",
      "geometry": {
        "type": "Point",
        "coordinates": [
          17.16775,
          43.30503
        ]
      },
      "properties": {
        "timestamp": "2026-09-06T10:32:37+0000",
        "type": "UNLIMITED-TRACK",
        "battery": "GOOD",
        "spot_id": 2495076971,
        "source": "spot"
      }
    },
    {
      "type": "Feature",
      "geometry": {
        "type": "Point",
        "coordinates": [
          17.16803,
          43.30444
        ]
      },
      "properties": {
        "timestamp": "2026-09-06T10:37:37+0000",
        "type": "UNLIMITED-TRACK",
        "battery": "GOOD",
        "spot_id": 2495077876,
        "source": "spot"
      }
    },
    {
      "type": "Feature",
      "geometry": {
        "type": "Point",
        "coordinates": [
          17.16788,
          43.30479
        ]
      },
      "properties": {
        "timestamp": "2026-09-06T10:42:32+0000",
        "type": "UNLIMITED-TRACK",
        "battery": "GOOD",
        "spot_id": 2495079207,
        "source": "spot"
      }
    },
    {
      "type": "Feature",
      "geometry": {
        "type": "Point",
        "coordinates": [
          17.19774,
          43.28102
        ]
      },
      "properties": {
        "timestamp": "2026-09-06T11:12:34+0000",
        "type": "UNLIMITED-TRACK",
        "battery": "GOOD",
        "spot_id": 2495084501,
        "source": "spot"
      }
    },
    {
      "type": "Feature",
      "geometry": {
        "type": "Point",
        "coordinates": [
          17.22701,
          43.25312
        ]
      },
      "properties": {
        "timestamp": "2026-09-06T11:27:23+0000",
        "type": "UNLIMITED-TRACK",
        "battery": "GOOD",
        "spot_id": 2495090072,
        "source": "spot"
      }
    },
    {
      "type": "Feature",
      "geometry": {
        "type": "Point",
        "coordinates": [
          17.24031,
          43.23583
        ]
      },
      "properties": {
        "timestamp": "2026-09-06T11:32:23+0000",
        "type": "UNLIMITED-TRACK",
        "battery": "GOOD",
        "spot_id": 2495090069,
        "source": "spot"
      }
    },
    {
      "type": "Feature",
      "geometry": {
        "type": "Point",
        "coordinates": [
          17.25276,
          43.22716
        ]
      },
      "properties": {
        "timestamp": "2026-09-06T11:37:23+0000",
        "type": "UNLIMITED-TRACK",
        "battery": "GOOD",
        "spot_id": 2495090051,
        "source": "spot"
      }
    },
    {
      "type": "Feature",
      "geometry": {
        "type": "Point",
        "coordinates": [
          17.26608,
          43.22183
        ]
      },
      "properties": {
        "timestamp": "2026-09-06T11:42:16+0000",
        "type": "UNLIMITED-TRACK",
        "battery": "GOOD",
        "spot_id": 2495092489,
        "source": "spot"
      }
    },
    {
      "type": "Feature",
      "geometry": {
        "type": "Point",
        "coordinates": [
          17.27913,
          43.21762
        ]
      },
      "properties": {
        "timestamp": "2026-09-06T11:47:16+0000",
        "type": "UNLIMITED-TRACK",
        "battery": "GOOD",
        "spot_id": 2495092466,
        "source": "spot"
      }
    },
    {
      "type": "Feature",
      "geometry": {
        "type": "Point",
        "coordinates": [
          17.29085,
          43.21386
        ]
      },
      "properties": {
        "timestamp": "2026-09-06T11:52:10+0000",
        "type": "UNLIMITED-TRACK",
        "battery": "GOOD",
        "spot_id": 2495096544,
        "source": "spot"
      }
    },
    {
      "type": "Feature",
      "geometry": {
        "type": "Point",
        "coordinates": [
          17.30793,
          43.20965
        ]
      },
      "properties": {
        "timestamp": "2026-09-06T11:57:10+0000",
        "type": "UNLIMITED-TRACK",
        "battery": "GOOD",
        "spot_id": 2495096543,
        "source": "spot"
      }
    },
    {
      "type": "Feature",
      "geometry": {
        "type": "Point",
        "coordinates": [
          17.31789,
          43.20703
        ]
      },
      "properties": {
        "timestamp": "2026-09-06T12:02:10+0000",
        "type": "UNLIMITED-TRACK",
        "battery": "GOOD",
        "spot_id": 2495096502,
        "source": "spot"
      }
    },
    {
      "type": "Feature",
      "geometry": {
        "type": "Point",
        "coordinates": [
          17.33471,
          43.20368
        ]
      },
      "properties": {
        "timestamp": "2026-09-06T12:07:04+0000",
        "type": "UNLIMITED-TRACK",
        "battery": "GOOD",
        "spot_id": 2495099192,
        "source": "spot"
      }
    },
    {
      "type": "Feature",
      "geometry": {
        "type": "Point",
        "coordinates": [
          17.359,
          43.20548
        ]
      },
      "properties": {
        "timestamp": "2026-09-06T12:12:04+0000",
        "type": "UNLIMITED-TRACK",
        "battery": "GOOD",
        "spot_id": 2495099174,
        "source": "spot"
      }
    },
    {
      "type": "Feature",
      "geometry": {
        "type": "Point",
        "coordinates": [
          17.37636,
          43.20535
        ]
      },
      "properties": {
        "timestamp": "2026-09-06T12:17:02+0000",
        "type": "UNLIMITED-TRACK",
        "battery": "GOOD",
        "spot_id": 2495100594,
        "source": "spot"
      }
    },
    {
      "type": "Feature",
      "geometry": {
        "type": "Point",
        "coordinates": [
          17.38099,
          43.20632
        ]
      },
      "properties": {
        "timestamp": "2026-09-06T12:59:20+0000",
        "type": "UNLIMITED-TRACK",
        "battery": "GOOD",
        "spot_id": 2495112990,
        "source": "spot"
      }
    },
    {
      "type": "Feature",
      "geometry": {
        "type": "Point",
        "coordinates": [
          17.40335,
          43.20895
        ]
      },
      "properties": {
        "timestamp": "2026-09-06T13:03:43+0000",
        "type": "UNLIMITED-TRACK",
        "battery": "GOOD",
        "spot_id": 2495114143,
        "source": "spot"
      }
    },
    {
      "type": "Feature",
      "geometry": {
        "type": "Point",
        "coordinates": [
          17.46631,
          43.21103
        ]
      },
      "properties": {
        "timestamp": "2026-09-06T13:28:38+0000",
        "type": "UNLIMITED-TRACK",
        "battery": "GOOD",
        "spot_id": 2495124659,
        "source": "spot"
      }
    },
    {
      "type": "Feature",
      "geometry": {
        "type": "Point",
        "coordinates": [
          17.48185,
          43.20459
        ]
      },
      "properties": {
        "timestamp": "2026-09-06T13:33:38+0000",
        "type": "UNLIMITED-TRACK",
        "battery": "GOOD",
        "spot_id": 2495124658,
        "source": "spot"
      }
    },
    {
      "type": "Feature",
      "geometry": {
        "type": "Point",
        "coordinates": [
          17.49472,
          43.2012
        ]
      },
      "properties": {
        "timestamp": "2026-09-06T13:38:38+0000",
        "type": "UNLIMITED-TRACK",
        "battery": "GOOD",
        "spot_id": 2495124626,
        "source": "spot"
      }
    },
    {
      "type": "Feature",
      "geometry": {
        "type": "Point",
        "coordinates": [
          17.5044,
          43.20212
        ]
      },
      "properties": {
        "timestamp": "2026-09-06T13:43:38+0000",
        "type": "UNLIMITED-TRACK",
        "battery": "GOOD",
        "spot_id": 2495128003,
        "source": "spot"
      }
    },
    {
      "type": "Feature",
      "geometry": {
        "type": "Point",
        "coordinates": [
          17.51899,
          43.19753
        ]
      },
      "properties": {
        "timestamp": "2026-09-06T13:48:38+0000",
        "type": "UNLIMITED-TRACK",
        "battery": "GOOD",
        "spot_id": 2495127969,
        "source": "spot"
      }
    },
    {
      "type": "Feature",
      "geometry": {
        "type": "Point",
        "coordinates": [
          17.53366,
          43.19592
        ]
      },
      "properties": {
        "timestamp": "2026-09-06T13:53:33+0000",
        "type": "UNLIMITED-TRACK",
        "battery": "GOOD",
        "spot_id": 2495129845,
        "source": "spot"
      }
    },
    {
      "type": "Feature",
      "geometry": {
        "type": "Point",
        "coordinates": [
          17.54456,
          43.19608
        ]
      },
      "properties": {
        "timestamp": "2026-09-06T13:58:32+0000",
        "type": "UNLIMITED-TRACK",
        "battery": "GOOD",
        "spot_id": 2495133278,
        "source": "spot"
      }
    },
    {
      "type": "Feature",
      "geometry": {
        "type": "Point",
        "coordinates": [
          17.54465,
          43.19599
        ]
      },
      "properties": {
        "timestamp": "2026-09-06T14:03:32+0000",
        "type": "UNLIMITED-TRACK",
        "battery": "GOOD",
        "spot_id": 2495133242,
        "source": "spot"
      }
    },
    {
      "type": "Feature",
      "geometry": {
        "type": "Point",
        "coordinates": [
          17.54465,
          43.19611
        ]
      },
      "properties": {
        "timestamp": "2026-09-06T14:13:26+0000",
        "type": "UNLIMITED-TRACK",
        "battery": "GOOD",
        "spot_id": 2495136911,
        "source": "spot"
      }
    },
    {
      "type": "Feature",
      "geometry": {
        "type": "Point",
        "coordinates": [
          17.54435,
          43.19608
        ]
      },
      "properties": {
        "timestamp": "2026-09-06T14:21:27+0000",
        "type": "UNLIMITED-TRACK",
        "battery": "GOOD",
        "spot_id": 2495139579,
        "source": "spot"
      }
    },
    {
      "type": "Feature",
      "geometry": {
        "type": "Point",
        "coordinates": [
          17.55238,
          43.19673
        ]
      },
      "properties": {
        "timestamp": "2026-09-06T14:26:19+0000",
        "type": "UNLIMITED-TRACK",
        "battery": "GOOD",
        "spot_id": 2495143069,
        "source": "spot"
      }
    },
    {
      "type": "Feature",
      "geometry": {
        "type": "Point",
        "coordinates": [
          17.56422,
          43.19463
        ]
      },
      "properties": {
        "timestamp": "2026-09-06T14:31:19+0000",
        "type": "UNLIMITED-TRACK",
        "battery": "GOOD",
        "spot_id": 2495143030,
        "source": "spot"
      }
    },
    {
      "type": "Feature",
      "geometry": {
        "type": "Point",
        "coordinates": [
          17.57401,
          43.19667
        ]
      },
      "properties": {
        "timestamp": "2026-09-06T14:36:15+0000",
        "type": "UNLIMITED-TRACK",
        "battery": "GOOD",
        "spot_id": 2495144946,
        "source": "spot"
      }
    },
    {
      "type": "Feature",
      "geometry": {
        "type": "Point",
        "coordinates": [
          17.58282,
          43.19988
        ]
      },
      "properties": {
        "timestamp": "2026-09-06T14:41:12+0000",
        "type": "UNLIMITED-TRACK",
        "battery": "GOOD",
        "spot_id": 2495146701,
        "source": "spot"
      }
    },
    {
      "type": "Feature",
      "geometry": {
        "type": "Point",
        "coordinates": [
          17.60347,
          43.19865
        ]
      },
      "properties": {
        "timestamp": "2026-09-06T14:46:06+0000",
        "type": "UNLIMITED-TRACK",
        "battery": "GOOD",
        "spot_id": 2495150135,
        "source": "spot"
      }
    },
    {
      "type": "Feature",
      "geometry": {
        "type": "Point",
        "coordinates": [
          17.61377,
          43.19998
        ]
      },
      "properties": {
        "timestamp": "2026-09-06T14:51:06+0000",
        "type": "UNLIMITED-TRACK",
        "battery": "GOOD",
        "spot_id": 2495150103,
        "source": "spot"
      }
    },
    {
      "type": "Feature",
      "geometry": {
        "type": "Point",
        "coordinates": [
          17.64117,
          43.20875
        ]
      },
      "properties": {
        "timestamp": "2026-09-06T15:01:00+0000",
        "type": "UNLIMITED-TRACK",
        "battery": "GOOD",
        "spot_id": 2495156578,
        "source": "spot"
      }
    },
    {
      "type": "Feature",
      "geometry": {
        "type": "Point",
        "coordinates": [
          17.65859,
          43.20798
        ]
      },
      "properties": {
        "timestamp": "2026-09-06T15:06:00+0000",
        "type": "UNLIMITED-TRACK",
        "battery": "GOOD",
        "spot_id": 2495156576,
        "source": "spot"
      }
    },
    {
      "type": "Feature",
      "geometry": {
        "type": "Point",
        "coordinates": [
          17.66966,
          43.20777
        ]
      },
      "properties": {
        "timestamp": "2026-09-06T15:11:00+0000",
        "type": "UNLIMITED-TRACK",
        "battery": "GOOD",
        "spot_id": 2495156525,
        "source": "spot"
      }
    },
    {
      "type": "Feature",
      "geometry": {
        "type": "Point",
        "coordinates": [
          17.66954,
          43.20777
        ]
      },
      "properties": {
        "timestamp": "2026-09-06T15:15:57+0000",
        "type": "UNLIMITED-TRACK",
        "battery": "GOOD",
        "spot_id": 2495160195,
        "source": "spot"
      }
    },
    {
      "type": "Feature",
      "geometry": {
        "type": "Point",
        "coordinates": [
          17.66945,
          43.20206
        ]
      },
      "properties": {
        "timestamp": "2026-09-06T15:20:57+0000",
        "type": "UNLIMITED-TRACK",
        "battery": "GOOD",
        "spot_id": 2495160148,
        "source": "spot"
      }
    },
    {
      "type": "Feature",
      "geometry": {
        "type": "Point",
        "coordinates": [
          17.67073,
          43.20113
        ]
      },
      "properties": {
        "timestamp": "2026-09-06T15:30:52+0000",
        "type": "UNLIMITED-TRACK",
        "battery": "GOOD",
        "spot_id": 2495168072,
        "source": "spot"
      }
    },
    {
      "type": "Feature",
      "geometry": {
        "type": "Point",
        "coordinates": [
          17.66876,
          43.20302
        ]
      },
      "properties": {
        "timestamp": "2026-09-06T15:35:52+0000",
        "type": "UNLIMITED-TRACK",
        "battery": "GOOD",
        "spot_id": 2495168070,
        "source": "spot"
      }
    },
    {
      "type": "Feature",
      "geometry": {
        "type": "Point",
        "coordinates": [
          17.66876,
          43.20323
        ]
      },
      "properties": {
        "timestamp": "2026-09-06T15:40:52+0000",
        "type": "UNLIMITED-TRACK",
        "battery": "GOOD",
        "spot_id": 2495168037,
        "source": "spot"
      }
    },
    {
      "type": "Feature",
      "geometry": {
        "type": "Point",
        "coordinates": [
          17.66866,
          43.20564
        ]
      },
      "properties": {
        "timestamp": "2026-09-06T15:45:53+0000",
        "type": "UNLIMITED-TRACK",
        "battery": "GOOD",
        "spot_id": 2495172095,
        "source": "spot"
      }
    },
    {
      "type": "Feature",
      "geometry": {
        "type": "Point",
        "coordinates": [
          17.66866,
          43.20736
        ]
      },
      "properties": {
        "timestamp": "2026-09-06T15:50:53+0000",
        "type": "UNLIMITED-TRACK",
        "battery": "GOOD",
        "spot_id": 2495172049,
        "source": "spot"
      }
    },
    {
      "type": "Feature",
      "geometry": {
        "type": "Point",
        "coordinates": [
          17.66889,
          43.20282
        ]
      },
      "properties": {
        "timestamp": "2026-09-06T17:58:28+0000",
        "type": "OK",
        "battery": "GOOD",
        "spot_id": 2495222669,
        "source": "spot"
      }
    },
    {
      "type": "Feature",
      "geometry": {
        "type": "Point",
        "coordinates": [
          17.66893,
          43.20256
        ]
      },
      "properties": {
        "timestamp": "2026-09-07T06:29:39+0000",
        "type": "UNLIMITED-TRACK",
        "battery": "GOOD",
        "spot_id": 2495452058,
        "source": "spot"
      }
    },
    {
      "type": "Feature",
      "geometry": {
        "type": "Point",
        "coordinates": [
          17.68108,
          43.19449
        ]
      },
      "properties": {
        "timestamp": "2026-09-07T06:34:37+0000",
        "type": "UNLIMITED-TRACK",
        "battery": "GOOD",
        "spot_id": 2495453322,
        "source": "spot"
      }
    },
    {
      "type": "Feature",
      "geometry": {
        "type": "Point",
        "coordinates": [
          17.68955,
          43.18711
        ]
      },
      "properties": {
        "timestamp": "2026-09-07T06:39:34+0000",
        "type": "UNLIMITED-TRACK",
        "battery": "GOOD",
        "spot_id": 2495454620,
        "source": "spot"
      }
    },
    {
      "type": "Feature",
      "geometry": {
        "type": "Point",
        "coordinates": [
          17.70567,
          43.18381
        ]
      },
      "properties": {
        "timestamp": "2026-09-07T06:44:32+0000",
        "type": "UNLIMITED-TRACK",
        "battery": "GOOD",
        "spot_id": 2495455825,
        "source": "spot"
      }
    },
    {
      "type": "Feature",
      "geometry": {
        "type": "Point",
        "coordinates": [
          17.71792,
          43.18167
        ]
      },
      "properties": {
        "timestamp": "2026-09-07T06:49:27+0000",
        "type": "UNLIMITED-TRACK",
        "battery": "GOOD",
        "spot_id": 2495458437,
        "source": "spot"
      }
    },
    {
      "type": "Feature",
      "geometry": {
        "type": "Point",
        "coordinates": [
          17.72994,
          43.17326
        ]
      },
      "properties": {
        "timestamp": "2026-09-07T06:54:27+0000",
        "type": "UNLIMITED-TRACK",
        "battery": "GOOD",
        "spot_id": 2495458403,
        "source": "spot"
      }
    },
    {
      "type": "Feature",
      "geometry": {
        "type": "Point",
        "coordinates": [
          17.72571,
          43.138
        ]
      },
      "properties": {
        "timestamp": "2026-09-07T07:14:49+0000",
        "type": "UNLIMITED-TRACK",
        "battery": "GOOD",
        "spot_id": 2495466214,
        "source": "spot"
      }
    },
    {
      "type": "Feature",
      "geometry": {
        "type": "Point",
        "coordinates": [
          17.72065,
          43.1268
        ]
      },
      "properties": {
        "timestamp": "2026-09-07T07:19:49+0000",
        "type": "UNLIMITED-TRACK",
        "battery": "GOOD",
        "spot_id": 2495466213,
        "source": "spot"
      }
    },
    {
      "type": "Feature",
      "geometry": {
        "type": "Point",
        "coordinates": [
          17.71241,
          43.12148
        ]
      },
      "properties": {
        "timestamp": "2026-09-07T07:24:49+0000",
        "type": "UNLIMITED-TRACK",
        "battery": "GOOD",
        "spot_id": 2495466174,
        "source": "spot"
      }
    },
    {
      "type": "Feature",
      "geometry": {
        "type": "Point",
        "coordinates": [
          17.70294,
          43.10979
        ]
      },
      "properties": {
        "timestamp": "2026-09-07T07:39:02+0000",
        "type": "UNLIMITED-TRACK",
        "battery": "GOOD",
        "spot_id": 2495472289,
        "source": "spot"
      }
    },
    {
      "type": "Feature",
      "geometry": {
        "type": "Point",
        "coordinates": [
          17.70998,
          43.11451
        ]
      },
      "properties": {
        "timestamp": "2026-09-07T07:44:02+0000",
        "type": "UNLIMITED-TRACK",
        "battery": "GOOD",
        "spot_id": 2495472286,
        "source": "spot"
      }
    },
    {
      "type": "Feature",
      "geometry": {
        "type": "Point",
        "coordinates": [
          17.71479,
          43.10949
        ]
      },
      "properties": {
        "timestamp": "2026-09-07T07:49:02+0000",
        "type": "UNLIMITED-TRACK",
        "battery": "GOOD",
        "spot_id": 2495472255,
        "source": "spot"
      }
    },
    {
      "type": "Feature",
      "geometry": {
        "type": "Point",
        "coordinates": [
          17.71479,
          43.10947
        ]
      },
      "properties": {
        "timestamp": "2026-09-07T07:53:58+0000",
        "type": "UNLIMITED-TRACK",
        "battery": "GOOD",
        "spot_id": 2495473479,
        "source": "spot"
      }
    },
    {
      "type": "Feature",
      "geometry": {
        "type": "Point",
        "coordinates": [
          17.7215,
          43.11656
        ]
      },
      "properties": {
        "timestamp": "2026-09-07T08:38:37+0000",
        "type": "UNLIMITED-TRACK",
        "battery": "GOOD",
        "spot_id": 2495483648,
        "source": "spot"
      }
    },
    {
      "type": "Feature",
      "geometry": {
        "type": "Point",
        "coordinates": [
          17.73464,
          43.1194
        ]
      },
      "properties": {
        "timestamp": "2026-09-07T08:48:33+0000",
        "type": "UNLIMITED-TRACK",
        "battery": "GOOD",
        "spot_id": 2495486094,
        "source": "spot"
      }
    },
    {
      "type": "Feature",
      "geometry": {
        "type": "Point",
        "coordinates": [
          17.75953,
          43.12659
        ]
      },
      "properties": {
        "timestamp": "2026-09-07T08:58:31+0000",
        "type": "UNLIMITED-TRACK",
        "battery": "GOOD",
        "spot_id": 2495488307,
        "source": "spot"
      }
    },
    {
      "type": "Feature",
      "geometry": {
        "type": "Point",
        "coordinates": [
          17.76901,
          43.13133
        ]
      },
      "properties": {
        "timestamp": "2026-09-07T09:03:27+0000",
        "type": "UNLIMITED-TRACK",
        "battery": "GOOD",
        "spot_id": 2495490294,
        "source": "spot"
      }
    },
    {
      "type": "Feature",
      "geometry": {
        "type": "Point",
        "coordinates": [
          17.7836,
          43.13708
        ]
      },
      "properties": {
        "timestamp": "2026-09-07T09:08:27+0000",
        "type": "UNLIMITED-TRACK",
        "battery": "GOOD",
        "spot_id": 2495490271,
        "source": "spot"
      }
    },
    {
      "type": "Feature",
      "geometry": {
        "type": "Point",
        "coordinates": [
          17.79882,
          43.13699
        ]
      },
      "properties": {
        "timestamp": "2026-09-07T09:13:20+0000",
        "type": "UNLIMITED-TRACK",
        "battery": "GOOD",
        "spot_id": 2495493655,
        "source": "spot"
      }
    },
    {
      "type": "Feature",
      "geometry": {
        "type": "Point",
        "coordinates": [
          17.80963,
          43.13609
        ]
      },
      "properties": {
        "timestamp": "2026-09-07T09:18:20+0000",
        "type": "UNLIMITED-TRACK",
        "battery": "GOOD",
        "spot_id": 2495493654,
        "source": "spot"
      }
    },
    {
      "type": "Feature",
      "geometry": {
        "type": "Point",
        "coordinates": [
          17.8195,
          43.13609
        ]
      },
      "properties": {
        "timestamp": "2026-09-07T09:23:20+0000",
        "type": "UNLIMITED-TRACK",
        "battery": "GOOD",
        "spot_id": 2495493636,
        "source": "spot"
      }
    },
    {
      "type": "Feature",
      "geometry": {
        "type": "Point",
        "coordinates": [
          17.81989,
          43.13603
        ]
      },
      "properties": {
        "timestamp": "2026-09-07T09:28:14+0000",
        "type": "UNLIMITED-TRACK",
        "battery": "GOOD",
        "spot_id": 2495495809,
        "source": "spot"
      }
    },
    {
      "type": "Feature",
      "geometry": {
        "type": "Point",
        "coordinates": [
          17.81989,
          43.13594
        ]
      },
      "properties": {
        "timestamp": "2026-09-07T09:33:14+0000",
        "type": "UNLIMITED-TRACK",
        "battery": "GOOD",
        "spot_id": 2495495770,
        "source": "spot"
      }
    },
    {
      "type": "Feature",
      "geometry": {
        "type": "Point",
        "coordinates": [
          17.81974,
          43.13582
        ]
      },
      "properties": {
        "timestamp": "2026-09-07T09:38:09+0000",
        "type": "UNLIMITED-TRACK",
        "battery": "GOOD",
        "spot_id": 2495496812,
        "source": "spot"
      }
    },
    {
      "type": "Feature",
      "geometry": {
        "type": "Point",
        "coordinates": [
          17.82126,
          43.13589
        ]
      },
      "properties": {
        "timestamp": "2026-09-07T09:58:31+0000",
        "type": "UNLIMITED-TRACK",
        "battery": "GOOD",
        "spot_id": 2495500736,
        "source": "spot"
      }
    },
    {
      "type": "Feature",
      "geometry": {
        "type": "Point",
        "coordinates": [
          17.83849,
          43.13583
        ]
      },
      "properties": {
        "timestamp": "2026-09-07T10:03:30+0000",
        "type": "UNLIMITED-TRACK",
        "battery": "GOOD",
        "spot_id": 2495501905,
        "source": "spot"
      }
    },
    {
      "type": "Feature",
      "geometry": {
        "type": "Point",
        "coordinates": [
          17.85094,
          43.1323
        ]
      },
      "properties": {
        "timestamp": "2026-09-07T10:08:28+0000",
        "type": "UNLIMITED-TRACK",
        "battery": "GOOD",
        "spot_id": 2495502805,
        "source": "spot"
      }
    },
    {
      "type": "Feature",
      "geometry": {
        "type": "Point",
        "coordinates": [
          17.89204,
          43.11519
        ]
      },
      "properties": {
        "timestamp": "2026-09-07T10:18:52+0000",
        "type": "UNLIMITED-TRACK",
        "battery": "GOOD",
        "spot_id": 2495506965,
        "source": "spot"
      }
    },
    {
      "type": "Feature",
      "geometry": {
        "type": "Point",
        "coordinates": [
          17.90977,
          43.09993
        ]
      },
      "properties": {
        "timestamp": "2026-09-07T10:23:24+0000",
        "type": "UNLIMITED-TRACK",
        "battery": "GOOD",
        "spot_id": 2495505587,
        "source": "spot"
      }
    },
    {
      "type": "Feature",
      "geometry": {
        "type": "Point",
        "coordinates": [
          17.93256,
          43.08648
        ]
      },
      "properties": {
        "timestamp": "2026-09-07T10:28:52+0000",
        "type": "UNLIMITED-TRACK",
        "battery": "GOOD",
        "spot_id": 2495506939,
        "source": "spot"
      }
    },
    {
      "type": "Feature",
      "geometry": {
        "type": "Point",
        "coordinates": [
          17.97084,
          43.09758
        ]
      },
      "properties": {
        "timestamp": "2026-09-07T10:53:02+0000",
        "type": "UNLIMITED-TRACK",
        "battery": "GOOD",
        "spot_id": 2495514697,
        "source": "spot"
      }
    },
    {
      "type": "Feature",
      "geometry": {
        "type": "Point",
        "coordinates": [
          17.98535,
          43.09865
        ]
      },
      "properties": {
        "timestamp": "2026-09-07T10:58:02+0000",
        "type": "UNLIMITED-TRACK",
        "battery": "GOOD",
        "spot_id": 2495514696,
        "source": "spot"
      }
    },
    {
      "type": "Feature",
      "geometry": {
        "type": "Point",
        "coordinates": [
          17.99848,
          43.09024
        ]
      },
      "properties": {
        "timestamp": "2026-09-07T11:03:02+0000",
        "type": "UNLIMITED-TRACK",
        "battery": "GOOD",
        "spot_id": 2495514666,
        "source": "spot"
      }
    },
    {
      "type": "Feature",
      "geometry": {
        "type": "Point",
        "coordinates": [
          18.06056,
          43.07221
        ]
      },
      "properties": {
        "timestamp": "2026-09-07T11:27:45+0000",
        "type": "UNLIMITED-TRACK",
        "battery": "GOOD",
        "spot_id": 2495523585,
        "source": "spot"
      }
    },
    {
      "type": "Feature",
      "geometry": {
        "type": "Point",
        "coordinates": [
          18.06743,
          43.07221
        ]
      },
      "properties": {
        "timestamp": "2026-09-07T11:32:45+0000",
        "type": "UNLIMITED-TRACK",
        "battery": "GOOD",
        "spot_id": 2495523583,
        "source": "spot"
      }
    },
    {
      "type": "Feature",
      "geometry": {
        "type": "Point",
        "coordinates": [
          18.07309,
          43.07247
        ]
      },
      "properties": {
        "timestamp": "2026-09-07T11:37:45+0000",
        "type": "UNLIMITED-TRACK",
        "battery": "GOOD",
        "spot_id": 2495523555,
        "source": "spot"
      }
    },
    {
      "type": "Feature",
      "geometry": {
        "type": "Point",
        "coordinates": [
          18.07878,
          43.07293
        ]
      },
      "properties": {
        "timestamp": "2026-09-07T11:42:47+0000",
        "type": "UNLIMITED-TRACK",
        "battery": "GOOD",
        "spot_id": 2495524786,
        "source": "spot"
      }
    },
    {
      "type": "Feature",
      "geometry": {
        "type": "Point",
        "coordinates": [
          18.07867,
          43.07294
        ]
      },
      "properties": {
        "timestamp": "2026-09-07T11:47:43+0000",
        "type": "UNLIMITED-TRACK",
        "battery": "GOOD",
        "spot_id": 2495526075,
        "source": "spot"
      }
    },
    {
      "type": "Feature",
      "geometry": {
        "type": "Point",
        "coordinates": [
          18.09026,
          43.07434
        ]
      },
      "properties": {
        "timestamp": "2026-09-07T11:57:33+0000",
        "type": "UNLIMITED-TRACK",
        "battery": "LOW",
        "spot_id": 2495531159,
        "source": "spot"
      }
    },
    {
      "type": "Feature",
      "geometry": {
        "type": "Point",
        "coordinates": [
          18.09944,
          43.0746
        ]
      },
      "properties": {
        "timestamp": "2026-09-07T12:02:33+0000",
        "type": "UNLIMITED-TRACK",
        "battery": "LOW",
        "spot_id": 2495531158,
        "source": "spot"
      }
    },
    {
      "type": "Feature",
      "geometry": {
        "type": "Point",
        "coordinates": [
          18.10751,
          43.07842
        ]
      },
      "properties": {
        "timestamp": "2026-09-07T12:07:33+0000",
        "type": "UNLIMITED-TRACK",
        "battery": "LOW",
        "spot_id": 2495531129,
        "source": "spot"
      }
    },
    {
      "type": "Feature",
      "geometry": {
        "type": "Point",
        "coordinates": [
          18.12173,
          43.08377
        ]
      },
      "properties": {
        "timestamp": "2026-09-07T12:22:31+0000",
        "type": "UNLIMITED-TRACK",
        "battery": "LOW",
        "spot_id": 2495535337,
        "source": "spot"
      }
    },
    {
      "type": "Feature",
      "geometry": {
        "type": "Point",
        "coordinates": [
          18.1459,
          43.09177
        ]
      },
      "properties": {
        "timestamp": "2026-09-07T12:41:27+0000",
        "type": "UNLIMITED-TRACK",
        "battery": "LOW",
        "spot_id": 2495544089,
        "source": "spot"
      }
    },
    {
      "type": "Feature",
      "geometry": {
        "type": "Point",
        "coordinates": [
          18.15912,
          43.0937
        ]
      },
      "properties": {
        "timestamp": "2026-09-07T12:46:27+0000",
        "type": "UNLIMITED-TRACK",
        "battery": "LOW",
        "spot_id": 2495544088,
        "source": "spot"
      }
    },
    {
      "type": "Feature",
      "geometry": {
        "type": "Point",
        "coordinates": [
          18.15946,
          43.0943
        ]
      },
      "properties": {
        "timestamp": "2026-09-07T12:51:27+0000",
        "type": "UNLIMITED-TRACK",
        "battery": "LOW",
        "spot_id": 2495544060,
        "source": "spot"
      }
    },
    {
      "type": "Feature",
      "geometry": {
        "type": "Point",
        "coordinates": [
          18.16652,
          43.09483
        ]
      },
      "properties": {
        "timestamp": "2026-09-07T12:56:24+0000",
        "type": "UNLIMITED-TRACK",
        "battery": "LOW",
        "spot_id": 2495545714,
        "source": "spot"
      }
    },
    {
      "type": "Feature",
      "geometry": {
        "type": "Point",
        "coordinates": [
          18.25153,
          43.06213
        ]
      },
      "properties": {
        "timestamp": "2026-09-07T13:21:06+0000",
        "type": "UNLIMITED-TRACK",
        "battery": "GOOD",
        "spot_id": 2495556756,
        "source": "spot"
      }
    },
    {
      "type": "Feature",
      "geometry": {
        "type": "Point",
        "coordinates": [
          18.26226,
          43.05981
        ]
      },
      "properties": {
        "timestamp": "2026-09-07T13:26:06+0000",
        "type": "UNLIMITED-TRACK",
        "battery": "GOOD",
        "spot_id": 2495556755,
        "source": "spot"
      }
    },
    {
      "type": "Feature",
      "geometry": {
        "type": "Point",
        "coordinates": [
          18.26904,
          43.05337
        ]
      },
      "properties": {
        "timestamp": "2026-09-07T13:31:06+0000",
        "type": "UNLIMITED-TRACK",
        "battery": "GOOD",
        "spot_id": 2495556719,
        "source": "spot"
      }
    },
    {
      "type": "Feature",
      "geometry": {
        "type": "Point",
        "coordinates": [
          18.27554,
          43.05073
        ]
      },
      "properties": {
        "timestamp": "2026-09-07T13:36:04+0000",
        "type": "UNLIMITED-TRACK",
        "battery": "GOOD",
        "spot_id": 2495558501,
        "source": "spot"
      }
    },
    {
      "type": "Feature",
      "geometry": {
        "type": "Point",
        "coordinates": [
          18.28711,
          43.04607
        ]
      },
      "properties": {
        "timestamp": "2026-09-07T13:41:05+0000",
        "type": "UNLIMITED-TRACK",
        "battery": "GOOD",
        "spot_id": 2495560298,
        "source": "spot"
      }
    },
    {
      "type": "Feature",
      "geometry": {
        "type": "Point",
        "coordinates": [
          18.29543,
          43.04001
        ]
      },
      "properties": {
        "timestamp": "2026-09-07T13:46:02+0000",
        "type": "UNLIMITED-TRACK",
        "battery": "GOOD",
        "spot_id": 2495561836,
        "source": "spot"
      }
    },
    {
      "type": "Feature",
      "geometry": {
        "type": "Point",
        "coordinates": [
          18.31453,
          43.03318
        ]
      },
      "properties": {
        "timestamp": "2026-09-07T13:50:53+0000",
        "type": "UNLIMITED-TRACK",
        "battery": "GOOD",
        "spot_id": 2495564896,
        "source": "spot"
      }
    },
    {
      "type": "Feature",
      "geometry": {
        "type": "Point",
        "coordinates": [
          18.33504,
          43.02468
        ]
      },
      "properties": {
        "timestamp": "2026-09-07T13:55:53+0000",
        "type": "UNLIMITED-TRACK",
        "battery": "GOOD",
        "spot_id": 2495564871,
        "source": "spot"
      }
    },
    {
      "type": "Feature",
      "geometry": {
        "type": "Point",
        "coordinates": [
          18.34784,
          43.0209
        ]
      },
      "properties": {
        "timestamp": "2026-09-07T14:00:47+0000",
        "type": "UNLIMITED-TRACK",
        "battery": "GOOD",
        "spot_id": 2495568002,
        "source": "spot"
      }
    },
    {
      "type": "Feature",
      "geometry": {
        "type": "Point",
        "coordinates": [
          18.35376,
          43.01481
        ]
      },
      "properties": {
        "timestamp": "2026-09-07T14:05:47+0000",
        "type": "UNLIMITED-TRACK",
        "battery": "GOOD",
        "spot_id": 2495567969,
        "source": "spot"
      }
    },
    {
      "type": "Feature",
      "geometry": {
        "type": "Point",
        "coordinates": [
          18.36043,
          43.00782
        ]
      },
      "properties": {
        "timestamp": "2026-09-07T14:10:42+0000",
        "type": "UNLIMITED-TRACK",
        "battery": "GOOD",
        "spot_id": 2495571548,
        "source": "spot"
      }
    },
    {
      "type": "Feature",
      "geometry": {
        "type": "Point",
        "coordinates": [
          18.37073,
          42.99022
        ]
      },
      "properties": {
        "timestamp": "2026-09-07T14:15:42+0000",
        "type": "UNLIMITED-TRACK",
        "battery": "GOOD",
        "spot_id": 2495571519,
        "source": "spot"
      }
    },
    {
      "type": "Feature",
      "geometry": {
        "type": "Point",
        "coordinates": [
          18.38856,
          42.97934
        ]
      },
      "properties": {
        "timestamp": "2026-09-07T14:20:55+0000",
        "type": "UNLIMITED-TRACK",
        "battery": "GOOD",
        "spot_id": 2495575382,
        "source": "spot"
      }
    },
    {
      "type": "Feature",
      "geometry": {
        "type": "Point",
        "coordinates": [
          18.39603,
          42.97303
        ]
      },
      "properties": {
        "timestamp": "2026-09-07T14:25:55+0000",
        "type": "UNLIMITED-TRACK",
        "battery": "GOOD",
        "spot_id": 2495575344,
        "source": "spot"
      }
    },
    {
      "type": "Feature",
      "geometry": {
        "type": "Point",
        "coordinates": [
          18.41184,
          42.9547
        ]
      },
      "properties": {
        "timestamp": "2026-09-07T14:35:36+0000",
        "type": "UNLIMITED-TRACK",
        "battery": "GOOD",
        "spot_id": 2495578908,
        "source": "spot"
      }
    },
    {
      "type": "Feature",
      "geometry": {
        "type": "Point",
        "coordinates": [
          18.40965,
          42.89265
        ]
      },
      "properties": {
        "timestamp": "2026-09-07T15:10:12+0000",
        "type": "UNLIMITED-TRACK",
        "battery": "GOOD",
        "spot_id": 2495591312,
        "source": "spot"
      }
    },
    {
      "type": "Feature",
      "geometry": {
        "type": "Point",
        "coordinates": [
          18.42678,
          42.87541
        ]
      },
      "properties": {
        "timestamp": "2026-09-07T15:30:02+0000",
        "type": "UNLIMITED-TRACK",
        "battery": "GOOD",
        "spot_id": 2495602889,
        "source": "spot"
      }
    },
    {
      "type": "Feature",
      "geometry": {
        "type": "Point",
        "coordinates": [
          18.42738,
          42.87571
        ]
      },
      "properties": {
        "timestamp": "2026-09-07T15:35:02+0000",
        "type": "UNLIMITED-TRACK",
        "battery": "GOOD",
        "spot_id": 2495602888,
        "source": "spot"
      }
    },
    {
      "type": "Feature",
      "geometry": {
        "type": "Point",
        "coordinates": [
          18.42738,
          42.8758
        ]
      },
      "properties": {
        "timestamp": "2026-09-07T15:40:02+0000",
        "type": "UNLIMITED-TRACK",
        "battery": "GOOD",
        "spot_id": 2495602854,
        "source": "spot"
      }
    },
    {
      "type": "Feature",
      "geometry": {
        "type": "Point",
        "coordinates": [
          18.42678,
          42.87529
        ]
      },
      "properties": {
        "timestamp": "2026-09-07T15:53:55+0000",
        "type": "UNLIMITED-TRACK",
        "battery": "GOOD",
        "spot_id": 2495608076,
        "source": "spot"
      }
    },
    {
      "type": "Feature",
      "geometry": {
        "type": "Point",
        "coordinates": [
          18.42515,
          42.87363
        ]
      },
      "properties": {
        "timestamp": "2026-09-07T15:58:50+0000",
        "type": "UNLIMITED-TRACK",
        "battery": "LOW",
        "spot_id": 2495613473,
        "source": "spot"
      }
    },
    {
      "type": "Feature",
      "geometry": {
        "type": "Point",
        "coordinates": [
          18.42414,
          42.87226
        ]
      },
      "properties": {
        "timestamp": "2026-09-07T16:03:54+0000",
        "type": "UNLIMITED-TRACK",
        "battery": "LOW",
        "spot_id": 2495611722,
        "source": "spot"
      }
    },
    {
      "type": "Feature",
      "geometry": {
        "type": "Point",
        "coordinates": [
          18.42283,
          42.87084
        ]
      },
      "properties": {
        "timestamp": "2026-09-07T16:08:50+0000",
        "type": "UNLIMITED-TRACK",
        "battery": "LOW",
        "spot_id": 2495613447,
        "source": "spot"
      }
    },
    {
      "type": "Feature",
      "geometry": {
        "type": "Point",
        "coordinates": [
          18.42028,
          42.86693
        ]
      },
      "properties": {
        "timestamp": "2026-09-07T17:36:02+0000",
        "type": "UNLIMITED-TRACK",
        "battery": "LOW",
        "spot_id": 2495653677,
        "source": "spot"
      }
    },
    {
      "type": "Feature",
      "geometry": {
        "type": "Point",
        "coordinates": [
          18.42414,
          42.86551
        ]
      },
      "properties": {
        "timestamp": "2026-09-07T17:41:02+0000",
        "type": "UNLIMITED-TRACK",
        "battery": "LOW",
        "spot_id": 2495653676,
        "source": "spot"
      }
    },
    {
      "type": "Feature",
      "geometry": {
        "type": "Point",
        "coordinates": [
          18.42886,
          42.86027
        ]
      },
      "properties": {
        "timestamp": "2026-09-07T17:46:02+0000",
        "type": "UNLIMITED-TRACK",
        "battery": "LOW",
        "spot_id": 2495653602,
        "source": "spot"
      }
    },
    {
      "type": "Feature",
      "geometry": {
        "type": "Point",
        "coordinates": [
          18.43403,
          42.8545
        ]
      },
      "properties": {
        "timestamp": "2026-09-07T17:50:58+0000",
        "type": "UNLIMITED-TRACK",
        "battery": "LOW",
        "spot_id": 2495657810,
        "source": "spot"
      }
    },
    {
      "type": "Feature",
      "geometry": {
        "type": "Point",
        "coordinates": [
          18.43772,
          42.84961
        ]
      },
      "properties": {
        "timestamp": "2026-09-07T17:55:58+0000",
        "type": "UNLIMITED-TRACK",
        "battery": "LOW",
        "spot_id": 2495657764,
        "source": "spot"
      }
    },
    {
      "type": "Feature",
      "geometry": {
        "type": "Point",
        "coordinates": [
          18.4465,
          42.84541
        ]
      },
      "properties": {
        "timestamp": "2026-09-07T18:00:52+0000",
        "type": "UNLIMITED-TRACK",
        "battery": "LOW",
        "spot_id": 2495661481,
        "source": "spot"
      }
    },
    {
      "type": "Feature",
      "geometry": {
        "type": "Point",
        "coordinates": [
          18.44667,
          42.84524
        ]
      },
      "properties": {
        "timestamp": "2026-09-07T18:05:52+0000",
        "type": "UNLIMITED-TRACK",
        "battery": "LOW",
        "spot_id": 2495661446,
        "source": "spot"
      }
    },
    {
      "type": "Feature",
      "geometry": {
        "type": "Point",
        "coordinates": [
          18.44665,
          42.84532
        ]
      },
      "properties": {
        "timestamp": "2026-09-07T18:10:46+0000",
        "type": "UNLIMITED-TRACK",
        "battery": "LOW",
        "spot_id": 2495665702,
        "source": "spot"
      }
    },
    {
      "type": "Feature",
      "geometry": {
        "type": "Point",
        "coordinates": [
          18.44667,
          42.84528
        ]
      },
      "properties": {
        "timestamp": "2026-09-07T18:11:54+0000",
        "type": "CUSTOM",
        "battery": "LOW",
        "spot_id": 2495663976,
        "source": "spot"
      }
    },
    {
      "type": "Feature",
      "geometry": {
        "type": "Point",
        "coordinates": [
          18.44665,
          42.84532
        ]
      },
      "properties": {
        "timestamp": "2026-09-07T18:15:46+0000",
        "type": "UNLIMITED-TRACK",
        "battery": "LOW",
        "spot_id": 2495665664,
        "source": "spot"
      }
    },
    {
      "type": "Feature",
      "geometry": {
        "type": "Point",
        "coordinates": [
          18.44819,
          42.84495
        ]
      },
      "properties": {
        "timestamp": "2026-09-08T03:24:04+0000",
        "type": "UNLIMITED-TRACK",
        "battery": "LOW",
        "spot_id": 2495843217,
        "source": "spot"
      }
    },
    {
      "type": "Feature",
      "geometry": {
        "type": "Point",
        "coordinates": [
          18.47572,
          42.84476
        ]
      },
      "properties": {
        "timestamp": "2026-09-08T05:51:16+0000",
        "type": "UNLIMITED-TRACK",
        "battery": "LOW",
        "spot_id": 2495879874,
        "source": "spot"
      }
    },
    {
      "type": "Feature",
      "geometry": {
        "type": "Point",
        "coordinates": [
          18.47847,
          42.83781
        ]
      },
      "properties": {
        "timestamp": "2026-09-08T05:56:16+0000",
        "type": "UNLIMITED-TRACK",
        "battery": "LOW",
        "spot_id": 2495879873,
        "source": "spot"
      }
    },
    {
      "type": "Feature",
      "geometry": {
        "type": "Point",
        "coordinates": [
          18.47229,
          42.83476
        ]
      },
      "properties": {
        "timestamp": "2026-09-08T06:01:16+0000",
        "type": "UNLIMITED-TRACK",
        "battery": "LOW",
        "spot_id": 2495879847,
        "source": "spot"
      }
    },
    {
      "type": "Feature",
      "geometry": {
        "type": "Point",
        "coordinates": [
          18.47796,
          42.80428
        ]
      },
      "properties": {
        "timestamp": "2026-09-08T06:26:01+0000",
        "type": "UNLIMITED-TRACK",
        "battery": "LOW",
        "spot_id": 2495888653,
        "source": "spot"
      }
    },
    {
      "type": "Feature",
      "geometry": {
        "type": "Point",
        "coordinates": [
          18.48714,
          42.79892
        ]
      },
      "properties": {
        "timestamp": "2026-09-08T06:31:01+0000",
        "type": "UNLIMITED-TRACK",
        "battery": "LOW",
        "spot_id": 2495888652,
        "source": "spot"
      }
    },
    {
      "type": "Feature",
      "geometry": {
        "type": "Point",
        "coordinates": [
          18.48482,
          42.79407
        ]
      },
      "properties": {
        "timestamp": "2026-09-08T06:36:01+0000",
        "type": "UNLIMITED-TRACK",
        "battery": "LOW",
        "spot_id": 2495888633,
        "source": "spot"
      }
    },
    {
      "type": "Feature",
      "geometry": {
        "type": "Point",
        "coordinates": [
          18.4957,
          42.7841
        ]
      },
      "properties": {
        "timestamp": "2026-09-08T06:45:55+0000",
        "type": "UNLIMITED-TRACK",
        "battery": "LOW",
        "spot_id": 2495891120,
        "source": "spot"
      }
    },
    {
      "type": "Feature",
      "geometry": {
        "type": "Point",
        "coordinates": [
          18.51854,
          42.77422
        ]
      },
      "properties": {
        "timestamp": "2026-09-08T07:05:38+0000",
        "type": "UNLIMITED-TRACK",
        "battery": "LOW",
        "spot_id": 2495898595,
        "source": "spot"
      }
    },
    {
      "type": "Feature",
      "geometry": {
        "type": "Point",
        "coordinates": [
          18.52935,
          42.77263
        ]
      },
      "properties": {
        "timestamp": "2026-09-08T07:10:38+0000",
        "type": "UNLIMITED-TRACK",
        "battery": "LOW",
        "spot_id": 2495898594,
        "source": "spot"
      }
    },
    {
      "type": "Feature",
      "geometry": {
        "type": "Point",
        "coordinates": [
          18.53501,
          42.76611
        ]
      },
      "properties": {
        "timestamp": "2026-09-08T07:15:38+0000",
        "type": "UNLIMITED-TRACK",
        "battery": "LOW",
        "spot_id": 2495898558,
        "source": "spot"
      }
    },
    {
      "type": "Feature",
      "geometry": {
        "type": "Point",
        "coordinates": [
          18.54173,
          42.7602
        ]
      },
      "properties": {
        "timestamp": "2026-09-08T07:20:36+0000",
        "type": "UNLIMITED-TRACK",
        "battery": "LOW",
        "spot_id": 2495899828,
        "source": "spot"
      }
    },
    {
      "type": "Feature",
      "geometry": {
        "type": "Point",
        "coordinates": [
          18.55971,
          42.7566
        ]
      },
      "properties": {
        "timestamp": "2026-09-08T07:25:33+0000",
        "type": "UNLIMITED-TRACK",
        "battery": "LOW",
        "spot_id": 2495901019,
        "source": "spot"
      }
    },
    {
      "type": "Feature",
      "geometry": {
        "type": "Point",
        "coordinates": [
          18.56376,
          42.74951
        ]
      },
      "properties": {
        "timestamp": "2026-09-08T07:30:26+0000",
        "type": "UNLIMITED-TRACK",
        "battery": "LOW",
        "spot_id": 2495904755,
        "source": "spot"
      }
    },
    {
      "type": "Feature",
      "geometry": {
        "type": "Point",
        "coordinates": [
          18.56848,
          42.74419
        ]
      },
      "properties": {
        "timestamp": "2026-09-08T07:35:26+0000",
        "type": "UNLIMITED-TRACK",
        "battery": "LOW",
        "spot_id": 2495904754,
        "source": "spot"
      }
    },
    {
      "type": "Feature",
      "geometry": {
        "type": "Point",
        "coordinates": [
          18.57535,
          42.7426
        ]
      },
      "properties": {
        "timestamp": "2026-09-08T07:40:26+0000",
        "type": "UNLIMITED-TRACK",
        "battery": "LOW",
        "spot_id": 2495904722,
        "source": "spot"
      }
    },
    {
      "type": "Feature",
      "geometry": {
        "type": "Point",
        "coordinates": [
          18.61954,
          42.75249
        ]
      },
      "properties": {
        "timestamp": "2026-09-08T08:00:13+0000",
        "type": "UNLIMITED-TRACK",
        "battery": "LOW",
        "spot_id": 2495912304,
        "source": "spot"
      }
    },
    {
      "type": "Feature",
      "geometry": {
        "type": "Point",
        "coordinates": [
          18.62392,
          42.74232
        ]
      },
      "properties": {
        "timestamp": "2026-09-08T08:05:13+0000",
        "type": "UNLIMITED-TRACK",
        "battery": "LOW",
        "spot_id": 2495912303,
        "source": "spot"
      }
    },
    {
      "type": "Feature",
      "geometry": {
        "type": "Point",
        "coordinates": [
          18.63491,
          42.74232
        ]
      },
      "properties": {
        "timestamp": "2026-09-08T08:10:13+0000",
        "type": "UNLIMITED-TRACK",
        "battery": "LOW",
        "spot_id": 2495912282,
        "source": "spot"
      }
    },
    {
      "type": "Feature",
      "geometry": {
        "type": "Point",
        "coordinates": [
          18.68409,
          42.75287
        ]
      },
      "properties": {
        "timestamp": "2026-09-08T08:24:57+0000",
        "type": "UNLIMITED-TRACK",
        "battery": "LOW",
        "spot_id": 2495918329,
        "source": "spot"
      }
    },
    {
      "type": "Feature",
      "geometry": {
        "type": "Point",
        "coordinates": [
          18.69911,
          42.7469
        ]
      },
      "properties": {
        "timestamp": "2026-09-08T08:29:57+0000",
        "type": "UNLIMITED-TRACK",
        "battery": "LOW",
        "spot_id": 2495918328,
        "source": "spot"
      }
    },
    {
      "type": "Feature",
      "geometry": {
        "type": "Point",
        "coordinates": [
          18.71336,
          42.74488
        ]
      },
      "properties": {
        "timestamp": "2026-09-08T08:34:57+0000",
        "type": "UNLIMITED-TRACK",
        "battery": "LOW",
        "spot_id": 2495918283,
        "source": "spot"
      }
    },
    {
      "type": "Feature",
      "geometry": {
        "type": "Point",
        "coordinates": [
          18.73373,
          42.74541
        ]
      },
      "properties": {
        "timestamp": "2026-09-08T08:39:54+0000",
        "type": "UNLIMITED-TRACK",
        "battery": "LOW",
        "spot_id": 2495919595,
        "source": "spot"
      }
    },
    {
      "type": "Feature",
      "geometry": {
        "type": "Point",
        "coordinates": [
          18.73871,
          42.74642
        ]
      },
      "properties": {
        "timestamp": "2026-09-08T08:44:52+0000",
        "type": "UNLIMITED-TRACK",
        "battery": "LOW",
        "spot_id": 2495920830,
        "source": "spot"
      }
    },
    {
      "type": "Feature",
      "geometry": {
        "type": "Point",
        "coordinates": [
          18.74559,
          42.74543
        ]
      },
      "properties": {
        "timestamp": "2026-09-08T08:49:53+0000",
        "type": "UNLIMITED-TRACK",
        "battery": "LOW",
        "spot_id": 2495921888,
        "source": "spot"
      }
    },
    {
      "type": "Feature",
      "geometry": {
        "type": "Point",
        "coordinates": [
          18.80285,
          42.7513
        ]
      },
      "properties": {
        "timestamp": "2026-09-08T09:19:54+0000",
        "type": "UNLIMITED-TRACK",
        "battery": "LOW",
        "spot_id": 2495930488,
        "source": "spot"
      }
    },
    {
      "type": "Feature",
      "geometry": {
        "type": "Point",
        "coordinates": [
          18.8207,
          42.75593
        ]
      },
      "properties": {
        "timestamp": "2026-09-08T09:24:54+0000",
        "type": "UNLIMITED-TRACK",
        "battery": "LOW",
        "spot_id": 2495930486,
        "source": "spot"
      }
    },
    {
      "type": "Feature",
      "geometry": {
        "type": "Point",
        "coordinates": [
          18.82224,
          42.75825
        ]
      },
      "properties": {
        "timestamp": "2026-09-08T09:29:54+0000",
        "type": "UNLIMITED-TRACK",
        "battery": "LOW",
        "spot_id": 2495930462,
        "source": "spot"
      }
    },
    {
      "type": "Feature",
      "geometry": {
        "type": "Point",
        "coordinates": [
          18.82224,
          42.75827
        ]
      },
      "properties": {
        "timestamp": "2026-09-08T09:34:28+0000",
        "type": "UNLIMITED-TRACK",
        "battery": "LOW",
        "spot_id": 2495931617,
        "source": "spot"
      }
    },
    {
      "type": "Feature",
      "geometry": {
        "type": "Point",
        "coordinates": [
          18.8222,
          42.75832
        ]
      },
      "properties": {
        "timestamp": "2026-09-08T09:39:25+0000",
        "type": "UNLIMITED-TRACK",
        "battery": "LOW",
        "spot_id": 2495932608,
        "source": "spot"
      }
    },
    {
      "type": "Feature",
      "geometry": {
        "type": "Point",
        "coordinates": [
          18.94305,
          42.77893
        ]
      },
      "properties": {
        "timestamp": "2026-09-08T10:14:33+0000",
        "type": "UNLIMITED-TRACK",
        "battery": "LOW",
        "spot_id": 2495940976,
        "source": "spot"
      }
    },
    {
      "type": "Feature",
      "geometry": {
        "type": "Point",
        "coordinates": [
          18.94341,
          42.7789
        ]
      },
      "properties": {
        "timestamp": "2026-09-08T10:19:53+0000",
        "type": "UNLIMITED-TRACK",
        "battery": "LOW",
        "spot_id": 2495944693,
        "source": "spot"
      }
    },
    {
      "type": "Feature",
      "geometry": {
        "type": "Point",
        "coordinates": [
          18.94453,
          42.7783
        ]
      },
      "properties": {
        "timestamp": "2026-09-08T10:24:53+0000",
        "type": "UNLIMITED-TRACK",
        "battery": "LOW",
        "spot_id": 2495944692,
        "source": "spot"
      }
    },
    {
      "type": "Feature",
      "geometry": {
        "type": "Point",
        "coordinates": [
          18.94934,
          42.77654
        ]
      },
      "properties": {
        "timestamp": "2026-09-08T10:29:53+0000",
        "type": "UNLIMITED-TRACK",
        "battery": "LOW",
        "spot_id": 2495944663,
        "source": "spot"
      }
    },
    {
      "type": "Feature",
      "geometry": {
        "type": "Point",
        "coordinates": [
          18.9494,
          42.77644
        ]
      },
      "properties": {
        "timestamp": "2026-09-08T10:34:13+0000",
        "type": "UNLIMITED-TRACK",
        "battery": "LOW",
        "spot_id": 2495945779,
        "source": "spot"
      }
    },
    {
      "type": "Feature",
      "geometry": {
        "type": "Point",
        "coordinates": [
          18.94596,
          42.77267
        ]
      },
      "properties": {
        "timestamp": "2026-09-08T11:34:48+0000",
        "type": "UNLIMITED-TRACK",
        "battery": "LOW",
        "spot_id": 2495961736,
        "source": "spot"
      }
    },
    {
      "type": "Feature",
      "geometry": {
        "type": "Point",
        "coordinates": [
          18.94601,
          42.77272
        ]
      },
      "properties": {
        "timestamp": "2026-09-08T11:36:32+0000",
        "type": "OK",
        "battery": "LOW",
        "spot_id": 2495962169,
        "source": "spot"
      }
    },
    {
      "type": "Feature",
      "geometry": {
        "type": "Point",
        "coordinates": [
          18.94596,
          42.77272
        ]
      },
      "properties": {
        "timestamp": "2026-09-08T11:39:47+0000",
        "type": "UNLIMITED-TRACK",
        "battery": "LOW",
        "spot_id": 2495963226,
        "source": "spot"
      }
    },
    {
      "type": "Feature",
      "geometry": {
        "type": "Point",
        "coordinates": [
          18.94622,
          42.77278
        ]
      },
      "properties": {
        "timestamp": "2026-09-09T06:41:11+0000",
        "type": "UNLIMITED-TRACK",
        "battery": "LOW",
        "spot_id": 2496354049,
        "source": "spot"
      }
    },
    {
      "type": "Feature",
      "geometry": {
        "type": "Point",
        "coordinates": [
          18.94715,
          42.77156
        ]
      },
      "properties": {
        "timestamp": "2026-09-09T06:54:05+0000",
        "type": "UNLIMITED-TRACK",
        "battery": "LOW",
        "spot_id": 2496357271,
        "source": "spot"
      }
    },
    {
      "type": "Feature",
      "geometry": {
        "type": "Point",
        "coordinates": [
          18.94152,
          42.77942
        ]
      },
      "properties": {
        "timestamp": "2026-09-09T07:04:00+0000",
        "type": "UNLIMITED-TRACK",
        "battery": "LOW",
        "spot_id": 2496359964,
        "source": "spot"
      }
    },
    {
      "type": "Feature",
      "geometry": {
        "type": "Point",
        "coordinates": [
          18.94546,
          42.77442
        ]
      },
      "properties": {
        "timestamp": "2026-09-09T07:13:43+0000",
        "type": "UNLIMITED-TRACK",
        "battery": "LOW",
        "spot_id": 2496364912,
        "source": "spot"
      }
    },
    {
      "type": "Feature",
      "geometry": {
        "type": "Point",
        "coordinates": [
          18.94537,
          42.77455
        ]
      },
      "properties": {
        "timestamp": "2026-09-09T07:18:43+0000",
        "type": "UNLIMITED-TRACK",
        "battery": "LOW",
        "spot_id": 2496364911,
        "source": "spot"
      }
    },
    {
      "type": "Feature",
      "geometry": {
        "type": "Point",
        "coordinates": [
          18.95249,
          42.77253
        ]
      },
      "properties": {
        "timestamp": "2026-09-09T07:23:43+0000",
        "type": "UNLIMITED-TRACK",
        "battery": "LOW",
        "spot_id": 2496364886,
        "source": "spot"
      }
    },
    {
      "type": "Feature",
      "geometry": {
        "type": "Point",
        "coordinates": [
          18.96965,
          42.77455
        ]
      },
      "properties": {
        "timestamp": "2026-09-09T07:28:41+0000",
        "type": "UNLIMITED-TRACK",
        "battery": "LOW",
        "spot_id": 2496365970,
        "source": "spot"
      }
    },
    {
      "type": "Feature",
      "geometry": {
        "type": "Point",
        "coordinates": [
          19.01373,
          42.7823
        ]
      },
      "properties": {
        "timestamp": "2026-09-09T07:53:31+0000",
        "type": "UNLIMITED-TRACK",
        "battery": "LOW",
        "spot_id": 2496371152,
        "source": "spot"
      }
    },
    {
      "type": "Feature",
      "geometry": {
        "type": "Point",
        "coordinates": [
          19.01618,
          42.79157
        ]
      },
      "properties": {
        "timestamp": "2026-09-09T07:58:25+0000",
        "type": "UNLIMITED-TRACK",
        "battery": "LOW",
        "spot_id": 2496375154,
        "source": "spot"
      }
    },
    {
      "type": "Feature",
      "geometry": {
        "type": "Point",
        "coordinates": [
          19.01961,
          42.79951
        ]
      },
      "properties": {
        "timestamp": "2026-09-09T08:03:25+0000",
        "type": "UNLIMITED-TRACK",
        "battery": "LOW",
        "spot_id": 2496375153,
        "source": "spot"
      }
    },
    {
      "type": "Feature",
      "geometry": {
        "type": "Point",
        "coordinates": [
          19.02519,
          42.80608
        ]
      },
      "properties": {
        "timestamp": "2026-09-09T08:08:25+0000",
        "type": "UNLIMITED-TRACK",
        "battery": "LOW",
        "spot_id": 2496375124,
        "source": "spot"
      }
    },
    {
      "type": "Feature",
      "geometry": {
        "type": "Point",
        "coordinates": [
          19.02879,
          42.80564
        ]
      },
      "properties": {
        "timestamp": "2026-09-09T08:13:23+0000",
        "type": "UNLIMITED-TRACK",
        "battery": "LOW",
        "spot_id": 2496376347,
        "source": "spot"
      }
    },
    {
      "type": "Feature",
      "geometry": {
        "type": "Point",
        "coordinates": [
          19.02697,
          42.80933
        ]
      },
      "properties": {
        "timestamp": "2026-09-09T08:18:19+0000",
        "type": "UNLIMITED-TRACK",
        "battery": "LOW",
        "spot_id": 2496378775,
        "source": "spot"
      }
    },
    {
      "type": "Feature",
      "geometry": {
        "type": "Point",
        "coordinates": [
          19.03315,
          42.80684
        ]
      },
      "properties": {
        "timestamp": "2026-09-09T08:23:19+0000",
        "type": "UNLIMITED-TRACK",
        "battery": "LOW",
        "spot_id": 2496378739,
        "source": "spot"
      }
    },
    {
      "type": "Feature",
      "geometry": {
        "type": "Point",
        "coordinates": [
          19.03939,
          42.80797
        ]
      },
      "properties": {
        "timestamp": "2026-09-09T08:28:18+0000",
        "type": "UNLIMITED-TRACK",
        "battery": "LOW",
        "spot_id": 2496380083,
        "source": "spot"
      }
    },
    {
      "type": "Feature",
      "geometry": {
        "type": "Point",
        "coordinates": [
          19.03883,
          42.81329
        ]
      },
      "properties": {
        "timestamp": "2026-09-09T08:33:52+0000",
        "type": "UNLIMITED-TRACK",
        "battery": "LOW",
        "spot_id": 2496381325,
        "source": "spot"
      }
    },
    {
      "type": "Feature",
      "geometry": {
        "type": "Point",
        "coordinates": [
          19.03354,
          42.81512
        ]
      },
      "properties": {
        "timestamp": "2026-09-09T08:38:14+0000",
        "type": "UNLIMITED-TRACK",
        "battery": "LOW",
        "spot_id": 2496382262,
        "source": "spot"
      }
    },
    {
      "type": "Feature",
      "geometry": {
        "type": "Point",
        "coordinates": [
          19.05021,
          42.81627
        ]
      },
      "properties": {
        "timestamp": "2026-09-09T08:53:12+0000",
        "type": "UNLIMITED-TRACK",
        "battery": "LOW",
        "spot_id": 2496385931,
        "source": "spot"
      }
    },
    {
      "type": "Feature",
      "geometry": {
        "type": "Point",
        "coordinates": [
          19.05426,
          42.8249
        ]
      },
      "properties": {
        "timestamp": "2026-09-09T09:08:03+0000",
        "type": "UNLIMITED-TRACK",
        "battery": "LOW",
        "spot_id": 2496389677,
        "source": "spot"
      }
    },
    {
      "type": "Feature",
      "geometry": {
        "type": "Point",
        "coordinates": [
          19.06572,
          42.85319
        ]
      },
      "properties": {
        "timestamp": "2026-09-09T09:27:54+0000",
        "type": "UNLIMITED-TRACK",
        "battery": "LOW",
        "spot_id": 2496393881,
        "source": "spot"
      }
    },
    {
      "type": "Feature",
      "geometry": {
        "type": "Point",
        "coordinates": [
          19.0727,
          42.85905
        ]
      },
      "properties": {
        "timestamp": "2026-09-09T09:33:00+0000",
        "type": "UNLIMITED-TRACK",
        "battery": "LOW",
        "spot_id": 2496396344,
        "source": "spot"
      }
    },
    {
      "type": "Feature",
      "geometry": {
        "type": "Point",
        "coordinates": [
          19.07261,
          42.86244
        ]
      },
      "properties": {
        "timestamp": "2026-09-09T09:38:00+0000",
        "type": "UNLIMITED-TRACK",
        "battery": "LOW",
        "spot_id": 2496396317,
        "source": "spot"
      }
    },
    {
      "type": "Feature",
      "geometry": {
        "type": "Point",
        "coordinates": [
          19.07928,
          42.86158
        ]
      },
      "properties": {
        "timestamp": "2026-09-09T09:42:51+0000",
        "type": "UNLIMITED-TRACK",
        "battery": "LOW",
        "spot_id": 2496397252,
        "source": "spot"
      }
    },
    {
      "type": "Feature",
      "geometry": {
        "type": "Point",
        "coordinates": [
          19.09399,
          42.88286
        ]
      },
      "properties": {
        "timestamp": "2026-09-09T09:57:36+0000",
        "type": "UNLIMITED-TRACK",
        "battery": "LOW",
        "spot_id": 2496403209,
        "source": "spot"
      }
    },
    {
      "type": "Feature",
      "geometry": {
        "type": "Point",
        "coordinates": [
          19.10017,
          42.88638
        ]
      },
      "properties": {
        "timestamp": "2026-09-09T10:02:36+0000",
        "type": "UNLIMITED-TRACK",
        "battery": "LOW",
        "spot_id": 2496403207,
        "source": "spot"
      }
    },
    {
      "type": "Feature",
      "geometry": {
        "type": "Point",
        "coordinates": [
          19.10686,
          42.88574
        ]
      },
      "properties": {
        "timestamp": "2026-09-09T10:07:36+0000",
        "type": "UNLIMITED-TRACK",
        "battery": "LOW",
        "spot_id": 2496403178,
        "source": "spot"
      }
    },
    {
      "type": "Feature",
      "geometry": {
        "type": "Point",
        "coordinates": [
          19.11673,
          42.88317
        ]
      },
      "properties": {
        "timestamp": "2026-09-09T10:12:38+0000",
        "type": "UNLIMITED-TRACK",
        "battery": "LOW",
        "spot_id": 2496404406,
        "source": "spot"
      }
    },
    {
      "type": "Feature",
      "geometry": {
        "type": "Point",
        "coordinates": [
          19.11892,
          42.88284
        ]
      },
      "properties": {
        "timestamp": "2026-09-09T10:17:47+0000",
        "type": "UNLIMITED-TRACK",
        "battery": "LOW",
        "spot_id": 2496405900,
        "source": "spot"
      }
    },
    {
      "type": "Feature",
      "geometry": {
        "type": "Point",
        "coordinates": [
          19.11896,
          42.88284
        ]
      },
      "properties": {
        "timestamp": "2026-09-09T10:22:38+0000",
        "type": "UNLIMITED-TRACK",
        "battery": "LOW",
        "spot_id": 2496407006,
        "source": "spot"
      }
    },
    {
      "type": "Feature",
      "geometry": {
        "type": "Point",
        "coordinates": [
          19.11894,
          42.88282
        ]
      },
      "properties": {
        "timestamp": "2026-09-09T10:27:37+0000",
        "type": "UNLIMITED-TRACK",
        "battery": "LOW",
        "spot_id": 2496408182,
        "source": "spot"
      }
    },
    {
      "type": "Feature",
      "geometry": {
        "type": "Point",
        "coordinates": [
          19.11958,
          42.88237
        ]
      },
      "properties": {
        "timestamp": "2026-09-09T10:32:54+0000",
        "type": "UNLIMITED-TRACK",
        "battery": "LOW",
        "spot_id": 2496409470,
        "source": "spot"
      }
    },
    {
      "type": "Feature",
      "geometry": {
        "type": "Point",
        "coordinates": [
          19.12267,
          42.88041
        ]
      },
      "properties": {
        "timestamp": "2026-09-09T10:37:32+0000",
        "type": "UNLIMITED-TRACK",
        "battery": "LOW",
        "spot_id": 2496410843,
        "source": "spot"
      }
    },
    {
      "type": "Feature",
      "geometry": {
        "type": "Point",
        "coordinates": [
          19.12992,
          42.87762
        ]
      },
      "properties": {
        "timestamp": "2026-09-09T10:42:31+0000",
        "type": "UNLIMITED-TRACK",
        "battery": "LOW",
        "spot_id": 2496412172,
        "source": "spot"
      }
    },
    {
      "type": "Feature",
      "geometry": {
        "type": "Point",
        "coordinates": [
          19.1393,
          42.87446
        ]
      },
      "properties": {
        "timestamp": "2026-09-09T10:47:29+0000",
        "type": "UNLIMITED-TRACK",
        "battery": "LOW",
        "spot_id": 2496413401,
        "source": "spot"
      }
    },
    {
      "type": "Feature",
      "geometry": {
        "type": "Point",
        "coordinates": [
          19.14419,
          42.87124
        ]
      },
      "properties": {
        "timestamp": "2026-09-09T10:52:25+0000",
        "type": "UNLIMITED-TRACK",
        "battery": "LOW",
        "spot_id": 2496417960,
        "source": "spot"
      }
    },
    {
      "type": "Feature",
      "geometry": {
        "type": "Point",
        "coordinates": [
          19.14771,
          42.87236
        ]
      },
      "properties": {
        "timestamp": "2026-09-09T10:57:25+0000",
        "type": "UNLIMITED-TRACK",
        "battery": "LOW",
        "spot_id": 2496417959,
        "source": "spot"
      }
    },
    {
      "type": "Feature",
      "geometry": {
        "type": "Point",
        "coordinates": [
          19.15106,
          42.86927
        ]
      },
      "properties": {
        "timestamp": "2026-09-09T11:02:25+0000",
        "type": "UNLIMITED-TRACK",
        "battery": "LOW",
        "spot_id": 2496417935,
        "source": "spot"
      }
    },
    {
      "type": "Feature",
      "geometry": {
        "type": "Point",
        "coordinates": [
          19.15758,
          42.86559
        ]
      },
      "properties": {
        "timestamp": "2026-09-09T11:07:27+0000",
        "type": "UNLIMITED-TRACK",
        "battery": "LOW",
        "spot_id": 2496419388,
        "source": "spot"
      }
    },
    {
      "type": "Feature",
      "geometry": {
        "type": "Point",
        "coordinates": [
          19.15754,
          42.86757
        ]
      },
      "properties": {
        "timestamp": "2026-09-09T11:12:19+0000",
        "type": "UNLIMITED-TRACK",
        "battery": "LOW",
        "spot_id": 2496421872,
        "source": "spot"
      }
    },
    {
      "type": "Feature",
      "geometry": {
        "type": "Point",
        "coordinates": [
          19.15951,
          42.87302
        ]
      },
      "properties": {
        "timestamp": "2026-09-09T11:17:19+0000",
        "type": "UNLIMITED-TRACK",
        "battery": "LOW",
        "spot_id": 2496421835,
        "source": "spot"
      }
    },
    {
      "type": "Feature",
      "geometry": {
        "type": "Point",
        "coordinates": [
          19.16273,
          42.87506
        ]
      },
      "properties": {
        "timestamp": "2026-09-09T11:22:13+0000",
        "type": "UNLIMITED-TRACK",
        "battery": "LOW",
        "spot_id": 2496424591,
        "source": "spot"
      }
    },
    {
      "type": "Feature",
      "geometry": {
        "type": "Point",
        "coordinates": [
          19.16445,
          42.87755
        ]
      },
      "properties": {
        "timestamp": "2026-09-09T11:27:13+0000",
        "type": "UNLIMITED-TRACK",
        "battery": "LOW",
        "spot_id": 2496424563,
        "source": "spot"
      }
    },
    {
      "type": "Feature",
      "geometry": {
        "type": "Point",
        "coordinates": [
          19.16509,
          42.87995
        ]
      },
      "properties": {
        "timestamp": "2026-09-09T11:37:09+0000",
        "type": "UNLIMITED-TRACK",
        "battery": "LOW",
        "spot_id": 2496427650,
        "source": "spot"
      }
    },
    {
      "type": "Feature",
      "geometry": {
        "type": "Point",
        "coordinates": [
          19.17741,
          42.88136
        ]
      },
      "properties": {
        "timestamp": "2026-09-09T11:56:54+0000",
        "type": "UNLIMITED-TRACK",
        "battery": "LOW",
        "spot_id": 2496437061,
        "source": "spot"
      }
    },
    {
      "type": "Feature",
      "geometry": {
        "type": "Point",
        "coordinates": [
          19.17938,
          42.87956
        ]
      },
      "properties": {
        "timestamp": "2026-09-09T12:01:54+0000",
        "type": "UNLIMITED-TRACK",
        "battery": "LOW",
        "spot_id": 2496437060,
        "source": "spot"
      }
    },
    {
      "type": "Feature",
      "geometry": {
        "type": "Point",
        "coordinates": [
          19.18462,
          42.87862
        ]
      },
      "properties": {
        "timestamp": "2026-09-09T12:06:54+0000",
        "type": "UNLIMITED-TRACK",
        "battery": "LOW",
        "spot_id": 2496437027,
        "source": "spot"
      }
    },
    {
      "type": "Feature",
      "geometry": {
        "type": "Point",
        "coordinates": [
          19.18969,
          42.87833
        ]
      },
      "properties": {
        "timestamp": "2026-09-09T12:11:50+0000",
        "type": "UNLIMITED-TRACK",
        "battery": "LOW",
        "spot_id": 2496440376,
        "source": "spot"
      }
    },
    {
      "type": "Feature",
      "geometry": {
        "type": "Point",
        "coordinates": [
          19.19415,
          42.87503
        ]
      },
      "properties": {
        "timestamp": "2026-09-09T12:16:50+0000",
        "type": "UNLIMITED-TRACK",
        "battery": "LOW",
        "spot_id": 2496440340,
        "source": "spot"
      }
    },
    {
      "type": "Feature",
      "geometry": {
        "type": "Point",
        "coordinates": [
          19.19554,
          42.87341
        ]
      },
      "properties": {
        "timestamp": "2026-09-09T12:21:44+0000",
        "type": "UNLIMITED-TRACK",
        "battery": "LOW",
        "spot_id": 2496443849,
        "source": "spot"
      }
    },
    {
      "type": "Feature",
      "geometry": {
        "type": "Point",
        "coordinates": [
          19.19691,
          42.8732
        ]
      },
      "properties": {
        "timestamp": "2026-09-09T12:26:44+0000",
        "type": "UNLIMITED-TRACK",
        "battery": "LOW",
        "spot_id": 2496443808,
        "source": "spot"
      }
    },
    {
      "type": "Feature",
      "geometry": {
        "type": "Point",
        "coordinates": [
          19.20059,
          42.88201
        ]
      },
      "properties": {
        "timestamp": "2026-09-09T12:41:36+0000",
        "type": "UNLIMITED-TRACK",
        "battery": "LOW",
        "spot_id": 2496452494,
        "source": "spot"
      }
    },
    {
      "type": "Feature",
      "geometry": {
        "type": "Point",
        "coordinates": [
          19.1999,
          42.88321
        ]
      },
      "properties": {
        "timestamp": "2026-09-09T12:46:36+0000",
        "type": "UNLIMITED-TRACK",
        "battery": "LOW",
        "spot_id": 2496452493,
        "source": "spot"
      }
    },
    {
      "type": "Feature",
      "geometry": {
        "type": "Point",
        "coordinates": [
          19.19904,
          42.88604
        ]
      },
      "properties": {
        "timestamp": "2026-09-09T12:51:36+0000",
        "type": "UNLIMITED-TRACK",
        "battery": "LOW",
        "spot_id": 2496452471,
        "source": "spot"
      }
    },
    {
      "type": "Feature",
      "geometry": {
        "type": "Point",
        "coordinates": [
          19.19768,
          42.88794
        ]
      },
      "properties": {
        "timestamp": "2026-09-09T12:56:29+0000",
        "type": "UNLIMITED-TRACK",
        "battery": "LOW",
        "spot_id": 2496458519,
        "source": "spot"
      }
    },
    {
      "type": "Feature",
      "geometry": {
        "type": "Point",
        "coordinates": [
          19.19073,
          42.89511
        ]
      },
      "properties": {
        "timestamp": "2026-09-09T13:01:29+0000",
        "type": "UNLIMITED-TRACK",
        "battery": "LOW",
        "spot_id": 2496458517,
        "source": "spot"
      }
    },
    {
      "type": "Feature",
      "geometry": {
        "type": "Point",
        "coordinates": [
          19.18687,
          42.90056
        ]
      },
      "properties": {
        "timestamp": "2026-09-09T13:06:29+0000",
        "type": "UNLIMITED-TRACK",
        "battery": "LOW",
        "spot_id": 2496458473,
        "source": "spot"
      }
    },
    {
      "type": "Feature",
      "geometry": {
        "type": "Point",
        "coordinates": [
          19.19164,
          42.90279
        ]
      },
      "properties": {
        "timestamp": "2026-09-09T13:11:31+0000",
        "type": "UNLIMITED-TRACK",
        "battery": "LOW",
        "spot_id": 2496460436,
        "source": "spot"
      }
    },
    {
      "type": "Feature",
      "geometry": {
        "type": "Point",
        "coordinates": [
          19.19758,
          42.89931
        ]
      },
      "properties": {
        "timestamp": "2026-09-09T13:16:24+0000",
        "type": "UNLIMITED-TRACK",
        "battery": "LOW",
        "spot_id": 2496465830,
        "source": "spot"
      }
    },
    {
      "type": "Feature",
      "geometry": {
        "type": "Point",
        "coordinates": [
          19.20522,
          42.89751
        ]
      },
      "properties": {
        "timestamp": "2026-09-09T13:21:24+0000",
        "type": "UNLIMITED-TRACK",
        "battery": "LOW",
        "spot_id": 2496465828,
        "source": "spot"
      }
    },
    {
      "type": "Feature",
      "geometry": {
        "type": "Point",
        "coordinates": [
          19.20762,
          42.89661
        ]
      },
      "properties": {
        "timestamp": "2026-09-09T13:26:24+0000",
        "type": "UNLIMITED-TRACK",
        "battery": "LOW",
        "spot_id": 2496465797,
        "source": "spot"
      }
    },
    {
      "type": "Feature",
      "geometry": {
        "type": "Point",
        "coordinates": [
          19.21819,
          42.89619
        ]
      },
      "properties": {
        "timestamp": "2026-09-09T13:36:11+0000",
        "type": "UNLIMITED-TRACK",
        "battery": "LOW",
        "spot_id": 2496473759,
        "source": "spot"
      }
    },
    {
      "type": "Feature",
      "geometry": {
        "type": "Point",
        "coordinates": [
          19.21785,
          42.9016
        ]
      },
      "properties": {
        "timestamp": "2026-09-09T13:41:11+0000",
        "type": "UNLIMITED-TRACK",
        "battery": "LOW",
        "spot_id": 2496473758,
        "source": "spot"
      }
    },
    {
      "type": "Feature",
      "geometry": {
        "type": "Point",
        "coordinates": [
          19.22721,
          42.9037
        ]
      },
      "properties": {
        "timestamp": "2026-09-09T13:46:11+0000",
        "type": "UNLIMITED-TRACK",
        "battery": "LOW",
        "spot_id": 2496473712,
        "source": "spot"
      }
    },
    {
      "type": "Feature",
      "geometry": {
        "type": "Point",
        "coordinates": [
          19.23064,
          42.90444
        ]
      },
      "properties": {
        "timestamp": "2026-09-09T13:51:09+0000",
        "type": "UNLIMITED-TRACK",
        "battery": "LOW",
        "spot_id": 2496475956,
        "source": "spot"
      }
    },
    {
      "type": "Feature",
      "geometry": {
        "type": "Point",
        "coordinates": [
          19.25335,
          42.90384
        ]
      },
      "properties": {
        "timestamp": "2026-09-09T14:06:04+0000",
        "type": "UNLIMITED-TRACK",
        "battery": "LOW",
        "spot_id": 2496482537,
        "source": "spot"
      }
    },
    {
      "type": "Feature",
      "geometry": {
        "type": "Point",
        "coordinates": [
          19.26991,
          42.91559
        ]
      },
      "properties": {
        "timestamp": "2026-09-09T14:21:00+0000",
        "type": "UNLIMITED-TRACK",
        "battery": "LOW",
        "spot_id": 2496488398,
        "source": "spot"
      }
    },
    {
      "type": "Feature",
      "geometry": {
        "type": "Point",
        "coordinates": [
          19.29055,
          42.91769
        ]
      },
      "properties": {
        "timestamp": "2026-09-09T15:16:47+0000",
        "type": "UNLIMITED-TRACK",
        "battery": "LOW",
        "spot_id": 2496512911,
        "source": "spot"
      }
    },
    {
      "type": "Feature",
      "geometry": {
        "type": "Point",
        "coordinates": [
          19.29948,
          42.91486
        ]
      },
      "properties": {
        "timestamp": "2026-09-09T15:21:47+0000",
        "type": "UNLIMITED-TRACK",
        "battery": "LOW",
        "spot_id": 2496512871,
        "source": "spot"
      }
    },
    {
      "type": "Feature",
      "geometry": {
        "type": "Point",
        "coordinates": [
          19.301,
          42.91484
        ]
      },
      "properties": {
        "timestamp": "2026-09-09T15:26:55+0000",
        "type": "UNLIMITED-TRACK",
        "battery": "LOW",
        "spot_id": 2496514975,
        "source": "spot"
      }
    },
    {
      "type": "Feature",
      "geometry": {
        "type": "Point",
        "coordinates": [
          19.30094,
          42.91449
        ]
      },
      "properties": {
        "timestamp": "2026-09-09T18:06:16+0000",
        "type": "CUSTOM",
        "battery": "LOW",
        "spot_id": 2496585869,
        "source": "spot"
      }
    },
    {
      "type": "Feature",
      "geometry": {
        "type": "Point",
        "coordinates": [
          19.28362,
          42.91471
        ]
      },
      "properties": {
        "timestamp": "2026-09-10T07:10:57+0000",
        "type": "UNLIMITED-TRACK",
        "battery": "LOW",
        "spot_id": 2496829648,
        "source": "spot"
      }
    },
    {
      "type": "Feature",
      "geometry": {
        "type": "Point",
        "coordinates": [
          19.29956,
          42.87906
        ]
      },
      "properties": {
        "timestamp": "2026-09-10T08:10:11+0000",
        "type": "UNLIMITED-TRACK",
        "battery": "LOW",
        "spot_id": 2496846633,
        "source": "spot"
      }
    },
    {
      "type": "Feature",
      "geometry": {
        "type": "Point",
        "coordinates": [
          19.31321,
          42.87443
        ]
      },
      "properties": {
        "timestamp": "2026-09-10T08:15:11+0000",
        "type": "UNLIMITED-TRACK",
        "battery": "LOW",
        "spot_id": 2496846631,
        "source": "spot"
      }
    },
    {
      "type": "Feature",
      "geometry": {
        "type": "Point",
        "coordinates": [
          19.30463,
          42.87409
        ]
      },
      "properties": {
        "timestamp": "2026-09-10T08:20:11+0000",
        "type": "UNLIMITED-TRACK",
        "battery": "LOW",
        "spot_id": 2496846616,
        "source": "spot"
      }
    },
    {
      "type": "Feature",
      "geometry": {
        "type": "Point",
        "coordinates": [
          19.35636,
          42.83121
        ]
      },
      "properties": {
        "timestamp": "2026-09-10T08:49:50+0000",
        "type": "UNLIMITED-TRACK",
        "battery": "LOW",
        "spot_id": 2496855961,
        "source": "spot"
      }
    },
    {
      "type": "Feature",
      "geometry": {
        "type": "Point",
        "coordinates": [
          19.37267,
          42.82486
        ]
      },
      "properties": {
        "timestamp": "2026-09-10T08:54:50+0000",
        "type": "UNLIMITED-TRACK",
        "battery": "LOW",
        "spot_id": 2496855960,
        "source": "spot"
      }
    },
    {
      "type": "Feature",
      "geometry": {
        "type": "Point",
        "coordinates": [
          19.37868,
          42.82164
        ]
      },
      "properties": {
        "timestamp": "2026-09-10T08:59:50+0000",
        "type": "UNLIMITED-TRACK",
        "battery": "LOW",
        "spot_id": 2496855926,
        "source": "spot"
      }
    },
    {
      "type": "Feature",
      "geometry": {
        "type": "Point",
        "coordinates": [
          19.39922,
          42.81641
        ]
      },
      "properties": {
        "timestamp": "2026-09-10T09:19:53+0000",
        "type": "UNLIMITED-TRACK",
        "battery": "LOW",
        "spot_id": 2496860597,
        "source": "spot"
      }
    },
    {
      "type": "Feature",
      "geometry": {
        "type": "Point",
        "coordinates": [
          19.40254,
          42.81766
        ]
      },
      "properties": {
        "timestamp": "2026-09-10T09:29:42+0000",
        "type": "UNLIMITED-TRACK",
        "battery": "LOW",
        "spot_id": 2496865358,
        "source": "spot"
      }
    },
    {
      "type": "Feature",
      "geometry": {
        "type": "Point",
        "coordinates": [
          19.39971,
          42.81315
        ]
      },
      "properties": {
        "timestamp": "2026-09-10T09:34:42+0000",
        "type": "UNLIMITED-TRACK",
        "battery": "LOW",
        "spot_id": 2496865357,
        "source": "spot"
      }
    },
    {
      "type": "Feature",
      "geometry": {
        "type": "Point",
        "coordinates": [
          19.39473,
          42.81045
        ]
      },
      "properties": {
        "timestamp": "2026-09-10T09:39:42+0000",
        "type": "UNLIMITED-TRACK",
        "battery": "LOW",
        "spot_id": 2496865332,
        "source": "spot"
      }
    },
    {
      "type": "Feature",
      "geometry": {
        "type": "Point",
        "coordinates": [
          19.39552,
          42.80581
        ]
      },
      "properties": {
        "timestamp": "2026-09-10T09:44:46+0000",
        "type": "UNLIMITED-TRACK",
        "battery": "LOW",
        "spot_id": 2496869343,
        "source": "spot"
      }
    },
    {
      "type": "Feature",
      "geometry": {
        "type": "Point",
        "coordinates": [
          19.39552,
          42.8016
        ]
      },
      "properties": {
        "timestamp": "2026-09-10T09:49:46+0000",
        "type": "UNLIMITED-TRACK",
        "battery": "LOW",
        "spot_id": 2496869342,
        "source": "spot"
      }
    },
    {
      "type": "Feature",
      "geometry": {
        "type": "Point",
        "coordinates": [
          19.40067,
          42.80314
        ]
      },
      "properties": {
        "timestamp": "2026-09-10T09:54:46+0000",
        "type": "UNLIMITED-TRACK",
        "battery": "LOW",
        "spot_id": 2496869313,
        "source": "spot"
      }
    },
    {
      "type": "Feature",
      "geometry": {
        "type": "Point",
        "coordinates": [
          19.40252,
          42.80195
        ]
      },
      "properties": {
        "timestamp": "2026-09-10T09:59:40+0000",
        "type": "UNLIMITED-TRACK",
        "battery": "LOW",
        "spot_id": 2496870437,
        "source": "spot"
      }
    },
    {
      "type": "Feature",
      "geometry": {
        "type": "Point",
        "coordinates": [
          19.40372,
          42.79596
        ]
      },
      "properties": {
        "timestamp": "2026-09-10T10:09:34+0000",
        "type": "UNLIMITED-TRACK",
        "battery": "LOW",
        "spot_id": 2496875578,
        "source": "spot"
      }
    },
    {
      "type": "Feature",
      "geometry": {
        "type": "Point",
        "coordinates": [
          19.40544,
          42.79974
        ]
      },
      "properties": {
        "timestamp": "2026-09-10T10:14:34+0000",
        "type": "UNLIMITED-TRACK",
        "battery": "LOW",
        "spot_id": 2496875576,
        "source": "spot"
      }
    },
    {
      "type": "Feature",
      "geometry": {
        "type": "Point",
        "coordinates": [
          19.41016,
          42.80369
        ]
      },
      "properties": {
        "timestamp": "2026-09-10T10:19:34+0000",
        "type": "UNLIMITED-TRACK",
        "battery": "LOW",
        "spot_id": 2496875544,
        "source": "spot"
      }
    },
    {
      "type": "Feature",
      "geometry": {
        "type": "Point",
        "coordinates": [
          19.41518,
          42.80247
        ]
      },
      "properties": {
        "timestamp": "2026-09-10T10:24:29+0000",
        "type": "UNLIMITED-TRACK",
        "battery": "LOW",
        "spot_id": 2496876762,
        "source": "spot"
      }
    },
    {
      "type": "Feature",
      "geometry": {
        "type": "Point",
        "coordinates": [
          19.41941,
          42.80108
        ]
      },
      "properties": {
        "timestamp": "2026-09-10T10:29:22+0000",
        "type": "UNLIMITED-TRACK",
        "battery": "LOW",
        "spot_id": 2496880508,
        "source": "spot"
      }
    },
    {
      "type": "Feature",
      "geometry": {
        "type": "Point",
        "coordinates": [
          19.42533,
          42.80018
        ]
      },
      "properties": {
        "timestamp": "2026-09-10T10:34:22+0000",
        "type": "UNLIMITED-TRACK",
        "battery": "LOW",
        "spot_id": 2496880507,
        "source": "spot"
      }
    },
    {
      "type": "Feature",
      "geometry": {
        "type": "Point",
        "coordinates": [
          19.42773,
          42.797
        ]
      },
      "properties": {
        "timestamp": "2026-09-10T10:39:22+0000",
        "type": "UNLIMITED-TRACK",
        "battery": "LOW",
        "spot_id": 2496880490,
        "source": "spot"
      }
    },
    {
      "type": "Feature",
      "geometry": {
        "type": "Point",
        "coordinates": [
          19.50895,
          42.82018
        ]
      },
      "properties": {
        "timestamp": "2026-09-10T11:09:07+0000",
        "type": "UNLIMITED-TRACK",
        "battery": "LOW",
        "spot_id": 2496888218,
        "source": "spot"
      }
    },
    {
      "type": "Feature",
      "geometry": {
        "type": "Point",
        "coordinates": [
          19.52021,
          42.82432
        ]
      },
      "properties": {
        "timestamp": "2026-09-10T11:38:49+0000",
        "type": "UNLIMITED-TRACK",
        "battery": "LOW",
        "spot_id": 2496899399,
        "source": "spot"
      }
    },
    {
      "type": "Feature",
      "geometry": {
        "type": "Point",
        "coordinates": [
          19.52028,
          42.82403
        ]
      },
      "properties": {
        "timestamp": "2026-09-10T11:44:24+0000",
        "type": "UNLIMITED-TRACK",
        "battery": "LOW",
        "spot_id": 2496897876,
        "source": "spot"
      }
    },
    {
      "type": "Feature",
      "geometry": {
        "type": "Point",
        "coordinates": [
          19.5203,
          42.82398
        ]
      },
      "properties": {
        "timestamp": "2026-09-10T11:48:49+0000",
        "type": "UNLIMITED-TRACK",
        "battery": "LOW",
        "spot_id": 2496899363,
        "source": "spot"
      }
    },
    {
      "type": "Feature",
      "geometry": {
        "type": "Point",
        "coordinates": [
          19.52006,
          42.8239
        ]
      },
      "properties": {
        "timestamp": "2026-09-10T12:46:32+0000",
        "type": "UNLIMITED-TRACK",
        "battery": "LOW",
        "spot_id": 2496920682,
        "source": "spot"
      }
    },
    {
      "type": "Feature",
      "geometry": {
        "type": "Point",
        "coordinates": [
          19.52324,
          42.82343
        ]
      },
      "properties": {
        "timestamp": "2026-09-10T12:51:32+0000",
        "type": "UNLIMITED-TRACK",
        "battery": "LOW",
        "spot_id": 2496920648,
        "source": "spot"
      }
    },
    {
      "type": "Feature",
      "geometry": {
        "type": "Point",
        "coordinates": [
          19.53661,
          42.82397
        ]
      },
      "properties": {
        "timestamp": "2026-09-10T13:36:44+0000",
        "type": "UNLIMITED-TRACK",
        "battery": "LOW",
        "spot_id": 2496941574,
        "source": "spot"
      }
    },
    {
      "type": "Feature",
      "geometry": {
        "type": "Point",
        "coordinates": [
          19.54622,
          42.82818
        ]
      },
      "properties": {
        "timestamp": "2026-09-10T13:41:44+0000",
        "type": "UNLIMITED-TRACK",
        "battery": "LOW",
        "spot_id": 2496941573,
        "source": "spot"
      }
    },
    {
      "type": "Feature",
      "geometry": {
        "type": "Point",
        "coordinates": [
          19.55764,
          42.83243
        ]
      },
      "properties": {
        "timestamp": "2026-09-10T13:46:44+0000",
        "type": "UNLIMITED-TRACK",
        "battery": "LOW",
        "spot_id": 2496941519,
        "source": "spot"
      }
    },
    {
      "type": "Feature",
      "geometry": {
        "type": "Point",
        "coordinates": [
          19.59665,
          42.83269
        ]
      },
      "properties": {
        "timestamp": "2026-09-10T14:11:12+0000",
        "type": "UNLIMITED-TRACK",
        "battery": "LOW",
        "spot_id": 2496951194,
        "source": "spot"
      }
    },
    {
      "type": "Feature",
      "geometry": {
        "type": "Point",
        "coordinates": [
          19.62849,
          42.83113
        ]
      },
      "properties": {
        "timestamp": "2026-09-10T14:40:54+0000",
        "type": "UNLIMITED-TRACK",
        "battery": "LOW",
        "spot_id": 2496962922,
        "source": "spot"
      }
    },
    {
      "type": "Feature",
      "geometry": {
        "type": "Point",
        "coordinates": [
          19.63242,
          42.832
        ]
      },
      "properties": {
        "timestamp": "2026-09-10T14:45:56+0000",
        "type": "UNLIMITED-TRACK",
        "battery": "LOW",
        "spot_id": 2496969765,
        "source": "spot"
      }
    },
    {
      "type": "Feature",
      "geometry": {
        "type": "Point",
        "coordinates": [
          19.63306,
          42.833
        ]
      },
      "properties": {
        "timestamp": "2026-09-10T14:50:57+0000",
        "type": "UNLIMITED-TRACK",
        "battery": "LOW",
        "spot_id": 2496967588,
        "source": "spot"
      }
    },
    {
      "type": "Feature",
      "geometry": {
        "type": "Point",
        "coordinates": [
          19.63534,
          42.83681
        ]
      },
      "properties": {
        "timestamp": "2026-09-10T14:55:56+0000",
        "type": "UNLIMITED-TRACK",
        "battery": "LOW",
        "spot_id": 2496969734,
        "source": "spot"
      }
    },
    {
      "type": "Feature",
      "geometry": {
        "type": "Point",
        "coordinates": [
          19.64038,
          42.84475
        ]
      },
      "properties": {
        "timestamp": "2026-09-10T15:15:34+0000",
        "type": "UNLIMITED-TRACK",
        "battery": "LOW",
        "spot_id": 2496982622,
        "source": "spot"
      }
    },
    {
      "type": "Feature",
      "geometry": {
        "type": "Point",
        "coordinates": [
          19.6445,
          42.84424
        ]
      },
      "properties": {
        "timestamp": "2026-09-10T15:20:34+0000",
        "type": "UNLIMITED-TRACK",
        "battery": "LOW",
        "spot_id": 2496982621,
        "source": "spot"
      }
    },
    {
      "type": "Feature",
      "geometry": {
        "type": "Point",
        "coordinates": [
          19.64853,
          42.84261
        ]
      },
      "properties": {
        "timestamp": "2026-09-10T15:25:34+0000",
        "type": "UNLIMITED-TRACK",
        "battery": "LOW",
        "spot_id": 2496982591,
        "source": "spot"
      }
    },
    {
      "type": "Feature",
      "geometry": {
        "type": "Point",
        "coordinates": [
          19.64909,
          42.83848
        ]
      },
      "properties": {
        "timestamp": "2026-09-10T15:30:28+0000",
        "type": "UNLIMITED-TRACK",
        "battery": "LOW",
        "spot_id": 2496984845,
        "source": "spot"
      }
    },
    {
      "type": "Feature",
      "geometry": {
        "type": "Point",
        "coordinates": [
          19.66657,
          42.82304
        ]
      },
      "properties": {
        "timestamp": "2026-09-10T16:05:21+0000",
        "type": "UNLIMITED-TRACK",
        "battery": "LOW",
        "spot_id": 2497003012,
        "source": "spot"
      }
    },
    {
      "type": "Feature",
      "geometry": {
        "type": "Point",
        "coordinates": [
          19.66829,
          42.82197
        ]
      },
      "properties": {
        "timestamp": "2026-09-10T16:10:21+0000",
        "type": "UNLIMITED-TRACK",
        "battery": "LOW",
        "spot_id": 2497002965,
        "source": "spot"
      }
    },
    {
      "type": "Feature",
      "geometry": {
        "type": "Point",
        "coordinates": [
          19.67791,
          42.82549
        ]
      },
      "properties": {
        "timestamp": "2026-09-10T16:15:13+0000",
        "type": "UNLIMITED-TRACK",
        "battery": "LOW",
        "spot_id": 2497005100,
        "source": "spot"
      }
    },
    {
      "type": "Feature",
      "geometry": {
        "type": "Point",
        "coordinates": [
          19.72533,
          42.84524
        ]
      },
      "properties": {
        "timestamp": "2026-09-10T16:39:43+0000",
        "type": "UNLIMITED-TRACK",
        "battery": "LOW",
        "spot_id": 2497019801,
        "source": "spot"
      }
    },
    {
      "type": "Feature",
      "geometry": {
        "type": "Point",
        "coordinates": [
          19.72499,
          42.84545
        ]
      },
      "properties": {
        "timestamp": "2026-09-10T16:44:43+0000",
        "type": "UNLIMITED-TRACK",
        "battery": "LOW",
        "spot_id": 2497019800,
        "source": "spot"
      }
    },
    {
      "type": "Feature",
      "geometry": {
        "type": "Point",
        "coordinates": [
          19.72499,
          42.84545
        ]
      },
      "properties": {
        "timestamp": "2026-09-10T16:49:43+0000",
        "type": "UNLIMITED-TRACK",
        "battery": "LOW",
        "spot_id": 2497019763,
        "source": "spot"
      }
    },
    {
      "type": "Feature",
      "geometry": {
        "type": "Point",
        "coordinates": [
          19.72479,
          42.84554
        ]
      },
      "properties": {
        "timestamp": "2026-09-11T06:52:18+0000",
        "type": "UNLIMITED-TRACK",
        "battery": "LOW",
        "spot_id": 2497293252,
        "source": "spot"
      }
    },
    {
      "type": "Feature",
      "geometry": {
        "type": "Point",
        "coordinates": [
          19.72503,
          42.84545
        ]
      },
      "properties": {
        "timestamp": "2026-09-11T06:57:19+0000",
        "type": "UNLIMITED-TRACK",
        "battery": "LOW",
        "spot_id": 2497294588,
        "source": "spot"
      }
    },
    {
      "type": "Feature",
      "geometry": {
        "type": "Point",
        "coordinates": [
          19.72681,
          42.84561
        ]
      },
      "properties": {
        "timestamp": "2026-09-11T07:42:10+0000",
        "type": "UNLIMITED-TRACK",
        "battery": "LOW",
        "spot_id": 2497306905,
        "source": "spot"
      }
    },
    {
      "type": "Feature",
      "geometry": {
        "type": "Point",
        "coordinates": [
          19.73771,
          42.85316
        ]
      },
      "properties": {
        "timestamp": "2026-09-11T07:47:10+0000",
        "type": "UNLIMITED-TRACK",
        "battery": "LOW",
        "spot_id": 2497306872,
        "source": "spot"
      }
    },
    {
      "type": "Feature",
      "geometry": {
        "type": "Point",
        "coordinates": [
          19.767,
          42.85749
        ]
      },
      "properties": {
        "timestamp": "2026-09-11T07:51:36+0000",
        "type": "UNLIMITED-TRACK",
        "battery": "LOW",
        "spot_id": 2497307892,
        "source": "spot"
      }
    },
    {
      "type": "Feature",
      "geometry": {
        "type": "Point",
        "coordinates": [
          19.76691,
          42.85744
        ]
      },
      "properties": {
        "timestamp": "2026-09-11T07:56:35+0000",
        "type": "UNLIMITED-TRACK",
        "battery": "LOW",
        "spot_id": 2497309134,
        "source": "spot"
      }
    },
    {
      "type": "Feature",
      "geometry": {
        "type": "Point",
        "coordinates": [
          19.83479,
          42.82894
        ]
      },
      "properties": {
        "timestamp": "2026-09-11T08:16:25+0000",
        "type": "UNLIMITED-TRACK",
        "battery": "LOW",
        "spot_id": 2497316932,
        "source": "spot"
      }
    },
    {
      "type": "Feature",
      "geometry": {
        "type": "Point",
        "coordinates": [
          19.85779,
          42.82795
        ]
      },
      "properties": {
        "timestamp": "2026-09-11T08:21:25+0000",
        "type": "UNLIMITED-TRACK",
        "battery": "LOW",
        "spot_id": 2497316931,
        "source": "spot"
      }
    },
    {
      "type": "Feature",
      "geometry": {
        "type": "Point",
        "coordinates": [
          19.8662,
          42.82756
        ]
      },
      "properties": {
        "timestamp": "2026-09-11T08:26:25+0000",
        "type": "UNLIMITED-TRACK",
        "battery": "LOW",
        "spot_id": 2497316899,
        "source": "spot"
      }
    },
    {
      "type": "Feature",
      "geometry": {
        "type": "Point",
        "coordinates": [
          19.87283,
          42.84374
        ]
      },
      "properties": {
        "timestamp": "2026-09-11T08:36:22+0000",
        "type": "UNLIMITED-TRACK",
        "battery": "LOW",
        "spot_id": 2497319604,
        "source": "spot"
      }
    },
    {
      "type": "Feature",
      "geometry": {
        "type": "Point",
        "coordinates": [
          19.87124,
          42.84761
        ]
      },
      "properties": {
        "timestamp": "2026-09-11T08:41:21+0000",
        "type": "UNLIMITED-TRACK",
        "battery": "LOW",
        "spot_id": 2497320768,
        "source": "spot"
      }
    },
    {
      "type": "Feature",
      "geometry": {
        "type": "Point",
        "coordinates": [
          19.86787,
          42.85229
        ]
      },
      "properties": {
        "timestamp": "2026-09-11T09:20:17+0000",
        "type": "UNLIMITED-TRACK",
        "battery": "LOW",
        "spot_id": 2497330993,
        "source": "spot"
      }
    },
    {
      "type": "Feature",
      "geometry": {
        "type": "Point",
        "coordinates": [
          19.87929,
          42.85783
        ]
      },
      "properties": {
        "timestamp": "2026-09-11T09:25:17+0000",
        "type": "UNLIMITED-TRACK",
        "battery": "LOW",
        "spot_id": 2497330973,
        "source": "spot"
      }
    },
    {
      "type": "Feature",
      "geometry": {
        "type": "Point",
        "coordinates": [
          19.91274,
          42.84332
        ]
      },
      "properties": {
        "timestamp": "2026-09-11T09:40:07+0000",
        "type": "UNLIMITED-TRACK",
        "battery": "LOW",
        "spot_id": 2497334776,
        "source": "spot"
      }
    },
    {
      "type": "Feature",
      "geometry": {
        "type": "Point",
        "coordinates": [
          19.92308,
          42.84137
        ]
      },
      "properties": {
        "timestamp": "2026-09-11T09:45:07+0000",
        "type": "UNLIMITED-TRACK",
        "battery": "LOW",
        "spot_id": 2497338898,
        "source": "spot"
      }
    },
    {
      "type": "Feature",
      "geometry": {
        "type": "Point",
        "coordinates": [
          19.93149,
          42.83759
        ]
      },
      "properties": {
        "timestamp": "2026-09-11T09:50:07+0000",
        "type": "UNLIMITED-TRACK",
        "battery": "LOW",
        "spot_id": 2497338897,
        "source": "spot"
      }
    },
    {
      "type": "Feature",
      "geometry": {
        "type": "Point",
        "coordinates": [
          19.94188,
          42.83429
        ]
      },
      "properties": {
        "timestamp": "2026-09-11T09:55:07+0000",
        "type": "UNLIMITED-TRACK",
        "battery": "LOW",
        "spot_id": 2497338862,
        "source": "spot"
      }
    },
    {
      "type": "Feature",
      "geometry": {
        "type": "Point",
        "coordinates": [
          19.95439,
          42.83467
        ]
      },
      "properties": {
        "timestamp": "2026-09-11T10:00:04+0000",
        "type": "UNLIMITED-TRACK",
        "battery": "LOW",
        "spot_id": 2497341441,
        "source": "spot"
      }
    },
    {
      "type": "Feature",
      "geometry": {
        "type": "Point",
        "coordinates": [
          19.96254,
          42.83609
        ]
      },
      "properties": {
        "timestamp": "2026-09-11T10:05:04+0000",
        "type": "UNLIMITED-TRACK",
        "battery": "LOW",
        "spot_id": 2497341409,
        "source": "spot"
      }
    },
    {
      "type": "Feature",
      "geometry": {
        "type": "Point",
        "coordinates": [
          19.97042,
          42.83408
        ]
      },
      "properties": {
        "timestamp": "2026-09-11T10:10:03+0000",
        "type": "UNLIMITED-TRACK",
        "battery": "LOW",
        "spot_id": 2497342936,
        "source": "spot"
      }
    },
    {
      "type": "Feature",
      "geometry": {
        "type": "Point",
        "coordinates": [
          19.99003,
          42.83391
        ]
      },
      "properties": {
        "timestamp": "2026-09-11T10:24:57+0000",
        "type": "UNLIMITED-TRACK",
        "battery": "LOW",
        "spot_id": 2497349738,
        "source": "spot"
      }
    },
    {
      "type": "Feature",
      "geometry": {
        "type": "Point",
        "coordinates": [
          19.9975,
          42.8355
        ]
      },
      "properties": {
        "timestamp": "2026-09-11T10:29:57+0000",
        "type": "UNLIMITED-TRACK",
        "battery": "LOW",
        "spot_id": 2497349737,
        "source": "spot"
      }
    },
    {
      "type": "Feature",
      "geometry": {
        "type": "Point",
        "coordinates": [
          19.99965,
          42.83576
        ]
      },
      "properties": {
        "timestamp": "2026-09-11T10:34:57+0000",
        "type": "UNLIMITED-TRACK",
        "battery": "LOW",
        "spot_id": 2497349694,
        "source": "spot"
      }
    },
    {
      "type": "Feature",
      "geometry": {
        "type": "Point",
        "coordinates": [
          20.02482,
          42.83349
        ]
      },
      "properties": {
        "timestamp": "2026-09-11T11:19:42+0000",
        "type": "UNLIMITED-TRACK",
        "battery": "LOW",
        "spot_id": 2497364911,
        "source": "spot"
      }
    },
    {
      "type": "Feature",
      "geometry": {
        "type": "Point",
        "coordinates": [
          20.02619,
          42.8301
        ]
      },
      "properties": {
        "timestamp": "2026-09-11T11:24:42+0000",
        "type": "UNLIMITED-TRACK",
        "battery": "LOW",
        "spot_id": 2497364910,
        "source": "spot"
      }
    },
    {
      "type": "Feature",
      "geometry": {
        "type": "Point",
        "coordinates": [
          20.03005,
          42.82911
        ]
      },
      "properties": {
        "timestamp": "2026-09-11T11:29:42+0000",
        "type": "UNLIMITED-TRACK",
        "battery": "LOW",
        "spot_id": 2497364880,
        "source": "spot"
      }
    },
    {
      "type": "Feature",
      "geometry": {
        "type": "Point",
        "coordinates": [
          20.0398,
          42.84033
        ]
      },
      "properties": {
        "timestamp": "2026-09-11T11:39:34+0000",
        "type": "UNLIMITED-TRACK",
        "battery": "LOW",
        "spot_id": 2497371249,
        "source": "spot"
      }
    },
    {
      "type": "Feature",
      "geometry": {
        "type": "Point",
        "coordinates": [
          20.05542,
          42.84698
        ]
      },
      "properties": {
        "timestamp": "2026-09-11T11:44:34+0000",
        "type": "UNLIMITED-TRACK",
        "battery": "LOW",
        "spot_id": 2497371248,
        "source": "spot"
      }
    },
    {
      "type": "Feature",
      "geometry": {
        "type": "Point",
        "coordinates": [
          20.08314,
          42.85239
        ]
      },
      "properties": {
        "timestamp": "2026-09-11T11:49:34+0000",
        "type": "UNLIMITED-TRACK",
        "battery": "LOW",
        "spot_id": 2497371206,
        "source": "spot"
      }
    },
    {
      "type": "Feature",
      "geometry": {
        "type": "Point",
        "coordinates": [
          20.10427,
          42.84463
        ]
      },
      "properties": {
        "timestamp": "2026-09-11T11:54:36+0000",
        "type": "UNLIMITED-TRACK",
        "battery": "LOW",
        "spot_id": 2497373010,
        "source": "spot"
      }
    },
    {
      "type": "Feature",
      "geometry": {
        "type": "Point",
        "coordinates": [
          20.12749,
          42.84033
        ]
      },
      "properties": {
        "timestamp": "2026-09-11T11:59:30+0000",
        "type": "UNLIMITED-TRACK",
        "battery": "LOW",
        "spot_id": 2497374556,
        "source": "spot"
      }
    },
    {
      "type": "Feature",
      "geometry": {
        "type": "Point",
        "coordinates": [
          20.13547,
          42.83414
        ]
      },
      "properties": {
        "timestamp": "2026-09-11T12:04:33+0000",
        "type": "UNLIMITED-TRACK",
        "battery": "LOW",
        "spot_id": 2497376415,
        "source": "spot"
      }
    },
    {
      "type": "Feature",
      "geometry": {
        "type": "Point",
        "coordinates": [
          20.14125,
          42.83068
        ]
      },
      "properties": {
        "timestamp": "2026-09-11T13:16:51+0000",
        "type": "UNLIMITED-TRACK",
        "battery": "LOW",
        "spot_id": 2497403755,
        "source": "spot"
      }
    },
    {
      "type": "Feature",
      "geometry": {
        "type": "Point",
        "coordinates": [
          20.15704,
          42.83656
        ]
      },
      "properties": {
        "timestamp": "2026-09-11T13:21:51+0000",
        "type": "UNLIMITED-TRACK",
        "battery": "LOW",
        "spot_id": 2497403708,
        "source": "spot"
      }
    },
    {
      "type": "Feature",
      "geometry": {
        "type": "Point",
        "coordinates": [
          20.15699,
          42.83661
        ]
      },
      "properties": {
        "timestamp": "2026-09-11T13:26:52+0000",
        "type": "UNLIMITED-TRACK",
        "battery": "LOW",
        "spot_id": 2497405913,
        "source": "spot"
      }
    },
    {
      "type": "Feature",
      "geometry": {
        "type": "Point",
        "coordinates": [
          20.15757,
          42.8367
        ]
      },
      "properties": {
        "timestamp": "2026-09-11T13:42:36+0000",
        "type": "UNLIMITED-TRACK",
        "battery": "LOW",
        "spot_id": 2497412555,
        "source": "spot"
      }
    },
    {
      "type": "Feature",
      "geometry": {
        "type": "Point",
        "coordinates": [
          20.1751,
          42.82035
        ]
      },
      "properties": {
        "timestamp": "2026-09-11T14:02:15+0000",
        "type": "UNLIMITED-TRACK",
        "battery": "LOW",
        "spot_id": 2497421097,
        "source": "spot"
      }
    },
    {
      "type": "Feature",
      "geometry": {
        "type": "Point",
        "coordinates": [
          20.17446,
          42.8052
        ]
      },
      "properties": {
        "timestamp": "2026-09-11T14:12:02+0000",
        "type": "UNLIMITED-TRACK",
        "battery": "LOW",
        "spot_id": 2497425446,
        "source": "spot"
      }
    },
    {
      "type": "Feature",
      "geometry": {
        "type": "Point",
        "coordinates": [
          20.17695,
          42.80249
        ]
      },
      "properties": {
        "timestamp": "2026-09-11T14:17:23+0000",
        "type": "UNLIMITED-TRACK",
        "battery": "LOW",
        "spot_id": 2497427701,
        "source": "spot"
      }
    },
    {
      "type": "Feature",
      "geometry": {
        "type": "Point",
        "coordinates": [
          20.17935,
          42.80189
        ]
      },
      "properties": {
        "timestamp": "2026-09-11T14:21:57+0000",
        "type": "UNLIMITED-TRACK",
        "battery": "LOW",
        "spot_id": 2497431796,
        "source": "spot"
      }
    },
    {
      "type": "Feature",
      "geometry": {
        "type": "Point",
        "coordinates": [
          20.17678,
          42.80721
        ]
      },
      "properties": {
        "timestamp": "2026-09-11T14:26:57+0000",
        "type": "UNLIMITED-TRACK",
        "battery": "LOW",
        "spot_id": 2497431743,
        "source": "spot"
      }
    },
    {
      "type": "Feature",
      "geometry": {
        "type": "Point",
        "coordinates": [
          20.18369,
          42.8176
        ]
      },
      "properties": {
        "timestamp": "2026-09-11T14:36:48+0000",
        "type": "UNLIMITED-TRACK",
        "battery": "LOW",
        "spot_id": 2497440060,
        "source": "spot"
      }
    },
    {
      "type": "Feature",
      "geometry": {
        "type": "Point",
        "coordinates": [
          20.18729,
          42.81781
        ]
      },
      "properties": {
        "timestamp": "2026-09-11T14:41:48+0000",
        "type": "UNLIMITED-TRACK",
        "battery": "LOW",
        "spot_id": 2497440059,
        "source": "spot"
      }
    },
    {
      "type": "Feature",
      "geometry": {
        "type": "Point",
        "coordinates": [
          20.19158,
          42.81202
        ]
      },
      "properties": {
        "timestamp": "2026-09-11T14:46:48+0000",
        "type": "UNLIMITED-TRACK",
        "battery": "LOW",
        "spot_id": 2497440011,
        "source": "spot"
      }
    },
    {
      "type": "Feature",
      "geometry": {
        "type": "Point",
        "coordinates": [
          20.21903,
          42.80209
        ]
      },
      "properties": {
        "timestamp": "2026-09-11T15:21:28+0000",
        "type": "UNLIMITED-TRACK",
        "battery": "LOW",
        "spot_id": 2497453973,
        "source": "spot"
      }
    },
    {
      "type": "Feature",
      "geometry": {
        "type": "Point",
        "coordinates": [
          20.20002,
          42.80782
        ]
      },
      "properties": {
        "timestamp": "2026-09-11T15:26:23+0000",
        "type": "UNLIMITED-TRACK",
        "battery": "LOW",
        "spot_id": 2497478476,
        "source": "spot"
      }
    },
    {
      "type": "Feature",
      "geometry": {
        "type": "Point",
        "coordinates": [
          20.22422,
          42.80164
        ]
      },
      "properties": {
        "timestamp": "2026-09-11T15:31:23+0000",
        "type": "UNLIMITED-TRACK",
        "battery": "LOW",
        "spot_id": 2497458898,
        "source": "spot"
      }
    },
    {
      "type": "Feature",
      "geometry": {
        "type": "Point",
        "coordinates": [
          20.26432,
          42.77998
        ]
      },
      "properties": {
        "timestamp": "2026-09-11T16:43:01+0000",
        "type": "CUSTOM",
        "battery": "LOW",
        "spot_id": 2497492853,
        "source": "spot"
      }
    },
    {
      "type": "Feature",
      "geometry": {
        "type": "Point",
        "coordinates": [
          20.29874,
          42.75413
        ]
      },
      "properties": {
        "timestamp": "2026-09-12T07:23:27+0000",
        "type": "UNLIMITED-TRACK",
        "battery": "LOW",
        "spot_id": 2497790606,
        "source": "spot"
      }
    },
    {
      "type": "Feature",
      "geometry": {
        "type": "Point",
        "coordinates": [
          20.32473,
          42.7296
        ]
      },
      "properties": {
        "timestamp": "2026-09-12T07:43:16+0000",
        "type": "UNLIMITED-TRACK",
        "battery": "LOW",
        "spot_id": 2497795949,
        "source": "spot"
      }
    },
    {
      "type": "Feature",
      "geometry": {
        "type": "Point",
        "coordinates": [
          20.3255,
          42.71606
        ]
      },
      "properties": {
        "timestamp": "2026-09-12T07:53:16+0000",
        "type": "UNLIMITED-TRACK",
        "battery": "LOW",
        "spot_id": 2497798428,
        "source": "spot"
      }
    },
    {
      "type": "Feature",
      "geometry": {
        "type": "Point",
        "coordinates": [
          20.32069,
          42.67726
        ]
      },
      "properties": {
        "timestamp": "2026-09-12T08:58:31+0000",
        "type": "UNLIMITED-TRACK",
        "battery": "LOW",
        "spot_id": 2497817127,
        "source": "spot"
      }
    },
    {
      "type": "Feature",
      "geometry": {
        "type": "Point",
        "coordinates": [
          20.32447,
          42.66554
        ]
      },
      "properties": {
        "timestamp": "2026-09-12T09:03:31+0000",
        "type": "UNLIMITED-TRACK",
        "battery": "LOW",
        "spot_id": 2497817126,
        "source": "spot"
      }
    },
    {
      "type": "Feature",
      "geometry": {
        "type": "Point",
        "coordinates": [
          20.34301,
          42.66687
        ]
      },
      "properties": {
        "timestamp": "2026-09-12T09:08:31+0000",
        "type": "UNLIMITED-TRACK",
        "battery": "LOW",
        "spot_id": 2497817093,
        "source": "spot"
      }
    },
    {
      "type": "Feature",
      "geometry": {
        "type": "Point",
        "coordinates": [
          20.36273,
          42.67179
        ]
      },
      "properties": {
        "timestamp": "2026-09-12T09:13:28+0000",
        "type": "UNLIMITED-TRACK",
        "battery": "LOW",
        "spot_id": 2497818588,
        "source": "spot"
      }
    },
    {
      "type": "Feature",
      "geometry": {
        "type": "Point",
        "coordinates": [
          20.38549,
          42.67174
        ]
      },
      "properties": {
        "timestamp": "2026-09-12T09:18:22+0000",
        "type": "UNLIMITED-TRACK",
        "battery": "LOW",
        "spot_id": 2497821385,
        "source": "spot"
      }
    },
    {
      "type": "Feature",
      "geometry": {
        "type": "Point",
        "coordinates": [
          20.40738,
          42.67037
        ]
      },
      "properties": {
        "timestamp": "2026-09-12T09:23:22+0000",
        "type": "UNLIMITED-TRACK",
        "battery": "LOW",
        "spot_id": 2497821347,
        "source": "spot"
      }
    },
    {
      "type": "Feature",
      "geometry": {
        "type": "Point",
        "coordinates": [
          20.54259,
          42.62833
        ]
      },
      "properties": {
        "timestamp": "2026-09-12T10:07:53+0000",
        "type": "UNLIMITED-TRACK",
        "battery": "LOW",
        "spot_id": 2497835395,
        "source": "spot"
      }
    },
    {
      "type": "Feature",
      "geometry": {
        "type": "Point",
        "coordinates": [
          20.55898,
          42.62155
        ]
      },
      "properties": {
        "timestamp": "2026-09-12T10:12:53+0000",
        "type": "UNLIMITED-TRACK",
        "battery": "LOW",
        "spot_id": 2497835394,
        "source": "spot"
      }
    },
    {
      "type": "Feature",
      "geometry": {
        "type": "Point",
        "coordinates": [
          20.55924,
          42.62142
        ]
      },
      "properties": {
        "timestamp": "2026-09-12T10:17:53+0000",
        "type": "UNLIMITED-TRACK",
        "battery": "LOW",
        "spot_id": 2497835374,
        "source": "spot"
      }
    },
    {
      "type": "Feature",
      "geometry": {
        "type": "Point",
        "coordinates": [
          20.55915,
          42.62138
        ]
      },
      "properties": {
        "timestamp": "2026-09-12T10:22:50+0000",
        "type": "UNLIMITED-TRACK",
        "battery": "LOW",
        "spot_id": 2497836484,
        "source": "spot"
      }
    },
    {
      "type": "Feature",
      "geometry": {
        "type": "Point",
        "coordinates": [
          20.57491,
          42.61293
        ]
      },
      "properties": {
        "timestamp": "2026-09-12T10:52:47+0000",
        "type": "UNLIMITED-TRACK",
        "battery": "LOW",
        "spot_id": 2497847901,
        "source": "spot"
      }
    },
    {
      "type": "Feature",
      "geometry": {
        "type": "Point",
        "coordinates": [
          20.5792,
          42.59963
        ]
      },
      "properties": {
        "timestamp": "2026-09-12T10:57:47+0000",
        "type": "UNLIMITED-TRACK",
        "battery": "LOW",
        "spot_id": 2497847900,
        "source": "spot"
      }
    },
    {
      "type": "Feature",
      "geometry": {
        "type": "Point",
        "coordinates": [
          20.58083,
          42.59156
        ]
      },
      "properties": {
        "timestamp": "2026-09-12T11:02:47+0000",
        "type": "UNLIMITED-TRACK",
        "battery": "LOW",
        "spot_id": 2497847869,
        "source": "spot"
      }
    },
    {
      "type": "Feature",
      "geometry": {
        "type": "Point",
        "coordinates": [
          20.62432,
          42.59761
        ]
      },
      "properties": {
        "timestamp": "2026-09-12T11:27:34+0000",
        "type": "UNLIMITED-TRACK",
        "battery": "LOW",
        "spot_id": 2497855702,
        "source": "spot"
      }
    },
    {
      "type": "Feature",
      "geometry": {
        "type": "Point",
        "coordinates": [
          20.63623,
          42.59394
        ]
      },
      "properties": {
        "timestamp": "2026-09-12T11:32:31+0000",
        "type": "UNLIMITED-TRACK",
        "battery": "LOW",
        "spot_id": 2497857343,
        "source": "spot"
      }
    },
    {
      "type": "Feature",
      "geometry": {
        "type": "Point",
        "coordinates": [
          20.64764,
          42.59529
        ]
      },
      "properties": {
        "timestamp": "2026-09-12T11:37:31+0000",
        "type": "UNLIMITED-TRACK",
        "battery": "LOW",
        "spot_id": 2497858863,
        "source": "spot"
      }
    },
    {
      "type": "Feature",
      "geometry": {
        "type": "Point",
        "coordinates": [
          20.65928,
          42.59394
        ]
      },
      "properties": {
        "timestamp": "2026-09-12T11:42:25+0000",
        "type": "UNLIMITED-TRACK",
        "battery": "LOW",
        "spot_id": 2497860224,
        "source": "spot"
      }
    },
    {
      "type": "Feature",
      "geometry": {
        "type": "Point",
        "coordinates": [
          20.67056,
          42.58856
        ]
      },
      "properties": {
        "timestamp": "2026-09-12T11:47:55+0000",
        "type": "UNLIMITED-TRACK",
        "battery": "LOW",
        "spot_id": 2497864935,
        "source": "spot"
      }
    },
    {
      "type": "Feature",
      "geometry": {
        "type": "Point",
        "coordinates": [
          20.68077,
          42.58933
        ]
      },
      "properties": {
        "timestamp": "2026-09-12T11:52:55+0000",
        "type": "UNLIMITED-TRACK",
        "battery": "LOW",
        "spot_id": 2497864934,
        "source": "spot"
      }
    },
    {
      "type": "Feature",
      "geometry": {
        "type": "Point",
        "coordinates": [
          20.69313,
          42.59139
        ]
      },
      "properties": {
        "timestamp": "2026-09-12T11:57:55+0000",
        "type": "UNLIMITED-TRACK",
        "battery": "LOW",
        "spot_id": 2497864898,
        "source": "spot"
      }
    },
    {
      "type": "Feature",
      "geometry": {
        "type": "Point",
        "coordinates": [
          20.70638,
          42.59357
        ]
      },
      "properties": {
        "timestamp": "2026-09-12T12:02:18+0000",
        "type": "UNLIMITED-TRACK",
        "battery": "LOW",
        "spot_id": 2497868206,
        "source": "spot"
      }
    },
    {
      "type": "Feature",
      "geometry": {
        "type": "Point",
        "coordinates": [
          20.71934,
          42.59383
        ]
      },
      "properties": {
        "timestamp": "2026-09-12T12:07:18+0000",
        "type": "UNLIMITED-TRACK",
        "battery": "LOW",
        "spot_id": 2497868163,
        "source": "spot"
      }
    },
    {
      "type": "Feature",
      "geometry": {
        "type": "Point",
        "coordinates": [
          20.73405,
          42.58618
        ]
      },
      "properties": {
        "timestamp": "2026-09-12T12:12:17+0000",
        "type": "UNLIMITED-TRACK",
        "battery": "LOW",
        "spot_id": 2497869872,
        "source": "spot"
      }
    },
    {
      "type": "Feature",
      "geometry": {
        "type": "Point",
        "coordinates": [
          20.77487,
          42.60718
        ]
      },
      "properties": {
        "timestamp": "2026-09-12T12:37:05+0000",
        "type": "UNLIMITED-TRACK",
        "battery": "LOW",
        "spot_id": 2497882298,
        "source": "spot"
      }
    },
    {
      "type": "Feature",
      "geometry": {
        "type": "Point",
        "coordinates": [
          20.78534,
          42.61615
        ]
      },
      "properties": {
        "timestamp": "2026-09-12T12:42:05+0000",
        "type": "UNLIMITED-TRACK",
        "battery": "LOW",
        "spot_id": 2497882295,
        "source": "spot"
      }
    },
    {
      "type": "Feature",
      "geometry": {
        "type": "Point",
        "coordinates": [
          20.79538,
          42.62109
        ]
      },
      "properties": {
        "timestamp": "2026-09-12T12:47:05+0000",
        "type": "UNLIMITED-TRACK",
        "battery": "LOW",
        "spot_id": 2497882255,
        "source": "spot"
      }
    },
    {
      "type": "Feature",
      "geometry": {
        "type": "Point",
        "coordinates": [
          20.81538,
          42.62869
        ]
      },
      "properties": {
        "timestamp": "2026-09-12T12:56:55+0000",
        "type": "UNLIMITED-TRACK",
        "battery": "LOW",
        "spot_id": 2497889294,
        "source": "spot"
      }
    },
    {
      "type": "Feature",
      "geometry": {
        "type": "Point",
        "coordinates": [
          20.82577,
          42.63036
        ]
      },
      "properties": {
        "timestamp": "2026-09-12T13:01:55+0000",
        "type": "UNLIMITED-TRACK",
        "battery": "LOW",
        "spot_id": 2497889293,
        "source": "spot"
      }
    },
    {
      "type": "Feature",
      "geometry": {
        "type": "Point",
        "coordinates": [
          20.82577,
          42.63023
        ]
      },
      "properties": {
        "timestamp": "2026-09-12T13:06:55+0000",
        "type": "UNLIMITED-TRACK",
        "battery": "LOW",
        "spot_id": 2497889269,
        "source": "spot"
      }
    },
    {
      "type": "Feature",
      "geometry": {
        "type": "Point",
        "coordinates": [
          20.8286,
          42.62989
        ]
      },
      "properties": {
        "timestamp": "2026-09-12T13:32:26+0000",
        "type": "UNLIMITED-TRACK",
        "battery": "LOW",
        "spot_id": 2497898664,
        "source": "spot"
      }
    },
    {
      "type": "Feature",
      "geometry": {
        "type": "Point",
        "coordinates": [
          20.8457,
          42.62494
        ]
      },
      "properties": {
        "timestamp": "2026-09-12T13:37:22+0000",
        "type": "UNLIMITED-TRACK",
        "battery": "LOW",
        "spot_id": 2497902384,
        "source": "spot"
      }
    },
    {
      "type": "Feature",
      "geometry": {
        "type": "Point",
        "coordinates": [
          20.86905,
          42.62833
        ]
      },
      "properties": {
        "timestamp": "2026-09-12T13:42:22+0000",
        "type": "UNLIMITED-TRACK",
        "battery": "LOW",
        "spot_id": 2497902343,
        "source": "spot"
      }
    },
    {
      "type": "Feature",
      "geometry": {
        "type": "Point",
        "coordinates": [
          20.89827,
          42.62533
        ]
      },
      "properties": {
        "timestamp": "2026-09-12T13:52:21+0000",
        "type": "UNLIMITED-TRACK",
        "battery": "LOW",
        "spot_id": 2497905525,
        "source": "spot"
      }
    },
    {
      "type": "Feature",
      "geometry": {
        "type": "Point",
        "coordinates": [
          20.91733,
          42.64245
        ]
      },
      "properties": {
        "timestamp": "2026-09-12T14:02:14+0000",
        "type": "UNLIMITED-TRACK",
        "battery": "LOW",
        "spot_id": 2497913835,
        "source": "spot"
      }
    },
    {
      "type": "Feature",
      "geometry": {
        "type": "Point",
        "coordinates": [
          20.92653,
          42.65331
        ]
      },
      "properties": {
        "timestamp": "2026-09-12T14:07:19+0000",
        "type": "UNLIMITED-TRACK",
        "battery": "LOW",
        "spot_id": 2497911487,
        "source": "spot"
      }
    },
    {
      "type": "Feature",
      "geometry": {
        "type": "Point",
        "coordinates": [
          20.93827,
          42.66447
        ]
      },
      "properties": {
        "timestamp": "2026-09-12T14:12:14+0000",
        "type": "UNLIMITED-TRACK",
        "battery": "LOW",
        "spot_id": 2497913801,
        "source": "spot"
      }
    },
    {
      "type": "Feature",
      "geometry": {
        "type": "Point",
        "coordinates": [
          20.94966,
          42.6728
        ]
      },
      "properties": {
        "timestamp": "2026-09-12T14:17:11+0000",
        "type": "UNLIMITED-TRACK",
        "battery": "LOW",
        "spot_id": 2497920375,
        "source": "spot"
      }
    },
    {
      "type": "Feature",
      "geometry": {
        "type": "Point",
        "coordinates": [
          20.94966,
          42.6728
        ]
      },
      "properties": {
        "timestamp": "2026-09-12T14:22:11+0000",
        "type": "UNLIMITED-TRACK",
        "battery": "LOW",
        "spot_id": 2497920374,
        "source": "spot"
      }
    },
    {
      "type": "Feature",
      "geometry": {
        "type": "Point",
        "coordinates": [
          20.94966,
          42.6728
        ]
      },
      "properties": {
        "timestamp": "2026-09-12T14:27:11+0000",
        "type": "UNLIMITED-TRACK",
        "battery": "LOW",
        "spot_id": 2497920341,
        "source": "spot"
      }
    },
    {
      "type": "Feature",
      "geometry": {
        "type": "Point",
        "coordinates": [
          20.98539,
          42.66376
        ]
      },
      "properties": {
        "timestamp": "2026-09-12T14:41:55+0000",
        "type": "UNLIMITED-TRACK",
        "battery": "LOW",
        "spot_id": 2497931069,
        "source": "spot"
      }
    },
    {
      "type": "Feature",
      "geometry": {
        "type": "Point",
        "coordinates": [
          21.00118,
          42.65239
        ]
      },
      "properties": {
        "timestamp": "2026-09-12T14:46:55+0000",
        "type": "UNLIMITED-TRACK",
        "battery": "LOW",
        "spot_id": 2497931067,
        "source": "spot"
      }
    },
    {
      "type": "Feature",
      "geometry": {
        "type": "Point",
        "coordinates": [
          21.01002,
          42.64243
        ]
      },
      "properties": {
        "timestamp": "2026-09-12T14:51:55+0000",
        "type": "UNLIMITED-TRACK",
        "battery": "LOW",
        "spot_id": 2497931013,
        "source": "spot"
      }
    },
    {
      "type": "Feature",
      "geometry": {
        "type": "Point",
        "coordinates": [
          21.02189,
          42.63202
        ]
      },
      "properties": {
        "timestamp": "2026-09-12T14:56:51+0000",
        "type": "UNLIMITED-TRACK",
        "battery": "LOW",
        "spot_id": 2497935930,
        "source": "spot"
      }
    },
    {
      "type": "Feature",
      "geometry": {
        "type": "Point",
        "coordinates": [
          21.0321,
          42.62498
        ]
      },
      "properties": {
        "timestamp": "2026-09-12T15:01:51+0000",
        "type": "UNLIMITED-TRACK",
        "battery": "LOW",
        "spot_id": 2497935880,
        "source": "spot"
      }
    },
    {
      "type": "Feature",
      "geometry": {
        "type": "Point",
        "coordinates": [
          21.08115,
          42.62834
        ]
      },
      "properties": {
        "timestamp": "2026-09-12T15:16:45+0000",
        "type": "UNLIMITED-TRACK",
        "battery": "LOW",
        "spot_id": 2497942574,
        "source": "spot"
      }
    },
    {
      "type": "Feature",
      "geometry": {
        "type": "Point",
        "coordinates": [
          21.09895,
          42.63929
        ]
      },
      "properties": {
        "timestamp": "2026-09-12T15:31:32+0000",
        "type": "UNLIMITED-TRACK",
        "battery": "LOW",
        "spot_id": 2497953430,
        "source": "spot"
      }
    },
    {
      "type": "Feature",
      "geometry": {
        "type": "Point",
        "coordinates": [
          21.11182,
          42.64289
        ]
      },
      "properties": {
        "timestamp": "2026-09-12T15:36:32+0000",
        "type": "UNLIMITED-TRACK",
        "battery": "LOW",
        "spot_id": 2497953429,
        "source": "spot"
      }
    },
    {
      "type": "Feature",
      "geometry": {
        "type": "Point",
        "coordinates": [
          21.1265,
          42.64701
        ]
      },
      "properties": {
        "timestamp": "2026-09-12T15:41:32+0000",
        "type": "UNLIMITED-TRACK",
        "battery": "LOW",
        "spot_id": 2497953391,
        "source": "spot"
      }
    },
    {
      "type": "Feature",
      "geometry": {
        "type": "Point",
        "coordinates": [
          21.13918,
          42.65036
        ]
      },
      "properties": {
        "timestamp": "2026-09-12T15:46:31+0000",
        "type": "UNLIMITED-TRACK",
        "battery": "LOW",
        "spot_id": 2497955556,
        "source": "spot"
      }
    },
    {
      "type": "Feature",
      "geometry": {
        "type": "Point",
        "coordinates": [
          21.16922,
          42.66828
        ]
      },
      "properties": {
        "timestamp": "2026-09-12T16:11:21+0000",
        "type": "UNLIMITED-TRACK",
        "battery": "LOW",
        "spot_id": 2497970626,
        "source": "spot"
      }
    },
    {
      "type": "Feature",
      "geometry": {
        "type": "Point",
        "coordinates": [
          21.16896,
          42.66802
        ]
      },
      "properties": {
        "timestamp": "2026-09-12T16:16:21+0000",
        "type": "UNLIMITED-TRACK",
        "battery": "LOW",
        "spot_id": 2497970624,
        "source": "spot"
      }
    },
    {
      "type": "Feature",
      "geometry": {
        "type": "Point",
        "coordinates": [
          21.1675,
          42.66596
        ]
      },
      "properties": {
        "timestamp": "2026-09-12T16:21:21+0000",
        "type": "UNLIMITED-TRACK",
        "battery": "LOW",
        "spot_id": 2497970596,
        "source": "spot"
      }
    },
    {
      "type": "Feature",
      "geometry": {
        "type": "Point",
        "coordinates": [
          21.16739,
          42.66586
        ]
      },
      "properties": {
        "timestamp": "2026-09-12T16:31:16+0000",
        "type": "UNLIMITED-TRACK",
        "battery": "LOW",
        "spot_id": 2497974866,
        "source": "spot"
      }
    },
    {
      "type": "Feature",
      "geometry": {
        "type": "Point",
        "coordinates": [
          21.16827,
          42.66565
        ]
      },
      "properties": {
        "timestamp": "2026-09-13T07:21:11+0000",
        "type": "UNLIMITED-TRACK",
        "battery": "LOW",
        "spot_id": 2498244633,
        "source": "spot"
      }
    },
    {
      "type": "Feature",
      "geometry": {
        "type": "Point",
        "coordinates": [
          21.16862,
          42.66535
        ]
      },
      "properties": {
        "timestamp": "2026-09-13T07:25:18+0000",
        "type": "UNLIMITED-TRACK",
        "battery": "LOW",
        "spot_id": 2498245680,
        "source": "spot"
      }
    },
    {
      "type": "Feature",
      "geometry": {
        "type": "Point",
        "coordinates": [
          21.15833,
          42.65071
        ]
      },
      "properties": {
        "timestamp": "2026-09-13T07:49:54+0000",
        "type": "UNLIMITED-TRACK",
        "battery": "LOW",
        "spot_id": 2498255239,
        "source": "spot"
      }
    },
    {
      "type": "Feature",
      "geometry": {
        "type": "Point",
        "coordinates": [
          21.15653,
          42.64286
        ]
      },
      "properties": {
        "timestamp": "2026-09-13T07:54:54+0000",
        "type": "UNLIMITED-TRACK",
        "battery": "LOW",
        "spot_id": 2498255238,
        "source": "spot"
      }
    },
    {
      "type": "Feature",
      "geometry": {
        "type": "Point",
        "coordinates": [
          21.15353,
          42.6372
        ]
      },
      "properties": {
        "timestamp": "2026-09-13T07:59:54+0000",
        "type": "UNLIMITED-TRACK",
        "battery": "LOW",
        "spot_id": 2498255225,
        "source": "spot"
      }
    },
    {
      "type": "Feature",
      "geometry": {
        "type": "Point",
        "coordinates": [
          21.15254,
          42.63459
        ]
      },
      "properties": {
        "timestamp": "2026-09-13T08:04:57+0000",
        "type": "UNLIMITED-TRACK",
        "battery": "LOW",
        "spot_id": 2498256418,
        "source": "spot"
      }
    },
    {
      "type": "Feature",
      "geometry": {
        "type": "Point",
        "coordinates": [
          21.15156,
          42.63296
        ]
      },
      "properties": {
        "timestamp": "2026-09-13T08:10:07+0000",
        "type": "UNLIMITED-TRACK",
        "battery": "LOW",
        "spot_id": 2498260743,
        "source": "spot"
      }
    },
    {
      "type": "Feature",
      "geometry": {
        "type": "Point",
        "coordinates": [
          21.14761,
          42.62506
        ]
      },
      "properties": {
        "timestamp": "2026-09-13T08:15:07+0000",
        "type": "UNLIMITED-TRACK",
        "battery": "LOW",
        "spot_id": 2498260741,
        "source": "spot"
      }
    },
    {
      "type": "Feature",
      "geometry": {
        "type": "Point",
        "coordinates": [
          21.14143,
          42.61425
        ]
      },
      "properties": {
        "timestamp": "2026-09-13T08:20:07+0000",
        "type": "UNLIMITED-TRACK",
        "battery": "LOW",
        "spot_id": 2498260719,
        "source": "spot"
      }
    },
    {
      "type": "Feature",
      "geometry": {
        "type": "Point",
        "coordinates": [
          21.13244,
          42.60296
        ]
      },
      "properties": {
        "timestamp": "2026-09-13T09:14:53+0000",
        "type": "UNLIMITED-TRACK",
        "battery": "LOW",
        "spot_id": 2498276751,
        "source": "spot"
      }
    },
    {
      "type": "Feature",
      "geometry": {
        "type": "Point",
        "coordinates": [
          21.13004,
          42.58549
        ]
      },
      "properties": {
        "timestamp": "2026-09-13T09:19:53+0000",
        "type": "UNLIMITED-TRACK",
        "battery": "LOW",
        "spot_id": 2498276725,
        "source": "spot"
      }
    },
    {
      "type": "Feature",
      "geometry": {
        "type": "Point",
        "coordinates": [
          21.13066,
          42.58331
        ]
      },
      "properties": {
        "timestamp": "2026-09-13T09:23:58+0000",
        "type": "UNLIMITED-TRACK",
        "battery": "LOW",
        "spot_id": 2498277823,
        "source": "spot"
      }
    },
    {
      "type": "Feature",
      "geometry": {
        "type": "Point",
        "coordinates": [
          21.12976,
          42.56736
        ]
      },
      "properties": {
        "timestamp": "2026-09-13T09:45:19+0000",
        "type": "UNLIMITED-TRACK",
        "battery": "LOW",
        "spot_id": 2498283614,
        "source": "spot"
      }
    },
    {
      "type": "Feature",
      "geometry": {
        "type": "Point",
        "coordinates": [
          21.14053,
          42.55561
        ]
      },
      "properties": {
        "timestamp": "2026-09-13T09:50:14+0000",
        "type": "UNLIMITED-TRACK",
        "battery": "LOW",
        "spot_id": 2498284653,
        "source": "spot"
      }
    },
    {
      "type": "Feature",
      "geometry": {
        "type": "Point",
        "coordinates": [
          21.15999,
          42.52795
        ]
      },
      "properties": {
        "timestamp": "2026-09-13T10:00:10+0000",
        "type": "UNLIMITED-TRACK",
        "battery": "LOW",
        "spot_id": 2498290917,
        "source": "spot"
      }
    },
    {
      "type": "Feature",
      "geometry": {
        "type": "Point",
        "coordinates": [
          21.16626,
          42.51057
        ]
      },
      "properties": {
        "timestamp": "2026-09-13T10:05:10+0000",
        "type": "UNLIMITED-TRACK",
        "battery": "LOW",
        "spot_id": 2498290916,
        "source": "spot"
      }
    },
    {
      "type": "Feature",
      "geometry": {
        "type": "Point",
        "coordinates": [
          21.17527,
          42.49448
        ]
      },
      "properties": {
        "timestamp": "2026-09-13T10:10:10+0000",
        "type": "UNLIMITED-TRACK",
        "battery": "LOW",
        "spot_id": 2498290891,
        "source": "spot"
      }
    },
    {
      "type": "Feature",
      "geometry": {
        "type": "Point",
        "coordinates": [
          21.15939,
          42.43344
        ]
      },
      "properties": {
        "timestamp": "2026-09-13T10:30:00+0000",
        "type": "UNLIMITED-TRACK",
        "battery": "LOW",
        "spot_id": 2498295665,
        "source": "spot"
      }
    },
    {
      "type": "Feature",
      "geometry": {
        "type": "Point",
        "coordinates": [
          21.15681,
          42.4179
        ]
      },
      "properties": {
        "timestamp": "2026-09-13T10:34:52+0000",
        "type": "UNLIMITED-TRACK",
        "battery": "LOW",
        "spot_id": 2498299370,
        "source": "spot"
      }
    },
    {
      "type": "Feature",
      "geometry": {
        "type": "Point",
        "coordinates": [
          21.15784,
          42.40541
        ]
      },
      "properties": {
        "timestamp": "2026-09-13T10:39:52+0000",
        "type": "UNLIMITED-TRACK",
        "battery": "LOW",
        "spot_id": 2498299369,
        "source": "spot"
      }
    },
    {
      "type": "Feature",
      "geometry": {
        "type": "Point",
        "coordinates": [
          21.16282,
          42.39052
        ]
      },
      "properties": {
        "timestamp": "2026-09-13T10:44:52+0000",
        "type": "UNLIMITED-TRACK",
        "battery": "LOW",
        "spot_id": 2498299352,
        "source": "spot"
      }
    },
    {
      "type": "Feature",
      "geometry": {
        "type": "Point",
        "coordinates": [
          21.17981,
          42.36741
        ]
      },
      "properties": {
        "timestamp": "2026-09-13T10:59:42+0000",
        "type": "UNLIMITED-TRACK",
        "battery": "LOW",
        "spot_id": 2498305222,
        "source": "spot"
      }
    },
    {
      "type": "Feature",
      "geometry": {
        "type": "Point",
        "coordinates": [
          21.18771,
          42.35578
        ]
      },
      "properties": {
        "timestamp": "2026-09-13T11:04:42+0000",
        "type": "UNLIMITED-TRACK",
        "battery": "LOW",
        "spot_id": 2498305221,
        "source": "spot"
      }
    },
    {
      "type": "Feature",
      "geometry": {
        "type": "Point",
        "coordinates": [
          21.19535,
          42.33853
        ]
      },
      "properties": {
        "timestamp": "2026-09-13T11:09:42+0000",
        "type": "UNLIMITED-TRACK",
        "battery": "LOW",
        "spot_id": 2498305197,
        "source": "spot"
      }
    },
    {
      "type": "Feature",
      "geometry": {
        "type": "Point",
        "coordinates": [
          21.20511,
          42.30809
        ]
      },
      "properties": {
        "timestamp": "2026-09-13T11:19:29+0000",
        "type": "UNLIMITED-TRACK",
        "battery": "LOW",
        "spot_id": 2498311062,
        "source": "spot"
      }
    },
    {
      "type": "Feature",
      "geometry": {
        "type": "Point",
        "coordinates": [
          21.20608,
          42.30532
        ]
      },
      "properties": {
        "timestamp": "2026-09-13T11:24:32+0000",
        "type": "UNLIMITED-TRACK",
        "battery": "LOW",
        "spot_id": 2498309425,
        "source": "spot"
      }
    },
    {
      "type": "Feature",
      "geometry": {
        "type": "Point",
        "coordinates": [
          21.20906,
          42.29745
        ]
      },
      "properties": {
        "timestamp": "2026-09-13T11:29:29+0000",
        "type": "UNLIMITED-TRACK",
        "battery": "LOW",
        "spot_id": 2498311027,
        "source": "spot"
      }
    },
    {
      "type": "Feature",
      "geometry": {
        "type": "Point",
        "coordinates": [
          21.20906,
          42.29743
        ]
      },
      "properties": {
        "timestamp": "2026-09-13T11:34:30+0000",
        "type": "UNLIMITED-TRACK",
        "battery": "LOW",
        "spot_id": 2498312478,
        "source": "spot"
      }
    },
    {
      "type": "Feature",
      "geometry": {
        "type": "Point",
        "coordinates": [
          21.2105,
          42.29125
        ]
      },
      "properties": {
        "timestamp": "2026-09-13T11:39:25+0000",
        "type": "UNLIMITED-TRACK",
        "battery": "LOW",
        "spot_id": 2498314120,
        "source": "spot"
      }
    },
    {
      "type": "Feature",
      "geometry": {
        "type": "Point",
        "coordinates": [
          21.2552,
          42.2229
        ]
      },
      "properties": {
        "timestamp": "2026-09-13T12:14:05+0000",
        "type": "UNLIMITED-TRACK",
        "battery": "LOW",
        "spot_id": 2498324851,
        "source": "spot"
      }
    },
    {
      "type": "Feature",
      "geometry": {
        "type": "Point",
        "coordinates": [
          21.25103,
          42.21081
        ]
      },
      "properties": {
        "timestamp": "2026-09-13T12:19:01+0000",
        "type": "UNLIMITED-TRACK",
        "battery": "LOW",
        "spot_id": 2498329548,
        "source": "spot"
      }
    },
    {
      "type": "Feature",
      "geometry": {
        "type": "Point",
        "coordinates": [
          21.25901,
          42.19768
        ]
      },
      "properties": {
        "timestamp": "2026-09-13T12:24:01+0000",
        "type": "UNLIMITED-TRACK",
        "battery": "LOW",
        "spot_id": 2498329547,
        "source": "spot"
      }
    },
    {
      "type": "Feature",
      "geometry": {
        "type": "Point",
        "coordinates": [
          21.26665,
          42.19051
        ]
      },
      "properties": {
        "timestamp": "2026-09-13T12:29:01+0000",
        "type": "UNLIMITED-TRACK",
        "battery": "LOW",
        "spot_id": 2498329504,
        "source": "spot"
      }
    },
    {
      "type": "Feature",
      "geometry": {
        "type": "Point",
        "coordinates": [
          21.26408,
          42.18236
        ]
      },
      "properties": {
        "timestamp": "2026-09-13T12:33:56+0000",
        "type": "UNLIMITED-TRACK",
        "battery": "LOW",
        "spot_id": 2498330885,
        "source": "spot"
      }
    },
    {
      "type": "Feature",
      "geometry": {
        "type": "Point",
        "coordinates": [
          21.30219,
          42.14545
        ]
      },
      "properties": {
        "timestamp": "2026-09-13T12:48:49+0000",
        "type": "UNLIMITED-TRACK",
        "battery": "LOW",
        "spot_id": 2498335164,
        "source": "spot"
      }
    },
    {
      "type": "Feature",
      "geometry": {
        "type": "Point",
        "coordinates": [
          21.33037,
          42.10692
        ]
      },
      "properties": {
        "timestamp": "2026-09-13T13:08:52+0000",
        "type": "UNLIMITED-TRACK",
        "battery": "LOW",
        "spot_id": 2498344614,
        "source": "spot"
      }
    },
    {
      "type": "Feature",
      "geometry": {
        "type": "Point",
        "coordinates": [
          21.33964,
          42.09396
        ]
      },
      "properties": {
        "timestamp": "2026-09-13T13:13:52+0000",
        "type": "UNLIMITED-TRACK",
        "battery": "LOW",
        "spot_id": 2498344613,
        "source": "spot"
      }
    },
    {
      "type": "Feature",
      "geometry": {
        "type": "Point",
        "coordinates": [
          21.3429,
          42.08027
        ]
      },
      "properties": {
        "timestamp": "2026-09-13T13:18:52+0000",
        "type": "UNLIMITED-TRACK",
        "battery": "LOW",
        "spot_id": 2498344572,
        "source": "spot"
      }
    },
    {
      "type": "Feature",
      "geometry": {
        "type": "Point",
        "coordinates": [
          21.367,
          42.06834
        ]
      },
      "properties": {
        "timestamp": "2026-09-13T13:28:29+0000",
        "type": "UNLIMITED-TRACK",
        "battery": "LOW",
        "spot_id": 2498352174,
        "source": "spot"
      }
    },
    {
      "type": "Feature",
      "geometry": {
        "type": "Point",
        "coordinates": [
          21.37661,
          42.05924
        ]
      },
      "properties": {
        "timestamp": "2026-09-13T13:33:29+0000",
        "type": "UNLIMITED-TRACK",
        "battery": "LOW",
        "spot_id": 2498352173,
        "source": "spot"
      }
    },
    {
      "type": "Feature",
      "geometry": {
        "type": "Point",
        "coordinates": [
          21.37764,
          42.05688
        ]
      },
      "properties": {
        "timestamp": "2026-09-13T13:38:29+0000",
        "type": "UNLIMITED-TRACK",
        "battery": "LOW",
        "spot_id": 2498352135,
        "source": "spot"
      }
    },
    {
      "type": "Feature",
      "geometry": {
        "type": "Point",
        "coordinates": [
          21.37787,
          42.05698
        ]
      },
      "properties": {
        "timestamp": "2026-09-13T13:43:28+0000",
        "type": "UNLIMITED-TRACK",
        "battery": "LOW",
        "spot_id": 2498353837,
        "source": "spot"
      }
    },
    {
      "type": "Feature",
      "geometry": {
        "type": "Point",
        "coordinates": [
          21.37785,
          42.05684
        ]
      },
      "properties": {
        "timestamp": "2026-09-13T13:48:26+0000",
        "type": "UNLIMITED-TRACK",
        "battery": "LOW",
        "spot_id": 2498355714,
        "source": "spot"
      }
    },
    {
      "type": "Feature",
      "geometry": {
        "type": "Point",
        "coordinates": [
          21.39375,
          42.04113
        ]
      },
      "properties": {
        "timestamp": "2026-09-13T15:01:32+0000",
        "type": "UNLIMITED-TRACK",
        "battery": "LOW",
        "spot_id": 2498381933,
        "source": "spot"
      }
    },
    {
      "type": "Feature",
      "geometry": {
        "type": "Point",
        "coordinates": [
          21.39628,
          42.03901
        ]
      },
      "properties": {
        "timestamp": "2026-09-13T15:05:55+0000",
        "type": "UNLIMITED-TRACK",
        "battery": "LOW",
        "spot_id": 2498387062,
        "source": "spot"
      }
    },
    {
      "type": "Feature",
      "geometry": {
        "type": "Point",
        "coordinates": [
          21.40143,
          42.0333
        ]
      },
      "properties": {
        "timestamp": "2026-09-13T15:10:55+0000",
        "type": "UNLIMITED-TRACK",
        "battery": "LOW",
        "spot_id": 2498387060,
        "source": "spot"
      }
    },
    {
      "type": "Feature",
      "geometry": {
        "type": "Point",
        "coordinates": [
          21.40143,
          42.03206
        ]
      },
      "properties": {
        "timestamp": "2026-09-13T15:15:55+0000",
        "type": "UNLIMITED-TRACK",
        "battery": "LOW",
        "spot_id": 2498387011,
        "source": "spot"
      }
    },
    {
      "type": "Feature",
      "geometry": {
        "type": "Point",
        "coordinates": [
          21.40143,
          42.03229
        ]
      },
      "properties": {
        "timestamp": "2026-09-13T15:20:53+0000",
        "type": "UNLIMITED-TRACK",
        "battery": "LOW",
        "spot_id": 2498389439,
        "source": "spot"
      }
    },
    {
      "type": "Feature",
      "geometry": {
        "type": "Point",
        "coordinates": [
          21.40143,
          42.03351
        ]
      },
      "properties": {
        "timestamp": "2026-09-13T15:25:50+0000",
        "type": "UNLIMITED-TRACK",
        "battery": "LOW",
        "spot_id": 2498391141,
        "source": "spot"
      }
    },
    {
      "type": "Feature",
      "geometry": {
        "type": "Point",
        "coordinates": [
          21.40632,
          42.02966
        ]
      },
      "properties": {
        "timestamp": "2026-09-13T15:30:49+0000",
        "type": "UNLIMITED-TRACK",
        "battery": "LOW",
        "spot_id": 2498392966,
        "source": "spot"
      }
    },
    {
      "type": "Feature",
      "geometry": {
        "type": "Point",
        "coordinates": [
          21.41068,
          42.0266
        ]
      },
      "properties": {
        "timestamp": "2026-09-13T15:35:47+0000",
        "type": "UNLIMITED-TRACK",
        "battery": "LOW",
        "spot_id": 2498395356,
        "source": "spot"
      }
    },
    {
      "type": "Feature",
      "geometry": {
        "type": "Point",
        "coordinates": [
          21.41804,
          42.02679
        ]
      },
      "properties": {
        "timestamp": "2026-09-13T15:40:47+0000",
        "type": "UNLIMITED-TRACK",
        "battery": "LOW",
        "spot_id": 2498397667,
        "source": "spot"
      }
    },
    {
      "type": "Feature",
      "geometry": {
        "type": "Point",
        "coordinates": [
          21.40956,
          42.02505
        ]
      },
      "properties": {
        "timestamp": "2026-09-13T15:45:43+0000",
        "type": "UNLIMITED-TRACK",
        "battery": "LOW",
        "spot_id": 2498399656,
        "source": "spot"
      }
    },
    {
      "type": "Feature",
      "geometry": {
        "type": "Point",
        "coordinates": [
          21.40974,
          42.01957
        ]
      },
      "properties": {
        "timestamp": "2026-09-13T15:50:41+0000",
        "type": "UNLIMITED-TRACK",
        "battery": "LOW",
        "spot_id": 2498401797,
        "source": "spot"
      }
    },
    {
      "type": "Feature",
      "geometry": {
        "type": "Point",
        "coordinates": [
          21.40806,
          42.01532
        ]
      },
      "properties": {
        "timestamp": "2026-09-13T15:55:40+0000",
        "type": "UNLIMITED-TRACK",
        "battery": "LOW",
        "spot_id": 2498407899,
        "source": "spot"
      }
    },
    {
      "type": "Feature",
      "geometry": {
        "type": "Point",
        "coordinates": [
          21.40849,
          42.01528
        ]
      },
      "properties": {
        "timestamp": "2026-09-13T16:00:40+0000",
        "type": "UNLIMITED-TRACK",
        "battery": "LOW",
        "spot_id": 2498407897,
        "source": "spot"
      }
    },
    {
      "type": "Feature",
      "geometry": {
        "type": "Point",
        "coordinates": [
          21.40849,
          42.01528
        ]
      },
      "properties": {
        "timestamp": "2026-09-13T16:05:40+0000",
        "type": "UNLIMITED-TRACK",
        "battery": "LOW",
        "spot_id": 2498407861,
        "source": "spot"
      }
    },
    {
      "type": "Feature",
      "geometry": {
        "type": "Point",
        "coordinates": [
          21.40854,
          42.01528
        ]
      },
      "properties": {
        "timestamp": "2026-09-13T16:10:49+0000",
        "type": "UNLIMITED-TRACK",
        "battery": "LOW",
        "spot_id": 2498409594,
        "source": "spot"
      }
    },
    {
      "type": "Feature",
      "geometry": {
        "type": "Point",
        "coordinates": [
          21.40195,
          42.00486
        ]
      },
      "properties": {
        "timestamp": "2026-09-13T16:20:41+0000",
        "type": "UNLIMITED-TRACK",
        "battery": "LOW",
        "spot_id": 2498417788,
        "source": "spot"
      }
    },
    {
      "type": "Feature",
      "geometry": {
        "type": "Point",
        "coordinates": [
          21.398,
          42.00301
        ]
      },
      "properties": {
        "timestamp": "2026-09-13T16:25:41+0000",
        "type": "UNLIMITED-TRACK",
        "battery": "LOW",
        "spot_id": 2498417787,
        "source": "spot"
      }
    },
    {
      "type": "Feature",
      "geometry": {
        "type": "Point",
        "coordinates": [
          21.40195,
          42.00447
        ]
      },
      "properties": {
        "timestamp": "2026-09-13T16:30:41+0000",
        "type": "UNLIMITED-TRACK",
        "battery": "LOW",
        "spot_id": 2498417750,
        "source": "spot"
      }
    },
    {
      "type": "Feature",
      "geometry": {
        "type": "Point",
        "coordinates": [
          21.40474,
          42.01457
        ]
      },
      "properties": {
        "timestamp": "2026-09-13T16:40:32+0000",
        "type": "UNLIMITED-TRACK",
        "battery": "LOW",
        "spot_id": 2498421148,
        "source": "spot"
      }
    },
    {
      "type": "Feature",
      "geometry": {
        "type": "Point",
        "coordinates": [
          21.40742,
          42.01347
        ]
      },
      "properties": {
        "timestamp": "2026-09-13T17:31:12+0000",
        "type": "UNLIMITED-TRACK",
        "battery": "LOW",
        "spot_id": 2498443287,
        "source": "spot"
      }
    },
    {
      "type": "Feature",
      "geometry": {
        "type": "Point",
        "coordinates": [
          21.426,
          41.99788
        ]
      },
      "properties": {
        "timestamp": "2026-09-20T08:40:17+0000",
        "type": "UNLIMITED-TRACK",
        "battery": "LOW",
        "spot_id": 2501624014,
        "source": "spot"
      }
    },
    {
      "type": "Feature",
      "geometry": {
        "type": "Point",
        "coordinates": [
          21.44025,
          41.99855
        ]
      },
      "properties": {
        "timestamp": "2026-09-20T08:45:12+0000",
        "type": "UNLIMITED-TRACK",
        "battery": "LOW",
        "spot_id": 2501626065,
        "source": "spot"
      }
    },
    {
      "type": "Feature",
      "geometry": {
        "type": "Point",
        "coordinates": [
          21.44875,
          41.99683
        ]
      },
      "properties": {
        "timestamp": "2026-09-20T08:50:12+0000",
        "type": "UNLIMITED-TRACK",
        "battery": "LOW",
        "spot_id": 2501626043,
        "source": "spot"
      }
    },
    {
      "type": "Feature",
      "geometry": {
        "type": "Point",
        "coordinates": [
          21.45525,
          41.99931
        ]
      },
      "properties": {
        "timestamp": "2026-09-20T08:55:02+0000",
        "type": "UNLIMITED-TRACK",
        "battery": "LOW",
        "spot_id": 2501628901,
        "source": "spot"
      }
    },
    {
      "type": "Feature",
      "geometry": {
        "type": "Point",
        "coordinates": [
          21.46237,
          42.00107
        ]
      },
      "properties": {
        "timestamp": "2026-09-20T09:00:02+0000",
        "type": "UNLIMITED-TRACK",
        "battery": "LOW",
        "spot_id": 2501628900,
        "source": "spot"
      }
    },
    {
      "type": "Feature",
      "geometry": {
        "type": "Point",
        "coordinates": [
          21.48117,
          42.00231
        ]
      },
      "properties": {
        "timestamp": "2026-09-20T09:05:02+0000",
        "type": "UNLIMITED-TRACK",
        "battery": "LOW",
        "spot_id": 2501628878,
        "source": "spot"
      }
    },
    {
      "type": "Feature",
      "geometry": {
        "type": "Point",
        "coordinates": [
          21.55401,
          42.02416
        ]
      },
      "properties": {
        "timestamp": "2026-09-20T09:25:29+0000",
        "type": "UNLIMITED-TRACK",
        "battery": "LOW",
        "spot_id": 2501635704,
        "source": "spot"
      }
    },
    {
      "type": "Feature",
      "geometry": {
        "type": "Point",
        "coordinates": [
          21.56397,
          42.02704
        ]
      },
      "properties": {
        "timestamp": "2026-09-20T09:30:29+0000",
        "type": "UNLIMITED-TRACK",
        "battery": "LOW",
        "spot_id": 2501635703,
        "source": "spot"
      }
    },
    {
      "type": "Feature",
      "geometry": {
        "type": "Point",
        "coordinates": [
          21.57959,
          42.0276
        ]
      },
      "properties": {
        "timestamp": "2026-09-20T09:35:29+0000",
        "type": "UNLIMITED-TRACK",
        "battery": "LOW",
        "spot_id": 2501635683,
        "source": "spot"
      }
    },
    {
      "type": "Feature",
      "geometry": {
        "type": "Point",
        "coordinates": [
          21.5992,
          42.04972
        ]
      },
      "properties": {
        "timestamp": "2026-09-20T09:59:47+0000",
        "type": "UNLIMITED-TRACK",
        "battery": "LOW",
        "spot_id": 2501643089,
        "source": "spot"
      }
    },
    {
      "type": "Feature",
      "geometry": {
        "type": "Point",
        "coordinates": [
          21.60142,
          42.05672
        ]
      },
      "properties": {
        "timestamp": "2026-09-20T10:04:37+0000",
        "type": "UNLIMITED-TRACK",
        "battery": "LOW",
        "spot_id": 2501641991,
        "source": "spot"
      }
    },
    {
      "type": "Feature",
      "geometry": {
        "type": "Point",
        "coordinates": [
          21.5974,
          42.0644
        ]
      },
      "properties": {
        "timestamp": "2026-09-20T10:09:47+0000",
        "type": "UNLIMITED-TRACK",
        "battery": "LOW",
        "spot_id": 2501643063,
        "source": "spot"
      }
    },
    {
      "type": "Feature",
      "geometry": {
        "type": "Point",
        "coordinates": [
          21.59678,
          42.076
        ]
      },
      "properties": {
        "timestamp": "2026-09-20T10:14:39+0000",
        "type": "UNLIMITED-TRACK",
        "battery": "LOW",
        "spot_id": 2501644048,
        "source": "spot"
      }
    },
    {
      "type": "Feature",
      "geometry": {
        "type": "Point",
        "coordinates": [
          21.61637,
          42.08564
        ]
      },
      "properties": {
        "timestamp": "2026-09-20T10:19:25+0000",
        "type": "UNLIMITED-TRACK",
        "battery": "LOW",
        "spot_id": 2501647721,
        "source": "spot"
      }
    },
    {
      "type": "Feature",
      "geometry": {
        "type": "Point",
        "coordinates": [
          21.63397,
          42.09555
        ]
      },
      "properties": {
        "timestamp": "2026-09-20T10:24:25+0000",
        "type": "UNLIMITED-TRACK",
        "battery": "LOW",
        "spot_id": 2501647719,
        "source": "spot"
      }
    },
    {
      "type": "Feature",
      "geometry": {
        "type": "Point",
        "coordinates": [
          21.64882,
          42.10872
        ]
      },
      "properties": {
        "timestamp": "2026-09-20T10:29:25+0000",
        "type": "UNLIMITED-TRACK",
        "battery": "LOW",
        "spot_id": 2501647698,
        "source": "spot"
      }
    },
    {
      "type": "Feature",
      "geometry": {
        "type": "Point",
        "coordinates": [
          21.78711,
          42.17351
        ]
      },
      "properties": {
        "timestamp": "2026-09-20T11:25:22+0000",
        "type": "UNLIMITED-TRACK",
        "battery": "LOW",
        "spot_id": 2501663647,
        "source": "spot"
      }
    },
    {
      "type": "Feature",
      "geometry": {
        "type": "Point",
        "coordinates": [
          21.80479,
          42.17445
        ]
      },
      "properties": {
        "timestamp": "2026-09-20T11:30:22+0000",
        "type": "UNLIMITED-TRACK",
        "battery": "LOW",
        "spot_id": 2501663646,
        "source": "spot"
      }
    },
    {
      "type": "Feature",
      "geometry": {
        "type": "Point",
        "coordinates": [
          21.81303,
          42.172
        ]
      },
      "properties": {
        "timestamp": "2026-09-20T11:35:22+0000",
        "type": "UNLIMITED-TRACK",
        "battery": "LOW",
        "spot_id": 2501663623,
        "source": "spot"
      }
    },
    {
      "type": "Feature",
      "geometry": {
        "type": "Point",
        "coordinates": [
          21.81329,
          42.17199
        ]
      },
      "properties": {
        "timestamp": "2026-09-20T11:43:44+0000",
        "type": "UNLIMITED-TRACK",
        "battery": "LOW",
        "spot_id": 2501668064,
        "source": "spot"
      }
    },
    {
      "type": "Feature",
      "geometry": {
        "type": "Point",
        "coordinates": [
          21.82198,
          42.16998
        ]
      },
      "properties": {
        "timestamp": "2026-09-20T11:48:46+0000",
        "type": "UNLIMITED-TRACK",
        "battery": "LOW",
        "spot_id": 2501667009,
        "source": "spot"
      }
    },
    {
      "type": "Feature",
      "geometry": {
        "type": "Point",
        "coordinates": [
          21.85423,
          42.16375
        ]
      },
      "properties": {
        "timestamp": "2026-09-20T11:53:44+0000",
        "type": "UNLIMITED-TRACK",
        "battery": "LOW",
        "spot_id": 2501668051,
        "source": "spot"
      }
    },
    {
      "type": "Feature",
      "geometry": {
        "type": "Point",
        "coordinates": [
          21.87228,
          42.16018
        ]
      },
      "properties": {
        "timestamp": "2026-09-20T11:58:43+0000",
        "type": "UNLIMITED-TRACK",
        "battery": "LOW",
        "spot_id": 2501669129,
        "source": "spot"
      }
    },
    {
      "type": "Feature",
      "geometry": {
        "type": "Point",
        "coordinates": [
          21.88727,
          42.15807
        ]
      },
      "properties": {
        "timestamp": "2026-09-20T12:03:42+0000",
        "type": "UNLIMITED-TRACK",
        "battery": "LOW",
        "spot_id": 2501671729,
        "source": "spot"
      }
    },
    {
      "type": "Feature",
      "geometry": {
        "type": "Point",
        "coordinates": [
          21.89491,
          42.15236
        ]
      },
      "properties": {
        "timestamp": "2026-09-20T12:08:42+0000",
        "type": "UNLIMITED-TRACK",
        "battery": "LOW",
        "spot_id": 2501671703,
        "source": "spot"
      }
    },
    {
      "type": "Feature",
      "geometry": {
        "type": "Point",
        "coordinates": [
          21.9073,
          42.14801
        ]
      },
      "properties": {
        "timestamp": "2026-09-20T12:13:38+0000",
        "type": "UNLIMITED-TRACK",
        "battery": "LOW",
        "spot_id": 2501673189,
        "source": "spot"
      }
    },
    {
      "type": "Feature",
      "geometry": {
        "type": "Point",
        "coordinates": [
          21.91886,
          42.14566
        ]
      },
      "properties": {
        "timestamp": "2026-09-20T12:18:39+0000",
        "type": "UNLIMITED-TRACK",
        "battery": "LOW",
        "spot_id": 2501674677,
        "source": "spot"
      }
    },
    {
      "type": "Feature",
      "geometry": {
        "type": "Point",
        "coordinates": [
          21.93373,
          42.15839
        ]
      },
      "properties": {
        "timestamp": "2026-09-20T12:28:33+0000",
        "type": "UNLIMITED-TRACK",
        "battery": "LOW",
        "spot_id": 2501677435,
        "source": "spot"
      }
    },
    {
      "type": "Feature",
      "geometry": {
        "type": "Point",
        "coordinates": [
          21.94543,
          42.15676
        ]
      },
      "properties": {
        "timestamp": "2026-09-20T12:33:27+0000",
        "type": "UNLIMITED-TRACK",
        "battery": "LOW",
        "spot_id": 2501680316,
        "source": "spot"
      }
    },
    {
      "type": "Feature",
      "geometry": {
        "type": "Point",
        "coordinates": [
          21.95633,
          42.15157
        ]
      },
      "properties": {
        "timestamp": "2026-09-20T12:38:27+0000",
        "type": "UNLIMITED-TRACK",
        "battery": "LOW",
        "spot_id": 2501680278,
        "source": "spot"
      }
    },
    {
      "type": "Feature",
      "geometry": {
        "type": "Point",
        "coordinates": [
          21.9677,
          42.14919
        ]
      },
      "properties": {
        "timestamp": "2026-09-20T12:48:16+0000",
        "type": "UNLIMITED-TRACK",
        "battery": "LOW",
        "spot_id": 2501686244,
        "source": "spot"
      }
    },
    {
      "type": "Feature",
      "geometry": {
        "type": "Point",
        "coordinates": [
          21.97839,
          42.14731
        ]
      },
      "properties": {
        "timestamp": "2026-09-20T12:53:19+0000",
        "type": "UNLIMITED-TRACK",
        "battery": "LOW",
        "spot_id": 2501684645,
        "source": "spot"
      }
    },
    {
      "type": "Feature",
      "geometry": {
        "type": "Point",
        "coordinates": [
          21.98959,
          42.14545
        ]
      },
      "properties": {
        "timestamp": "2026-09-20T12:58:16+0000",
        "type": "UNLIMITED-TRACK",
        "battery": "LOW",
        "spot_id": 2501686214,
        "source": "spot"
      }
    },
    {
      "type": "Feature",
      "geometry": {
        "type": "Point",
        "coordinates": [
          22.02184,
          42.14806
        ]
      },
      "properties": {
        "timestamp": "2026-09-20T13:18:06+0000",
        "type": "UNLIMITED-TRACK",
        "battery": "LOW",
        "spot_id": 2501691882,
        "source": "spot"
      }
    },
    {
      "type": "Feature",
      "geometry": {
        "type": "Point",
        "coordinates": [
          22.02933,
          42.14931
        ]
      },
      "properties": {
        "timestamp": "2026-09-20T13:23:06+0000",
        "type": "UNLIMITED-TRACK",
        "battery": "LOW",
        "spot_id": 2501693463,
        "source": "spot"
      }
    },
    {
      "type": "Feature",
      "geometry": {
        "type": "Point",
        "coordinates": [
          22.0401,
          42.15198
        ]
      },
      "properties": {
        "timestamp": "2026-09-20T13:27:56+0000",
        "type": "UNLIMITED-TRACK",
        "battery": "LOW",
        "spot_id": 2501698261,
        "source": "spot"
      }
    },
    {
      "type": "Feature",
      "geometry": {
        "type": "Point",
        "coordinates": [
          22.05495,
          42.15713
        ]
      },
      "properties": {
        "timestamp": "2026-09-20T13:32:56+0000",
        "type": "UNLIMITED-TRACK",
        "battery": "LOW",
        "spot_id": 2501698260,
        "source": "spot"
      }
    },
    {
      "type": "Feature",
      "geometry": {
        "type": "Point",
        "coordinates": [
          22.06104,
          42.15902
        ]
      },
      "properties": {
        "timestamp": "2026-09-20T13:37:56+0000",
        "type": "UNLIMITED-TRACK",
        "battery": "LOW",
        "spot_id": 2501698222,
        "source": "spot"
      }
    },
    {
      "type": "Feature",
      "geometry": {
        "type": "Point",
        "coordinates": [
          22.06096,
          42.15909
        ]
      },
      "properties": {
        "timestamp": "2026-09-20T13:42:54+0000",
        "type": "UNLIMITED-TRACK",
        "battery": "LOW",
        "spot_id": 2501699749,
        "source": "spot"
      }
    },
    {
      "type": "Feature",
      "geometry": {
        "type": "Point",
        "coordinates": [
          22.06093,
          42.15906
        ]
      },
      "properties": {
        "timestamp": "2026-09-20T13:48:01+0000",
        "type": "UNLIMITED-TRACK",
        "battery": "LOW",
        "spot_id": 2501701434,
        "source": "spot"
      }
    },
    {
      "type": "Feature",
      "geometry": {
        "type": "Point",
        "coordinates": [
          22.07795,
          42.16365
        ]
      },
      "properties": {
        "timestamp": "2026-09-20T13:57:47+0000",
        "type": "UNLIMITED-TRACK",
        "battery": "LOW",
        "spot_id": 2501704477,
        "source": "spot"
      }
    },
    {
      "type": "Feature",
      "geometry": {
        "type": "Point",
        "coordinates": [
          22.08711,
          42.1634
        ]
      },
      "properties": {
        "timestamp": "2026-09-20T14:02:45+0000",
        "type": "UNLIMITED-TRACK",
        "battery": "LOW",
        "spot_id": 2501707733,
        "source": "spot"
      }
    },
    {
      "type": "Feature",
      "geometry": {
        "type": "Point",
        "coordinates": [
          22.0914,
          42.16589
        ]
      },
      "properties": {
        "timestamp": "2026-09-20T14:07:45+0000",
        "type": "UNLIMITED-TRACK",
        "battery": "LOW",
        "spot_id": 2501707707,
        "source": "spot"
      }
    },
    {
      "type": "Feature",
      "geometry": {
        "type": "Point",
        "coordinates": [
          22.10943,
          42.16698
        ]
      },
      "properties": {
        "timestamp": "2026-09-20T14:12:36+0000",
        "type": "UNLIMITED-TRACK",
        "battery": "LOW",
        "spot_id": 2501711352,
        "source": "spot"
      }
    },
    {
      "type": "Feature",
      "geometry": {
        "type": "Point",
        "coordinates": [
          22.11827,
          42.16762
        ]
      },
      "properties": {
        "timestamp": "2026-09-20T14:17:36+0000",
        "type": "UNLIMITED-TRACK",
        "battery": "LOW",
        "spot_id": 2501711315,
        "source": "spot"
      }
    },
    {
      "type": "Feature",
      "geometry": {
        "type": "Point",
        "coordinates": [
          22.12872,
          42.16793
        ]
      },
      "properties": {
        "timestamp": "2026-09-20T14:22:34+0000",
        "type": "UNLIMITED-TRACK",
        "battery": "LOW",
        "spot_id": 2501712872,
        "source": "spot"
      }
    },
    {
      "type": "Feature",
      "geometry": {
        "type": "Point",
        "coordinates": [
          22.14436,
          42.16911
        ]
      },
      "properties": {
        "timestamp": "2026-09-20T14:27:29+0000",
        "type": "UNLIMITED-TRACK",
        "battery": "LOW",
        "spot_id": 2501717944,
        "source": "spot"
      }
    },
    {
      "type": "Feature",
      "geometry": {
        "type": "Point",
        "coordinates": [
          22.1599,
          42.17005
        ]
      },
      "properties": {
        "timestamp": "2026-09-20T14:32:29+0000",
        "type": "UNLIMITED-TRACK",
        "battery": "LOW",
        "spot_id": 2501717942,
        "source": "spot"
      }
    },
    {
      "type": "Feature",
      "geometry": {
        "type": "Point",
        "coordinates": [
          22.16385,
          42.17048
        ]
      },
      "properties": {
        "timestamp": "2026-09-20T14:37:29+0000",
        "type": "UNLIMITED-TRACK",
        "battery": "LOW",
        "spot_id": 2501717899,
        "source": "spot"
      }
    },
    {
      "type": "Feature",
      "geometry": {
        "type": "Point",
        "coordinates": [
          22.16387,
          42.17055
        ]
      },
      "properties": {
        "timestamp": "2026-09-20T14:42:29+0000",
        "type": "UNLIMITED-TRACK",
        "battery": "LOW",
        "spot_id": 2501721386,
        "source": "spot"
      }
    },
    {
      "type": "Feature",
      "geometry": {
        "type": "Point",
        "coordinates": [
          22.16387,
          42.17046
        ]
      },
      "properties": {
        "timestamp": "2026-09-20T14:47:29+0000",
        "type": "UNLIMITED-TRACK",
        "battery": "LOW",
        "spot_id": 2501721351,
        "source": "spot"
      }
    },
    {
      "type": "Feature",
      "geometry": {
        "type": "Point",
        "coordinates": [
          22.16642,
          42.17046
        ]
      },
      "properties": {
        "timestamp": "2026-09-20T15:11:53+0000",
        "type": "UNLIMITED-TRACK",
        "battery": "LOW",
        "spot_id": 2501731507,
        "source": "spot"
      }
    },
    {
      "type": "Feature",
      "geometry": {
        "type": "Point",
        "coordinates": [
          22.17517,
          42.17119
        ]
      },
      "properties": {
        "timestamp": "2026-09-20T15:16:53+0000",
        "type": "UNLIMITED-TRACK",
        "battery": "LOW",
        "spot_id": 2501731464,
        "source": "spot"
      }
    },
    {
      "type": "Feature",
      "geometry": {
        "type": "Point",
        "coordinates": [
          22.23792,
          42.17645
        ]
      },
      "properties": {
        "timestamp": "2026-09-20T15:46:39+0000",
        "type": "UNLIMITED-TRACK",
        "battery": "LOW",
        "spot_id": 2501745545,
        "source": "spot"
      }
    },
    {
      "type": "Feature",
      "geometry": {
        "type": "Point",
        "coordinates": [
          22.25251,
          42.17649
        ]
      },
      "properties": {
        "timestamp": "2026-09-20T15:51:39+0000",
        "type": "UNLIMITED-TRACK",
        "battery": "LOW",
        "spot_id": 2501745543,
        "source": "spot"
      }
    },
    {
      "type": "Feature",
      "geometry": {
        "type": "Point",
        "coordinates": [
          22.26641,
          42.17864
        ]
      },
      "properties": {
        "timestamp": "2026-09-20T15:56:39+0000",
        "type": "UNLIMITED-TRACK",
        "battery": "LOW",
        "spot_id": 2501745509,
        "source": "spot"
      }
    },
    {
      "type": "Feature",
      "geometry": {
        "type": "Point",
        "coordinates": [
          22.28064,
          42.18511
        ]
      },
      "properties": {
        "timestamp": "2026-09-20T16:06:36+0000",
        "type": "UNLIMITED-TRACK",
        "battery": "LOW",
        "spot_id": 2501749355,
        "source": "spot"
      }
    },
    {
      "type": "Feature",
      "geometry": {
        "type": "Point",
        "coordinates": [
          22.31508,
          42.19725
        ]
      },
      "properties": {
        "timestamp": "2026-09-20T16:25:58+0000",
        "type": "UNLIMITED-TRACK",
        "battery": "LOW",
        "spot_id": 2501760035,
        "source": "spot"
      }
    },
    {
      "type": "Feature",
      "geometry": {
        "type": "Point",
        "coordinates": [
          22.32727,
          42.20051
        ]
      },
      "properties": {
        "timestamp": "2026-09-20T16:30:58+0000",
        "type": "UNLIMITED-TRACK",
        "battery": "LOW",
        "spot_id": 2501760034,
        "source": "spot"
      }
    },
    {
      "type": "Feature",
      "geometry": {
        "type": "Point",
        "coordinates": [
          22.33293,
          42.20145
        ]
      },
      "properties": {
        "timestamp": "2026-09-20T16:35:58+0000",
        "type": "UNLIMITED-TRACK",
        "battery": "LOW",
        "spot_id": 2501759995,
        "source": "spot"
      }
    },
    {
      "type": "Feature",
      "geometry": {
        "type": "Point",
        "coordinates": [
          22.33293,
          42.20145
        ]
      },
      "properties": {
        "timestamp": "2026-09-20T16:36:10+0000",
        "type": "CUSTOM",
        "battery": "LOW",
        "spot_id": 2501760071,
        "source": "spot"
      }
    },
    {
      "type": "Feature",
      "geometry": {
        "type": "Point",
        "coordinates": [
          22.38838,
          42.22576
        ]
      },
      "properties": {
        "timestamp": "2026-09-21T06:23:14+0000",
        "type": "UNLIMITED-TRACK",
        "battery": "LOW",
        "spot_id": 2502002600,
        "source": "spot"
      }
    },
    {
      "type": "Feature",
      "geometry": {
        "type": "Point",
        "coordinates": [
          22.41183,
          42.22588
        ]
      },
      "properties": {
        "timestamp": "2026-09-21T06:38:05+0000",
        "type": "UNLIMITED-TRACK",
        "battery": "LOW",
        "spot_id": 2502006232,
        "source": "spot"
      }
    },
    {
      "type": "Feature",
      "geometry": {
        "type": "Point",
        "coordinates": [
          22.43054,
          42.22018
        ]
      },
      "properties": {
        "timestamp": "2026-09-21T06:58:02+0000",
        "type": "UNLIMITED-TRACK",
        "battery": "LOW",
        "spot_id": 2502010770,
        "source": "spot"
      }
    },
    {
      "type": "Feature",
      "geometry": {
        "type": "Point",
        "coordinates": [
          22.43148,
          42.22063
        ]
      },
      "properties": {
        "timestamp": "2026-09-21T07:11:20+0000",
        "type": "UNLIMITED-TRACK",
        "battery": "LOW",
        "spot_id": 2502016641,
        "source": "spot"
      }
    },
    {
      "type": "Feature",
      "geometry": {
        "type": "Point",
        "coordinates": [
          22.43629,
          42.21823
        ]
      },
      "properties": {
        "timestamp": "2026-09-21T07:16:20+0000",
        "type": "UNLIMITED-TRACK",
        "battery": "LOW",
        "spot_id": 2502016640,
        "source": "spot"
      }
    },
    {
      "type": "Feature",
      "geometry": {
        "type": "Point",
        "coordinates": [
          22.44118,
          42.22072
        ]
      },
      "properties": {
        "timestamp": "2026-09-21T07:21:20+0000",
        "type": "UNLIMITED-TRACK",
        "battery": "LOW",
        "spot_id": 2502016614,
        "source": "spot"
      }
    },
    {
      "type": "Feature",
      "geometry": {
        "type": "Point",
        "coordinates": [
          22.44638,
          42.22273
        ]
      },
      "properties": {
        "timestamp": "2026-09-21T07:26:18+0000",
        "type": "UNLIMITED-TRACK",
        "battery": "LOW",
        "spot_id": 2502017614,
        "source": "spot"
      }
    },
    {
      "type": "Feature",
      "geometry": {
        "type": "Point",
        "coordinates": [
          22.46755,
          42.21795
        ]
      },
      "properties": {
        "timestamp": "2026-09-21T08:00:55+0000",
        "type": "UNLIMITED-TRACK",
        "battery": "LOW",
        "spot_id": 2502028574,
        "source": "spot"
      }
    },
    {
      "type": "Feature",
      "geometry": {
        "type": "Point",
        "coordinates": [
          22.49004,
          42.23155
        ]
      },
      "properties": {
        "timestamp": "2026-09-21T08:05:55+0000",
        "type": "UNLIMITED-TRACK",
        "battery": "LOW",
        "spot_id": 2502028573,
        "source": "spot"
      }
    },
    {
      "type": "Feature",
      "geometry": {
        "type": "Point",
        "coordinates": [
          22.5121,
          42.24099
        ]
      },
      "properties": {
        "timestamp": "2026-09-21T08:10:55+0000",
        "type": "UNLIMITED-TRACK",
        "battery": "LOW",
        "spot_id": 2502028550,
        "source": "spot"
      }
    },
    {
      "type": "Feature",
      "geometry": {
        "type": "Point",
        "coordinates": [
          22.52646,
          42.2489
        ]
      },
      "properties": {
        "timestamp": "2026-09-21T08:15:50+0000",
        "type": "UNLIMITED-TRACK",
        "battery": "LOW",
        "spot_id": 2502030797,
        "source": "spot"
      }
    },
    {
      "type": "Feature",
      "geometry": {
        "type": "Point",
        "coordinates": [
          22.5468,
          42.25555
        ]
      },
      "properties": {
        "timestamp": "2026-09-21T08:20:50+0000",
        "type": "UNLIMITED-TRACK",
        "battery": "LOW",
        "spot_id": 2502030765,
        "source": "spot"
      }
    },
    {
      "type": "Feature",
      "geometry": {
        "type": "Point",
        "coordinates": [
          22.55347,
          42.25734
        ]
      },
      "properties": {
        "timestamp": "2026-09-21T08:25:47+0000",
        "type": "UNLIMITED-TRACK",
        "battery": "LOW",
        "spot_id": 2502031935,
        "source": "spot"
      }
    },
    {
      "type": "Feature",
      "geometry": {
        "type": "Point",
        "coordinates": [
          22.61703,
          42.26763
        ]
      },
      "properties": {
        "timestamp": "2026-09-21T08:40:37+0000",
        "type": "UNLIMITED-TRACK",
        "battery": "LOW",
        "spot_id": 2502037396,
        "source": "spot"
      }
    },
    {
      "type": "Feature",
      "geometry": {
        "type": "Point",
        "coordinates": [
          22.64922,
          42.27231
        ]
      },
      "properties": {
        "timestamp": "2026-09-21T08:45:37+0000",
        "type": "UNLIMITED-TRACK",
        "battery": "LOW",
        "spot_id": 2502037395,
        "source": "spot"
      }
    },
    {
      "type": "Feature",
      "geometry": {
        "type": "Point",
        "coordinates": [
          22.66012,
          42.2739
        ]
      },
      "properties": {
        "timestamp": "2026-09-21T08:50:37+0000",
        "type": "UNLIMITED-TRACK",
        "battery": "LOW",
        "spot_id": 2502037360,
        "source": "spot"
      }
    },
    {
      "type": "Feature",
      "geometry": {
        "type": "Point",
        "coordinates": [
          22.66014,
          42.27392
        ]
      },
      "properties": {
        "timestamp": "2026-09-21T08:55:34+0000",
        "type": "UNLIMITED-TRACK",
        "battery": "LOW",
        "spot_id": 2502038585,
        "source": "spot"
      }
    },
    {
      "type": "Feature",
      "geometry": {
        "type": "Point",
        "coordinates": [
          22.66355,
          42.27436
        ]
      },
      "properties": {
        "timestamp": "2026-09-21T09:14:26+0000",
        "type": "UNLIMITED-TRACK",
        "battery": "LOW",
        "spot_id": 2502042721,
        "source": "spot"
      }
    },
    {
      "type": "Feature",
      "geometry": {
        "type": "Point",
        "coordinates": [
          22.67005,
          42.275
        ]
      },
      "properties": {
        "timestamp": "2026-09-21T09:19:17+0000",
        "type": "UNLIMITED-TRACK",
        "battery": "LOW",
        "spot_id": 2502046241,
        "source": "spot"
      }
    },
    {
      "type": "Feature",
      "geometry": {
        "type": "Point",
        "coordinates": [
          22.67005,
          42.275
        ]
      },
      "properties": {
        "timestamp": "2026-09-21T09:24:17+0000",
        "type": "UNLIMITED-TRACK",
        "battery": "LOW",
        "spot_id": 2502046240,
        "source": "spot"
      }
    },
    {
      "type": "Feature",
      "geometry": {
        "type": "Point",
        "coordinates": [
          22.67005,
          42.27504
        ]
      },
      "properties": {
        "timestamp": "2026-09-21T09:29:17+0000",
        "type": "UNLIMITED-TRACK",
        "battery": "LOW",
        "spot_id": 2502046204,
        "source": "spot"
      }
    },
    {
      "type": "Feature",
      "geometry": {
        "type": "Point",
        "coordinates": [
          22.69606,
          42.27419
        ]
      },
      "properties": {
        "timestamp": "2026-09-21T10:20:28+0000",
        "type": "UNLIMITED-TRACK",
        "battery": "LOW",
        "spot_id": 2502057893,
        "source": "spot"
      }
    },
    {
      "type": "Feature",
      "geometry": {
        "type": "Point",
        "coordinates": [
          22.68085,
          42.26178
        ]
      },
      "properties": {
        "timestamp": "2026-09-21T10:49:54+0000",
        "type": "UNLIMITED-TRACK",
        "battery": "LOW",
        "spot_id": 2502067410,
        "source": "spot"
      }
    },
    {
      "type": "Feature",
      "geometry": {
        "type": "Point",
        "coordinates": [
          22.6778,
          42.25775
        ]
      },
      "properties": {
        "timestamp": "2026-09-21T10:55:27+0000",
        "type": "UNLIMITED-TRACK",
        "battery": "LOW",
        "spot_id": 2502066209,
        "source": "spot"
      }
    },
    {
      "type": "Feature",
      "geometry": {
        "type": "Point",
        "coordinates": [
          22.67424,
          42.25436
        ]
      },
      "properties": {
        "timestamp": "2026-09-21T10:59:54+0000",
        "type": "UNLIMITED-TRACK",
        "battery": "LOW",
        "spot_id": 2502067385,
        "source": "spot"
      }
    },
    {
      "type": "Feature",
      "geometry": {
        "type": "Point",
        "coordinates": [
          22.67739,
          42.25631
        ]
      },
      "properties": {
        "timestamp": "2026-09-22T06:08:55+0000",
        "type": "UNLIMITED-TRACK",
        "battery": "LOW",
        "spot_id": 2502458298,
        "source": "spot"
      }
    },
    {
      "type": "Feature",
      "geometry": {
        "type": "Point",
        "coordinates": [
          22.70335,
          42.26796
        ]
      },
      "properties": {
        "timestamp": "2026-09-22T06:53:12+0000",
        "type": "UNLIMITED-TRACK",
        "battery": "LOW",
        "spot_id": 2502469241,
        "source": "spot"
      }
    },
    {
      "type": "Feature",
      "geometry": {
        "type": "Point",
        "coordinates": [
          22.70295,
          42.26691
        ]
      },
      "properties": {
        "timestamp": "2026-09-22T06:58:07+0000",
        "type": "UNLIMITED-TRACK",
        "battery": "LOW",
        "spot_id": 2502470515,
        "source": "spot"
      }
    },
    {
      "type": "Feature",
      "geometry": {
        "type": "Point",
        "coordinates": [
          22.75628,
          42.32433
        ]
      },
      "properties": {
        "timestamp": "2026-09-22T07:27:50+0000",
        "type": "UNLIMITED-TRACK",
        "battery": "LOW",
        "spot_id": 2502480085,
        "source": "spot"
      }
    },
    {
      "type": "Feature",
      "geometry": {
        "type": "Point",
        "coordinates": [
          22.75774,
          42.32446
        ]
      },
      "properties": {
        "timestamp": "2026-09-22T07:32:50+0000",
        "type": "UNLIMITED-TRACK",
        "battery": "LOW",
        "spot_id": 2502480084,
        "source": "spot"
      }
    },
    {
      "type": "Feature",
      "geometry": {
        "type": "Point",
        "coordinates": [
          22.75723,
          42.32463
        ]
      },
      "properties": {
        "timestamp": "2026-09-22T07:37:50+0000",
        "type": "UNLIMITED-TRACK",
        "battery": "LOW",
        "spot_id": 2502480053,
        "source": "spot"
      }
    },
    {
      "type": "Feature",
      "geometry": {
        "type": "Point",
        "coordinates": [
          22.76058,
          42.32411
        ]
      },
      "properties": {
        "timestamp": "2026-09-22T08:14:21+0000",
        "type": "UNLIMITED-TRACK",
        "battery": "LOW",
        "spot_id": 2502488848,
        "source": "spot"
      }
    },
    {
      "type": "Feature",
      "geometry": {
        "type": "Point",
        "coordinates": [
          22.77723,
          42.32821
        ]
      },
      "properties": {
        "timestamp": "2026-09-22T08:24:00+0000",
        "type": "UNLIMITED-TRACK",
        "battery": "LOW",
        "spot_id": 2502490947,
        "source": "spot"
      }
    },
    {
      "type": "Feature",
      "geometry": {
        "type": "Point",
        "coordinates": [
          22.80725,
          42.36726
        ]
      },
      "properties": {
        "timestamp": "2026-09-22T09:14:24+0000",
        "type": "UNLIMITED-TRACK",
        "battery": "LOW",
        "spot_id": 2502502298,
        "source": "spot"
      }
    },
    {
      "type": "Feature",
      "geometry": {
        "type": "Point",
        "coordinates": [
          22.81247,
          42.36629
        ]
      },
      "properties": {
        "timestamp": "2026-09-22T09:18:47+0000",
        "type": "UNLIMITED-TRACK",
        "battery": "LOW",
        "spot_id": 2502503510,
        "source": "spot"
      }
    },
    {
      "type": "Feature",
      "geometry": {
        "type": "Point",
        "coordinates": [
          22.81345,
          42.38412
        ]
      },
      "properties": {
        "timestamp": "2026-09-22T09:33:40+0000",
        "type": "UNLIMITED-TRACK",
        "battery": "LOW",
        "spot_id": 2502508994,
        "source": "spot"
      }
    },
    {
      "type": "Feature",
      "geometry": {
        "type": "Point",
        "coordinates": [
          22.8313,
          42.38897
        ]
      },
      "properties": {
        "timestamp": "2026-09-22T09:38:40+0000",
        "type": "UNLIMITED-TRACK",
        "battery": "LOW",
        "spot_id": 2502508993,
        "source": "spot"
      }
    },
    {
      "type": "Feature",
      "geometry": {
        "type": "Point",
        "coordinates": [
          22.85096,
          42.39545
        ]
      },
      "properties": {
        "timestamp": "2026-09-22T09:43:40+0000",
        "type": "UNLIMITED-TRACK",
        "battery": "LOW",
        "spot_id": 2502508976,
        "source": "spot"
      }
    },
    {
      "type": "Feature",
      "geometry": {
        "type": "Point",
        "coordinates": [
          22.90978,
          42.47071
        ]
      },
      "properties": {
        "timestamp": "2026-09-22T10:14:00+0000",
        "type": "UNLIMITED-TRACK",
        "battery": "LOW",
        "spot_id": 2502516421,
        "source": "spot"
      }
    },
    {
      "type": "Feature",
      "geometry": {
        "type": "Point",
        "coordinates": [
          22.91705,
          42.48212
        ]
      },
      "properties": {
        "timestamp": "2026-09-22T10:18:19+0000",
        "type": "UNLIMITED-TRACK",
        "battery": "LOW",
        "spot_id": 2502518797,
        "source": "spot"
      }
    },
    {
      "type": "Feature",
      "geometry": {
        "type": "Point",
        "coordinates": [
          22.92709,
          42.48761
        ]
      },
      "properties": {
        "timestamp": "2026-09-22T10:23:19+0000",
        "type": "UNLIMITED-TRACK",
        "battery": "LOW",
        "spot_id": 2502518776,
        "source": "spot"
      }
    },
    {
      "type": "Feature",
      "geometry": {
        "type": "Point",
        "coordinates": [
          22.94405,
          42.5044
        ]
      },
      "properties": {
        "timestamp": "2026-09-22T10:33:07+0000",
        "type": "UNLIMITED-TRACK",
        "battery": "LOW",
        "spot_id": 2502523622,
        "source": "spot"
      }
    },
    {
      "type": "Feature",
      "geometry": {
        "type": "Point",
        "coordinates": [
          22.95117,
          42.51547
        ]
      },
      "properties": {
        "timestamp": "2026-09-22T10:38:07+0000",
        "type": "UNLIMITED-TRACK",
        "battery": "LOW",
        "spot_id": 2502523621,
        "source": "spot"
      }
    },
    {
      "type": "Feature",
      "geometry": {
        "type": "Point",
        "coordinates": [
          22.95538,
          42.52504
        ]
      },
      "properties": {
        "timestamp": "2026-09-22T10:43:07+0000",
        "type": "UNLIMITED-TRACK",
        "battery": "LOW",
        "spot_id": 2502523590,
        "source": "spot"
      }
    },
    {
      "type": "Feature",
      "geometry": {
        "type": "Point",
        "coordinates": [
          22.95769,
          42.53672
        ]
      },
      "properties": {
        "timestamp": "2026-09-22T10:47:59+0000",
        "type": "UNLIMITED-TRACK",
        "battery": "LOW",
        "spot_id": 2502524756,
        "source": "spot"
      }
    },
    {
      "type": "Feature",
      "geometry": {
        "type": "Point",
        "coordinates": [
          23.04818,
          42.603
        ]
      },
      "properties": {
        "timestamp": "2026-09-22T13:55:28+0000",
        "type": "UNLIMITED-TRACK",
        "battery": "LOW",
        "spot_id": 2502586474,
        "source": "spot"
      }
    },
    {
      "type": "Feature",
      "geometry": {
        "type": "Point",
        "coordinates": [
          23.06966,
          42.60366
        ]
      },
      "properties": {
        "timestamp": "2026-09-22T14:00:23+0000",
        "type": "UNLIMITED-TRACK",
        "battery": "LOW",
        "spot_id": 2502590513,
        "source": "spot"
      }
    },
    {
      "type": "Feature",
      "geometry": {
        "type": "Point",
        "coordinates": [
          23.08914,
          42.6031
        ]
      },
      "properties": {
        "timestamp": "2026-09-22T14:05:23+0000",
        "type": "UNLIMITED-TRACK",
        "battery": "LOW",
        "spot_id": 2502590466,
        "source": "spot"
      }
    },
    {
      "type": "Feature",
      "geometry": {
        "type": "Point",
        "coordinates": [
          23.10942,
          42.602
        ]
      },
      "properties": {
        "timestamp": "2026-09-22T14:10:20+0000",
        "type": "UNLIMITED-TRACK",
        "battery": "LOW",
        "spot_id": 2502592987,
        "source": "spot"
      }
    },
    {
      "type": "Feature",
      "geometry": {
        "type": "Point",
        "coordinates": [
          23.18171,
          42.62235
        ]
      },
      "properties": {
        "timestamp": "2026-09-22T14:40:04+0000",
        "type": "UNLIMITED-TRACK",
        "battery": "LOW",
        "spot_id": 2502605837,
        "source": "spot"
      }
    },
    {
      "type": "Feature",
      "geometry": {
        "type": "Point",
        "coordinates": [
          23.21211,
          42.649
        ]
      },
      "properties": {
        "timestamp": "2026-09-22T14:49:49+0000",
        "type": "UNLIMITED-TRACK",
        "battery": "LOW",
        "spot_id": 2502614038,
        "source": "spot"
      }
    },
    {
      "type": "Feature",
      "geometry": {
        "type": "Point",
        "coordinates": [
          23.23769,
          42.6578
        ]
      },
      "properties": {
        "timestamp": "2026-09-22T14:54:49+0000",
        "type": "UNLIMITED-TRACK",
        "battery": "LOW",
        "spot_id": 2502614035,
        "source": "spot"
      }
    },
    {
      "type": "Feature",
      "geometry": {
        "type": "Point",
        "coordinates": [
          23.23778,
          42.65784
        ]
      },
      "properties": {
        "timestamp": "2026-09-22T14:59:49+0000",
        "type": "UNLIMITED-TRACK",
        "battery": "LOW",
        "spot_id": 2502613996,
        "source": "spot"
      }
    },
    {
      "type": "Feature",
      "geometry": {
        "type": "Point",
        "coordinates": [
          23.25037,
          42.66132
        ]
      },
      "properties": {
        "timestamp": "2026-09-22T15:09:40+0000",
        "type": "UNLIMITED-TRACK",
        "battery": "LOW",
        "spot_id": 2502621697,
        "source": "spot"
      }
    },
    {
      "type": "Feature",
      "geometry": {
        "type": "Point",
        "coordinates": [
          23.26136,
          42.66548
        ]
      },
      "properties": {
        "timestamp": "2026-09-22T15:14:40+0000",
        "type": "UNLIMITED-TRACK",
        "battery": "LOW",
        "spot_id": 2502621696,
        "source": "spot"
      }
    },
    {
      "type": "Feature",
      "geometry": {
        "type": "Point",
        "coordinates": [
          23.26565,
          42.66325
        ]
      },
      "properties": {
        "timestamp": "2026-09-22T15:19:40+0000",
        "type": "UNLIMITED-TRACK",
        "battery": "LOW",
        "spot_id": 2502621664,
        "source": "spot"
      }
    },
    {
      "type": "Feature",
      "geometry": {
        "type": "Point",
        "coordinates": [
          23.26488,
          42.6603
        ]
      },
      "properties": {
        "timestamp": "2026-09-22T15:24:55+0000",
        "type": "UNLIMITED-TRACK",
        "battery": "LOW",
        "spot_id": 2502623960,
        "source": "spot"
      }
    },
    {
      "type": "Feature",
      "geometry": {
        "type": "Point",
        "coordinates": [
          23.26548,
          42.66008
        ]
      },
      "properties": {
        "timestamp": "2026-09-22T15:29:29+0000",
        "type": "UNLIMITED-TRACK",
        "battery": "LOW",
        "spot_id": 2502630409,
        "source": "spot"
      }
    },
    {
      "type": "Feature",
      "geometry": {
        "type": "Point",
        "coordinates": [
          23.26565,
          42.65982
        ]
      },
      "properties": {
        "timestamp": "2026-09-22T15:34:29+0000",
        "type": "UNLIMITED-TRACK",
        "battery": "LOW",
        "spot_id": 2502630407,
        "source": "spot"
      }
    },
    {
      "type": "Feature",
      "geometry": {
        "type": "Point",
        "coordinates": [
          23.27741,
          42.65557
        ]
      },
      "properties": {
        "timestamp": "2026-09-22T15:39:29+0000",
        "type": "UNLIMITED-TRACK",
        "battery": "LOW",
        "spot_id": 2502630349,
        "source": "spot"
      }
    },
    {
      "type": "Feature",
      "geometry": {
        "type": "Point",
        "coordinates": [
          23.27818,
          42.65071
        ]
      },
      "properties": {
        "timestamp": "2026-09-22T15:49:28+0000",
        "type": "UNLIMITED-TRACK",
        "battery": "LOW",
        "spot_id": 2502639057,
        "source": "spot"
      }
    },
    {
      "type": "Feature",
      "geometry": {
        "type": "Point",
        "coordinates": [
          23.27226,
          42.64899
        ]
      },
      "properties": {
        "timestamp": "2026-09-22T15:54:28+0000",
        "type": "UNLIMITED-TRACK",
        "battery": "LOW",
        "spot_id": 2502639056,
        "source": "spot"
      }
    },
    {
      "type": "Feature",
      "geometry": {
        "type": "Point",
        "coordinates": [
          23.26677,
          42.64938
        ]
      },
      "properties": {
        "timestamp": "2026-09-22T15:59:28+0000",
        "type": "UNLIMITED-TRACK",
        "battery": "LOW",
        "spot_id": 2502639005,
        "source": "spot"
      }
    },
    {
      "type": "Feature",
      "geometry": {
        "type": "Point",
        "coordinates": [
          23.26351,
          42.67374
        ]
      },
      "properties": {
        "timestamp": "2026-09-23T05:36:55+0000",
        "type": "UNLIMITED-TRACK",
        "battery": "LOW",
        "spot_id": 2502912353,
        "source": "spot"
      }
    },
    {
      "type": "Feature",
      "geometry": {
        "type": "Point",
        "coordinates": [
          23.29966,
          42.68726
        ]
      },
      "properties": {
        "timestamp": "2026-09-23T08:57:54+0000",
        "type": "UNLIMITED-TRACK",
        "battery": "LOW",
        "spot_id": 2502959085,
        "source": "spot"
      }
    },
    {
      "type": "Feature",
      "geometry": {
        "type": "Point",
        "coordinates": [
          23.30829,
          42.69114
        ]
      },
      "properties": {
        "timestamp": "2026-09-23T09:02:53+0000",
        "type": "UNLIMITED-TRACK",
        "battery": "LOW",
        "spot_id": 2502960419,
        "source": "spot"
      }
    },
    {
      "type": "Feature",
      "geometry": {
        "type": "Point",
        "coordinates": [
          23.31466,
          42.69495
        ]
      },
      "properties": {
        "timestamp": "2026-09-23T15:44:53+0000",
        "type": "OK",
        "battery": "LOW",
        "spot_id": 2503091804,
        "source": "spot"
      }
    },
    {
      "type": "Feature",
      "geometry": {
        "type": "Point",
        "coordinates": [
          23.26773,
          42.72589
        ]
      },
      "properties": {
        "timestamp": "2026-09-27T08:24:25+0000",
        "type": "UNLIMITED-TRACK",
        "battery": "GOOD",
        "spot_id": 2504764481,
        "source": "spot"
      }
    },
    {
      "type": "Feature",
      "geometry": {
        "type": "Point",
        "coordinates": [
          23.25428,
          42.73456
        ]
      },
      "properties": {
        "timestamp": "2026-09-27T08:34:16+0000",
        "type": "UNLIMITED-TRACK",
        "battery": "GOOD",
        "spot_id": 2504769318,
        "source": "spot"
      }
    },
    {
      "type": "Feature",
      "geometry": {
        "type": "Point",
        "coordinates": [
          23.25428,
          42.73456
        ]
      },
      "properties": {
        "timestamp": "2026-09-27T08:39:16+0000",
        "type": "UNLIMITED-TRACK",
        "battery": "GOOD",
        "spot_id": 2504769313,
        "source": "spot"
      }
    },
    {
      "type": "Feature",
      "geometry": {
        "type": "Point",
        "coordinates": [
          23.25411,
          42.73439
        ]
      },
      "properties": {
        "timestamp": "2026-09-27T08:44:16+0000",
        "type": "UNLIMITED-TRACK",
        "battery": "GOOD",
        "spot_id": 2504769275,
        "source": "spot"
      }
    },
    {
      "type": "Feature",
      "geometry": {
        "type": "Point",
        "coordinates": [
          23.24831,
          42.73477
        ]
      },
      "properties": {
        "timestamp": "2026-09-27T08:49:25+0000",
        "type": "UNLIMITED-TRACK",
        "battery": "GOOD",
        "spot_id": 2504770670,
        "source": "spot"
      }
    },
    {
      "type": "Feature",
      "geometry": {
        "type": "Point",
        "coordinates": [
          23.23031,
          42.74464
        ]
      },
      "properties": {
        "timestamp": "2026-09-27T08:54:01+0000",
        "type": "UNLIMITED-TRACK",
        "battery": "GOOD",
        "spot_id": 2504771788,
        "source": "spot"
      }
    },
    {
      "type": "Feature",
      "geometry": {
        "type": "Point",
        "coordinates": [
          23.18122,
          42.77552
        ]
      },
      "properties": {
        "timestamp": "2026-09-27T09:08:57+0000",
        "type": "UNLIMITED-TRACK",
        "battery": "GOOD",
        "spot_id": 2504775295,
        "source": "spot"
      }
    },
    {
      "type": "Feature",
      "geometry": {
        "type": "Point",
        "coordinates": [
          23.15186,
          42.77561
        ]
      },
      "properties": {
        "timestamp": "2026-09-27T09:23:44+0000",
        "type": "UNLIMITED-TRACK",
        "battery": "GOOD",
        "spot_id": 2504780683,
        "source": "spot"
      }
    },
    {
      "type": "Feature",
      "geometry": {
        "type": "Point",
        "coordinates": [
          23.14635,
          42.77295
        ]
      },
      "properties": {
        "timestamp": "2026-09-27T09:28:46+0000",
        "type": "UNLIMITED-TRACK",
        "battery": "GOOD",
        "spot_id": 2504779394,
        "source": "spot"
      }
    },
    {
      "type": "Feature",
      "geometry": {
        "type": "Point",
        "coordinates": [
          23.14431,
          42.76956
        ]
      },
      "properties": {
        "timestamp": "2026-09-27T09:33:44+0000",
        "type": "UNLIMITED-TRACK",
        "battery": "GOOD",
        "spot_id": 2504780656,
        "source": "spot"
      }
    },
    {
      "type": "Feature",
      "geometry": {
        "type": "Point",
        "coordinates": [
          23.10985,
          42.76197
        ]
      },
      "properties": {
        "timestamp": "2026-09-27T10:03:29+0000",
        "type": "UNLIMITED-TRACK",
        "battery": "GOOD",
        "spot_id": 2504789823,
        "source": "spot"
      }
    },
    {
      "type": "Feature",
      "geometry": {
        "type": "Point",
        "coordinates": [
          23.1044,
          42.75778
        ]
      },
      "properties": {
        "timestamp": "2026-09-27T10:08:30+0000",
        "type": "UNLIMITED-TRACK",
        "battery": "GOOD",
        "spot_id": 2504788447,
        "source": "spot"
      }
    },
    {
      "type": "Feature",
      "geometry": {
        "type": "Point",
        "coordinates": [
          23.07586,
          42.75733
        ]
      },
      "properties": {
        "timestamp": "2026-09-27T10:13:29+0000",
        "type": "UNLIMITED-TRACK",
        "battery": "GOOD",
        "spot_id": 2504789792,
        "source": "spot"
      }
    },
    {
      "type": "Feature",
      "geometry": {
        "type": "Point",
        "coordinates": [
          23.05277,
          42.76492
        ]
      },
      "properties": {
        "timestamp": "2026-09-27T10:18:26+0000",
        "type": "UNLIMITED-TRACK",
        "battery": "GOOD",
        "spot_id": 2504792048,
        "source": "spot"
      }
    },
    {
      "type": "Feature",
      "geometry": {
        "type": "Point",
        "coordinates": [
          23.04539,
          42.75853
        ]
      },
      "properties": {
        "timestamp": "2026-09-27T10:23:26+0000",
        "type": "UNLIMITED-TRACK",
        "battery": "GOOD",
        "spot_id": 2504792029,
        "source": "spot"
      }
    },
    {
      "type": "Feature",
      "geometry": {
        "type": "Point",
        "coordinates": [
          23.03386,
          42.75803
        ]
      },
      "properties": {
        "timestamp": "2026-09-27T10:28:21+0000",
        "type": "UNLIMITED-TRACK",
        "battery": "GOOD",
        "spot_id": 2504795203,
        "source": "spot"
      }
    },
    {
      "type": "Feature",
      "geometry": {
        "type": "Point",
        "coordinates": [
          23.01831,
          42.75864
        ]
      },
      "properties": {
        "timestamp": "2026-09-27T10:33:23+0000",
        "type": "UNLIMITED-TRACK",
        "battery": "GOOD",
        "spot_id": 2504794200,
        "source": "spot"
      }
    },
    {
      "type": "Feature",
      "geometry": {
        "type": "Point",
        "coordinates": [
          23.00348,
          42.76283
        ]
      },
      "properties": {
        "timestamp": "2026-09-27T10:38:21+0000",
        "type": "UNLIMITED-TRACK",
        "battery": "GOOD",
        "spot_id": 2504795179,
        "source": "spot"
      }
    },
    {
      "type": "Feature",
      "geometry": {
        "type": "Point",
        "coordinates": [
          22.97345,
          42.75465
        ]
      },
      "properties": {
        "timestamp": "2026-09-27T10:53:16+0000",
        "type": "UNLIMITED-TRACK",
        "battery": "GOOD",
        "spot_id": 2504801074,
        "source": "spot"
      }
    },
    {
      "type": "Feature",
      "geometry": {
        "type": "Point",
        "coordinates": [
          22.97027,
          42.74993
        ]
      },
      "properties": {
        "timestamp": "2026-09-27T10:58:16+0000",
        "type": "UNLIMITED-TRACK",
        "battery": "GOOD",
        "spot_id": 2504801072,
        "source": "spot"
      }
    },
    {
      "type": "Feature",
      "geometry": {
        "type": "Point",
        "coordinates": [
          22.95722,
          42.74083
        ]
      },
      "properties": {
        "timestamp": "2026-09-27T11:03:16+0000",
        "type": "UNLIMITED-TRACK",
        "battery": "GOOD",
        "spot_id": 2504801049,
        "source": "spot"
      }
    },
    {
      "type": "Feature",
      "geometry": {
        "type": "Point",
        "coordinates": [
          22.9028,
          42.73898
        ]
      },
      "properties": {
        "timestamp": "2026-09-27T11:59:47+0000",
        "type": "UNLIMITED-TRACK",
        "battery": "GOOD",
        "spot_id": 2504817755,
        "source": "spot"
      }
    },
    {
      "type": "Feature",
      "geometry": {
        "type": "Point",
        "coordinates": [
          22.88838,
          42.74095
        ]
      },
      "properties": {
        "timestamp": "2026-09-27T12:04:47+0000",
        "type": "UNLIMITED-TRACK",
        "battery": "GOOD",
        "spot_id": 2504817722,
        "source": "spot"
      }
    },
    {
      "type": "Feature",
      "geometry": {
        "type": "Point",
        "coordinates": [
          22.86364,
          42.74464
        ]
      },
      "properties": {
        "timestamp": "2026-09-27T12:09:45+0000",
        "type": "UNLIMITED-TRACK",
        "battery": "GOOD",
        "spot_id": 2504819057,
        "source": "spot"
      }
    },
    {
      "type": "Feature",
      "geometry": {
        "type": "Point",
        "coordinates": [
          22.85609,
          42.74644
        ]
      },
      "properties": {
        "timestamp": "2026-09-27T12:14:39+0000",
        "type": "UNLIMITED-TRACK",
        "battery": "GOOD",
        "spot_id": 2504820684,
        "source": "spot"
      }
    },
    {
      "type": "Feature",
      "geometry": {
        "type": "Point",
        "coordinates": [
          22.85083,
          42.73399
        ]
      },
      "properties": {
        "timestamp": "2026-09-27T12:19:36+0000",
        "type": "UNLIMITED-TRACK",
        "battery": "GOOD",
        "spot_id": 2504822115,
        "source": "spot"
      }
    },
    {
      "type": "Feature",
      "geometry": {
        "type": "Point",
        "coordinates": [
          22.84347,
          42.73324
        ]
      },
      "properties": {
        "timestamp": "2026-09-27T12:24:28+0000",
        "type": "UNLIMITED-TRACK",
        "battery": "GOOD",
        "spot_id": 2504826801,
        "source": "spot"
      }
    },
    {
      "type": "Feature",
      "geometry": {
        "type": "Point",
        "coordinates": [
          22.83497,
          42.73955
        ]
      },
      "properties": {
        "timestamp": "2026-09-27T12:29:28+0000",
        "type": "UNLIMITED-TRACK",
        "battery": "GOOD",
        "spot_id": 2504826800,
        "source": "spot"
      }
    },
    {
      "type": "Feature",
      "geometry": {
        "type": "Point",
        "coordinates": [
          22.82785,
          42.74783
        ]
      },
      "properties": {
        "timestamp": "2026-09-27T12:34:28+0000",
        "type": "UNLIMITED-TRACK",
        "battery": "GOOD",
        "spot_id": 2504826766,
        "source": "spot"
      }
    },
    {
      "type": "Feature",
      "geometry": {
        "type": "Point",
        "coordinates": [
          22.78397,
          42.78307
        ]
      },
      "properties": {
        "timestamp": "2026-09-27T12:49:53+0000",
        "type": "UNLIMITED-TRACK",
        "battery": "GOOD",
        "spot_id": 2504834444,
        "source": "spot"
      }
    },
    {
      "type": "Feature",
      "geometry": {
        "type": "Point",
        "coordinates": [
          22.76208,
          42.79431
        ]
      },
      "properties": {
        "timestamp": "2026-09-27T12:54:53+0000",
        "type": "UNLIMITED-TRACK",
        "battery": "GOOD",
        "spot_id": 2504834442,
        "source": "spot"
      }
    },
    {
      "type": "Feature",
      "geometry": {
        "type": "Point",
        "coordinates": [
          22.74311,
          42.80877
        ]
      },
      "properties": {
        "timestamp": "2026-09-27T12:59:53+0000",
        "type": "UNLIMITED-TRACK",
        "battery": "GOOD",
        "spot_id": 2504834396,
        "source": "spot"
      }
    },
    {
      "type": "Feature",
      "geometry": {
        "type": "Point",
        "coordinates": [
          22.7149,
          42.81156
        ]
      },
      "properties": {
        "timestamp": "2026-09-27T13:14:01+0000",
        "type": "UNLIMITED-TRACK",
        "battery": "GOOD",
        "spot_id": 2504841562,
        "source": "spot"
      }
    },
    {
      "type": "Feature",
      "geometry": {
        "type": "Point",
        "coordinates": [
          22.71241,
          42.80392
        ]
      },
      "properties": {
        "timestamp": "2026-09-27T13:19:01+0000",
        "type": "UNLIMITED-TRACK",
        "battery": "GOOD",
        "spot_id": 2504841560,
        "source": "spot"
      }
    },
    {
      "type": "Feature",
      "geometry": {
        "type": "Point",
        "coordinates": [
          22.70194,
          42.79435
        ]
      },
      "properties": {
        "timestamp": "2026-09-27T13:24:01+0000",
        "type": "UNLIMITED-TRACK",
        "battery": "GOOD",
        "spot_id": 2504841506,
        "source": "spot"
      }
    },
    {
      "type": "Feature",
      "geometry": {
        "type": "Point",
        "coordinates": [
          22.64136,
          42.81247
        ]
      },
      "properties": {
        "timestamp": "2026-09-27T13:48:49+0000",
        "type": "UNLIMITED-TRACK",
        "battery": "GOOD",
        "spot_id": 2504849665,
        "source": "spot"
      }
    },
    {
      "type": "Feature",
      "geometry": {
        "type": "Point",
        "coordinates": [
          22.63227,
          42.82293
        ]
      },
      "properties": {
        "timestamp": "2026-09-27T13:53:50+0000",
        "type": "UNLIMITED-TRACK",
        "battery": "GOOD",
        "spot_id": 2504851484,
        "source": "spot"
      }
    },
    {
      "type": "Feature",
      "geometry": {
        "type": "Point",
        "coordinates": [
          22.58823,
          42.81778
        ]
      },
      "properties": {
        "timestamp": "2026-09-27T14:08:46+0000",
        "type": "UNLIMITED-TRACK",
        "battery": "GOOD",
        "spot_id": 2504857007,
        "source": "spot"
      }
    },
    {
      "type": "Feature",
      "geometry": {
        "type": "Point",
        "coordinates": [
          22.5292,
          42.81871
        ]
      },
      "properties": {
        "timestamp": "2026-09-27T14:23:45+0000",
        "type": "UNLIMITED-TRACK",
        "battery": "GOOD",
        "spot_id": 2504866035,
        "source": "spot"
      }
    },
    {
      "type": "Feature",
      "geometry": {
        "type": "Point",
        "coordinates": [
          22.51547,
          42.81335
        ]
      },
      "properties": {
        "timestamp": "2026-09-27T14:28:45+0000",
        "type": "UNLIMITED-TRACK",
        "battery": "GOOD",
        "spot_id": 2504866034,
        "source": "spot"
      }
    },
    {
      "type": "Feature",
      "geometry": {
        "type": "Point",
        "coordinates": [
          22.4965,
          42.81116
        ]
      },
      "properties": {
        "timestamp": "2026-09-27T14:33:45+0000",
        "type": "UNLIMITED-TRACK",
        "battery": "GOOD",
        "spot_id": 2504865991,
        "source": "spot"
      }
    },
    {
      "type": "Feature",
      "geometry": {
        "type": "Point",
        "coordinates": [
          22.47174,
          42.8053
        ]
      },
      "properties": {
        "timestamp": "2026-09-27T14:43:31+0000",
        "type": "UNLIMITED-TRACK",
        "battery": "GOOD",
        "spot_id": 2504869568,
        "source": "spot"
      }
    },
    {
      "type": "Feature",
      "geometry": {
        "type": "Point",
        "coordinates": [
          22.37469,
          42.69169
        ]
      },
      "properties": {
        "timestamp": "2026-09-27T16:37:34+0000",
        "type": "UNLIMITED-TRACK",
        "battery": "GOOD",
        "spot_id": 2504912402,
        "source": "spot"
      }
    },
    {
      "type": "Feature",
      "geometry": {
        "type": "Point",
        "coordinates": [
          22.36454,
          42.69231
        ]
      },
      "properties": {
        "timestamp": "2026-09-27T16:42:27+0000",
        "type": "UNLIMITED-TRACK",
        "battery": "GOOD",
        "spot_id": 2504914287,
        "source": "spot"
      }
    },
    {
      "type": "Feature",
      "geometry": {
        "type": "Point",
        "coordinates": [
          22.34166,
          42.67076
        ]
      },
      "properties": {
        "timestamp": "2026-09-28T06:15:04+0000",
        "type": "UNLIMITED-TRACK",
        "battery": "GOOD",
        "spot_id": 2505146185,
        "source": "spot"
      }
    },
    {
      "type": "Feature",
      "geometry": {
        "type": "Point",
        "coordinates": [
          22.16985,
          42.69274
        ]
      },
      "properties": {
        "timestamp": "2026-09-28T08:18:28+0000",
        "type": "UNLIMITED-TRACK",
        "battery": "GOOD",
        "spot_id": 2505173157,
        "source": "spot"
      }
    },
    {
      "type": "Feature",
      "geometry": {
        "type": "Point",
        "coordinates": [
          22.15518,
          42.69081
        ]
      },
      "properties": {
        "timestamp": "2026-09-28T08:22:57+0000",
        "type": "UNLIMITED-TRACK",
        "battery": "GOOD",
        "spot_id": 2505175384,
        "source": "spot"
      }
    },
    {
      "type": "Feature",
      "geometry": {
        "type": "Point",
        "coordinates": [
          22.14376,
          42.68309
        ]
      },
      "properties": {
        "timestamp": "2026-09-28T08:27:57+0000",
        "type": "UNLIMITED-TRACK",
        "battery": "GOOD",
        "spot_id": 2505175359,
        "source": "spot"
      }
    },
    {
      "type": "Feature",
      "geometry": {
        "type": "Point",
        "coordinates": [
          22.13505,
          42.67279
        ]
      },
      "properties": {
        "timestamp": "2026-09-28T08:32:51+0000",
        "type": "UNLIMITED-TRACK",
        "battery": "GOOD",
        "spot_id": 2505178456,
        "source": "spot"
      }
    },
    {
      "type": "Feature",
      "geometry": {
        "type": "Point",
        "coordinates": [
          22.13299,
          42.66708
        ]
      },
      "properties": {
        "timestamp": "2026-09-28T08:37:51+0000",
        "type": "UNLIMITED-TRACK",
        "battery": "GOOD",
        "spot_id": 2505178455,
        "source": "spot"
      }
    },
    {
      "type": "Feature",
      "geometry": {
        "type": "Point",
        "coordinates": [
          22.13187,
          42.66566
        ]
      },
      "properties": {
        "timestamp": "2026-09-28T08:42:51+0000",
        "type": "UNLIMITED-TRACK",
        "battery": "GOOD",
        "spot_id": 2505178435,
        "source": "spot"
      }
    },
    {
      "type": "Feature",
      "geometry": {
        "type": "Point",
        "coordinates": [
          22.13198,
          42.66578
        ]
      },
      "properties": {
        "timestamp": "2026-09-28T08:47:52+0000",
        "type": "UNLIMITED-TRACK",
        "battery": "GOOD",
        "spot_id": 2505179786,
        "source": "spot"
      }
    },
    {
      "type": "Feature",
      "geometry": {
        "type": "Point",
        "coordinates": [
          22.08582,
          42.65953
        ]
      },
      "properties": {
        "timestamp": "2026-09-28T09:07:56+0000",
        "type": "UNLIMITED-TRACK",
        "battery": "GOOD",
        "spot_id": 2505184233,
        "source": "spot"
      }
    },
    {
      "type": "Feature",
      "geometry": {
        "type": "Point",
        "coordinates": [
          21.96581,
          42.56623
        ]
      },
      "properties": {
        "timestamp": "2026-09-28T11:57:42+0000",
        "type": "UNLIMITED-TRACK",
        "battery": "GOOD",
        "spot_id": 2505227309,
        "source": "spot"
      }
    },
    {
      "type": "Feature",
      "geometry": {
        "type": "Point",
        "coordinates": [
          21.9095,
          42.55063
        ]
      },
      "properties": {
        "timestamp": "2026-09-28T12:22:18+0000",
        "type": "UNLIMITED-TRACK",
        "battery": "GOOD",
        "spot_id": 2505238791,
        "source": "spot"
      }
    },
    {
      "type": "Feature",
      "geometry": {
        "type": "Point",
        "coordinates": [
          21.9095,
          42.55102
        ]
      },
      "properties": {
        "timestamp": "2026-09-28T12:27:18+0000",
        "type": "UNLIMITED-TRACK",
        "battery": "GOOD",
        "spot_id": 2505238790,
        "source": "spot"
      }
    },
    {
      "type": "Feature",
      "geometry": {
        "type": "Point",
        "coordinates": [
          21.90873,
          42.55072
        ]
      },
      "properties": {
        "timestamp": "2026-09-28T12:32:18+0000",
        "type": "UNLIMITED-TRACK",
        "battery": "GOOD",
        "spot_id": 2505238746,
        "source": "spot"
      }
    },
    {
      "type": "Feature",
      "geometry": {
        "type": "Point",
        "coordinates": [
          21.88597,
          42.51911
        ]
      },
      "properties": {
        "timestamp": "2026-09-28T13:01:57+0000",
        "type": "UNLIMITED-TRACK",
        "battery": "GOOD",
        "spot_id": 2505253738,
        "source": "spot"
      }
    },
    {
      "type": "Feature",
      "geometry": {
        "type": "Point",
        "coordinates": [
          21.87644,
          42.50405
        ]
      },
      "properties": {
        "timestamp": "2026-09-28T13:06:57+0000",
        "type": "UNLIMITED-TRACK",
        "battery": "GOOD",
        "spot_id": 2505253736,
        "source": "spot"
      }
    },
    {
      "type": "Feature",
      "geometry": {
        "type": "Point",
        "coordinates": [
          21.86314,
          42.49469
        ]
      },
      "properties": {
        "timestamp": "2026-09-28T13:11:57+0000",
        "type": "UNLIMITED-TRACK",
        "battery": "GOOD",
        "spot_id": 2505253679,
        "source": "spot"
      }
    },
    {
      "type": "Feature",
      "geometry": {
        "type": "Point",
        "coordinates": [
          21.83503,
          42.47769
        ]
      },
      "properties": {
        "timestamp": "2026-09-28T13:21:45+0000",
        "type": "UNLIMITED-TRACK",
        "battery": "GOOD",
        "spot_id": 2505261875,
        "source": "spot"
      }
    },
    {
      "type": "Feature",
      "geometry": {
        "type": "Point",
        "coordinates": [
          21.84627,
          42.47022
        ]
      },
      "properties": {
        "timestamp": "2026-09-28T13:26:45+0000",
        "type": "UNLIMITED-TRACK",
        "battery": "GOOD",
        "spot_id": 2505261873,
        "source": "spot"
      }
    },
    {
      "type": "Feature",
      "geometry": {
        "type": "Point",
        "coordinates": [
          21.84627,
          42.45807
        ]
      },
      "properties": {
        "timestamp": "2026-09-28T13:31:45+0000",
        "type": "UNLIMITED-TRACK",
        "battery": "GOOD",
        "spot_id": 2505261825,
        "source": "spot"
      }
    },
    {
      "type": "Feature",
      "geometry": {
        "type": "Point",
        "coordinates": [
          21.8573,
          42.44644
        ]
      },
      "properties": {
        "timestamp": "2026-09-28T13:36:41+0000",
        "type": "UNLIMITED-TRACK",
        "battery": "GOOD",
        "spot_id": 2505268007,
        "source": "spot"
      }
    },
    {
      "type": "Feature",
      "geometry": {
        "type": "Point",
        "coordinates": [
          21.8658,
          42.43327
        ]
      },
      "properties": {
        "timestamp": "2026-09-28T13:41:41+0000",
        "type": "UNLIMITED-TRACK",
        "battery": "GOOD",
        "spot_id": 2505268006,
        "source": "spot"
      }
    },
    {
      "type": "Feature",
      "geometry": {
        "type": "Point",
        "coordinates": [
          21.86743,
          42.42924
        ]
      },
      "properties": {
        "timestamp": "2026-09-28T13:46:41+0000",
        "type": "UNLIMITED-TRACK",
        "battery": "GOOD",
        "spot_id": 2505267965,
        "source": "spot"
      }
    },
    {
      "type": "Feature",
      "geometry": {
        "type": "Point",
        "coordinates": [
          21.86713,
          42.42912
        ]
      },
      "properties": {
        "timestamp": "2026-09-28T13:51:37+0000",
        "type": "UNLIMITED-TRACK",
        "battery": "GOOD",
        "spot_id": 2505272096,
        "source": "spot"
      }
    },
    {
      "type": "Feature",
      "geometry": {
        "type": "Point",
        "coordinates": [
          21.86704,
          42.42912
        ]
      },
      "properties": {
        "timestamp": "2026-09-28T13:56:37+0000",
        "type": "UNLIMITED-TRACK",
        "battery": "GOOD",
        "spot_id": 2505272051,
        "source": "spot"
      }
    },
    {
      "type": "Feature",
      "geometry": {
        "type": "Point",
        "coordinates": [
          21.8838,
          42.36533
        ]
      },
      "properties": {
        "timestamp": "2026-09-28T14:36:15+0000",
        "type": "UNLIMITED-TRACK",
        "battery": "GOOD",
        "spot_id": 2505288787,
        "source": "spot"
      }
    },
    {
      "type": "Feature",
      "geometry": {
        "type": "Point",
        "coordinates": [
          21.8847,
          42.36338
        ]
      },
      "properties": {
        "timestamp": "2026-09-28T14:41:54+0000",
        "type": "UNLIMITED-TRACK",
        "battery": "GOOD",
        "spot_id": 2505295608,
        "source": "spot"
      }
    },
    {
      "type": "Feature",
      "geometry": {
        "type": "Point",
        "coordinates": [
          21.88427,
          42.36076
        ]
      },
      "properties": {
        "timestamp": "2026-09-28T14:46:54+0000",
        "type": "UNLIMITED-TRACK",
        "battery": "GOOD",
        "spot_id": 2505295607,
        "source": "spot"
      }
    },
    {
      "type": "Feature",
      "geometry": {
        "type": "Point",
        "coordinates": [
          21.88436,
          42.36102
        ]
      },
      "properties": {
        "timestamp": "2026-09-28T14:51:54+0000",
        "type": "UNLIMITED-TRACK",
        "battery": "GOOD",
        "spot_id": 2505295545,
        "source": "spot"
      }
    },
    {
      "type": "Feature",
      "geometry": {
        "type": "Point",
        "coordinates": [
          21.88725,
          42.34627
        ]
      },
      "properties": {
        "timestamp": "2026-09-28T15:06:01+0000",
        "type": "UNLIMITED-TRACK",
        "battery": "GOOD",
        "spot_id": 2505305211,
        "source": "spot"
      }
    },
    {
      "type": "Feature",
      "geometry": {
        "type": "Point",
        "coordinates": [
          21.89369,
          42.34116
        ]
      },
      "properties": {
        "timestamp": "2026-09-28T15:11:01+0000",
        "type": "UNLIMITED-TRACK",
        "battery": "GOOD",
        "spot_id": 2505305210,
        "source": "spot"
      }
    },
    {
      "type": "Feature",
      "geometry": {
        "type": "Point",
        "coordinates": [
          21.89343,
          42.33554
        ]
      },
      "properties": {
        "timestamp": "2026-09-28T15:16:01+0000",
        "type": "UNLIMITED-TRACK",
        "battery": "GOOD",
        "spot_id": 2505305169,
        "source": "spot"
      }
    },
    {
      "type": "Feature",
      "geometry": {
        "type": "Point",
        "coordinates": [
          21.89343,
          42.33564
        ]
      },
      "properties": {
        "timestamp": "2026-09-28T15:21:00+0000",
        "type": "UNLIMITED-TRACK",
        "battery": "GOOD",
        "spot_id": 2505309788,
        "source": "spot"
      }
    },
    {
      "type": "Feature",
      "geometry": {
        "type": "Point",
        "coordinates": [
          21.89343,
          42.33555
        ]
      },
      "properties": {
        "timestamp": "2026-09-28T15:26:00+0000",
        "type": "UNLIMITED-TRACK",
        "battery": "GOOD",
        "spot_id": 2505309750,
        "source": "spot"
      }
    },
    {
      "type": "Feature",
      "geometry": {
        "type": "Point",
        "coordinates": [
          21.89719,
          42.33679
        ]
      },
      "properties": {
        "timestamp": "2026-09-28T15:32:38+0000",
        "type": "UNLIMITED-TRACK",
        "battery": "GOOD",
        "spot_id": 2505312546,
        "source": "spot"
      }
    },
    {
      "type": "Feature",
      "geometry": {
        "type": "Point",
        "coordinates": [
          21.89262,
          42.318
        ]
      },
      "properties": {
        "timestamp": "2026-09-28T15:42:33+0000",
        "type": "UNLIMITED-TRACK",
        "battery": "GOOD",
        "spot_id": 2505316562,
        "source": "spot"
      }
    },
    {
      "type": "Feature",
      "geometry": {
        "type": "Point",
        "coordinates": [
          21.85286,
          42.29411
        ]
      },
      "properties": {
        "timestamp": "2026-09-28T16:02:19+0000",
        "type": "UNLIMITED-TRACK",
        "battery": "GOOD",
        "spot_id": 2505324638,
        "source": "spot"
      }
    },
    {
      "type": "Feature",
      "geometry": {
        "type": "Point",
        "coordinates": [
          21.83962,
          42.20378
        ]
      },
      "properties": {
        "timestamp": "2026-09-28T17:18:44+0000",
        "type": "CUSTOM",
        "battery": "GOOD",
        "spot_id": 2505357517,
        "source": "spot"
      }
    },
    {
      "type": "Feature",
      "geometry": {
        "type": "Point",
        "coordinates": [
          21.77758,
          42.17103
        ]
      },
      "properties": {
        "timestamp": "2026-09-29T08:03:10+0000",
        "type": "UNLIMITED-TRACK",
        "battery": "GOOD",
        "spot_id": 2505620153,
        "source": "spot"
      }
    },
    {
      "type": "Feature",
      "geometry": {
        "type": "Point",
        "coordinates": [
          21.74848,
          42.16079
        ]
      },
      "properties": {
        "timestamp": "2026-09-29T08:12:59+0000",
        "type": "UNLIMITED-TRACK",
        "battery": "GOOD",
        "spot_id": 2505624920,
        "source": "spot"
      }
    },
    {
      "type": "Feature",
      "geometry": {
        "type": "Point",
        "coordinates": [
          21.72943,
          42.15285
        ]
      },
      "properties": {
        "timestamp": "2026-09-29T08:17:59+0000",
        "type": "UNLIMITED-TRACK",
        "battery": "GOOD",
        "spot_id": 2505624919,
        "source": "spot"
      }
    },
    {
      "type": "Feature",
      "geometry": {
        "type": "Point",
        "coordinates": [
          21.71862,
          42.13843
        ]
      },
      "properties": {
        "timestamp": "2026-09-29T08:22:59+0000",
        "type": "UNLIMITED-TRACK",
        "battery": "GOOD",
        "spot_id": 2505624892,
        "source": "spot"
      }
    },
    {
      "type": "Feature",
      "geometry": {
        "type": "Point",
        "coordinates": [
          21.70461,
          42.13449
        ]
      },
      "properties": {
        "timestamp": "2026-09-29T08:28:59+0000",
        "type": "UNLIMITED-TRACK",
        "battery": "GOOD",
        "spot_id": 2505626536,
        "source": "spot"
      }
    },
    {
      "type": "Feature",
      "geometry": {
        "type": "Point",
        "coordinates": [
          21.69287,
          42.13182
        ]
      },
      "properties": {
        "timestamp": "2026-09-29T08:37:52+0000",
        "type": "UNLIMITED-TRACK",
        "battery": "GOOD",
        "spot_id": 2505628727,
        "source": "spot"
      }
    },
    {
      "type": "Feature",
      "geometry": {
        "type": "Point",
        "coordinates": [
          21.6933,
          42.13157
        ]
      },
      "properties": {
        "timestamp": "2026-09-29T08:42:51+0000",
        "type": "UNLIMITED-TRACK",
        "battery": "GOOD",
        "spot_id": 2505629823,
        "source": "spot"
      }
    },
    {
      "type": "Feature",
      "geometry": {
        "type": "Point",
        "coordinates": [
          21.68242,
          42.12748
        ]
      },
      "properties": {
        "timestamp": "2026-09-29T09:01:10+0000",
        "type": "UNLIMITED-TRACK",
        "battery": "GOOD",
        "spot_id": 2505636148,
        "source": "spot"
      }
    },
    {
      "type": "Feature",
      "geometry": {
        "type": "Point",
        "coordinates": [
          21.67126,
          42.12478
        ]
      },
      "properties": {
        "timestamp": "2026-09-29T09:06:10+0000",
        "type": "UNLIMITED-TRACK",
        "battery": "GOOD",
        "spot_id": 2505636147,
        "source": "spot"
      }
    },
    {
      "type": "Feature",
      "geometry": {
        "type": "Point",
        "coordinates": [
          21.66242,
          42.11744
        ]
      },
      "properties": {
        "timestamp": "2026-09-29T09:11:10+0000",
        "type": "UNLIMITED-TRACK",
        "battery": "GOOD",
        "spot_id": 2505636107,
        "source": "spot"
      }
    },
    {
      "type": "Feature",
      "geometry": {
        "type": "Point",
        "coordinates": [
          21.65118,
          42.1107
        ]
      },
      "properties": {
        "timestamp": "2026-09-29T09:16:07+0000",
        "type": "UNLIMITED-TRACK",
        "battery": "GOOD",
        "spot_id": 2505637311,
        "source": "spot"
      }
    },
    {
      "type": "Feature",
      "geometry": {
        "type": "Point",
        "coordinates": [
          21.62596,
          42.08805
        ]
      },
      "properties": {
        "timestamp": "2026-09-29T09:30:55+0000",
        "type": "UNLIMITED-TRACK",
        "battery": "GOOD",
        "spot_id": 2505643152,
        "source": "spot"
      }
    },
    {
      "type": "Feature",
      "geometry": {
        "type": "Point",
        "coordinates": [
          21.61077,
          42.08432
        ]
      },
      "properties": {
        "timestamp": "2026-09-29T09:35:55+0000",
        "type": "UNLIMITED-TRACK",
        "battery": "GOOD",
        "spot_id": 2505643151,
        "source": "spot"
      }
    },
    {
      "type": "Feature",
      "geometry": {
        "type": "Point",
        "coordinates": [
          21.59807,
          42.08007
        ]
      },
      "properties": {
        "timestamp": "2026-09-29T09:40:55+0000",
        "type": "UNLIMITED-TRACK",
        "battery": "GOOD",
        "spot_id": 2505643120,
        "source": "spot"
      }
    },
    {
      "type": "Feature",
      "geometry": {
        "type": "Point",
        "coordinates": [
          21.59816,
          42.0627
        ]
      },
      "properties": {
        "timestamp": "2026-09-29T09:45:56+0000",
        "type": "UNLIMITED-TRACK",
        "battery": "GOOD",
        "spot_id": 2505644644,
        "source": "spot"
      }
    },
    {
      "type": "Feature",
      "geometry": {
        "type": "Point",
        "coordinates": [
          21.59828,
          42.03878
        ]
      },
      "properties": {
        "timestamp": "2026-09-29T09:50:48+0000",
        "type": "UNLIMITED-TRACK",
        "battery": "GOOD",
        "spot_id": 2505645795,
        "source": "spot"
      }
    },
    {
      "type": "Feature",
      "geometry": {
        "type": "Point",
        "coordinates": [
          21.58075,
          42.02752
        ]
      },
      "properties": {
        "timestamp": "2026-09-29T09:55:45+0000",
        "type": "UNLIMITED-TRACK",
        "battery": "GOOD",
        "spot_id": 2505647062,
        "source": "spot"
      }
    },
    {
      "type": "Feature",
      "geometry": {
        "type": "Point",
        "coordinates": [
          21.54052,
          42.02036
        ]
      },
      "properties": {
        "timestamp": "2026-09-29T10:05:41+0000",
        "type": "UNLIMITED-TRACK",
        "battery": "GOOD",
        "spot_id": 2505649524,
        "source": "spot"
      }
    },
    {
      "type": "Feature",
      "geometry": {
        "type": "Point",
        "coordinates": [
          21.52106,
          42.01465
        ]
      },
      "properties": {
        "timestamp": "2026-09-29T10:10:33+0000",
        "type": "UNLIMITED-TRACK",
        "battery": "GOOD",
        "spot_id": 2505653264,
        "source": "spot"
      }
    },
    {
      "type": "Feature",
      "geometry": {
        "type": "Point",
        "coordinates": [
          21.50741,
          42.00843
        ]
      },
      "properties": {
        "timestamp": "2026-09-29T10:15:33+0000",
        "type": "UNLIMITED-TRACK",
        "battery": "GOOD",
        "spot_id": 2505653263,
        "source": "spot"
      }
    },
    {
      "type": "Feature",
      "geometry": {
        "type": "Point",
        "coordinates": [
          21.49042,
          42.00311
        ]
      },
      "properties": {
        "timestamp": "2026-09-29T10:20:33+0000",
        "type": "UNLIMITED-TRACK",
        "battery": "GOOD",
        "spot_id": 2505653234,
        "source": "spot"
      }
    },
    {
      "type": "Feature",
      "geometry": {
        "type": "Point",
        "coordinates": [
          21.42208,
          42.00305
        ]
      },
      "properties": {
        "timestamp": "2026-09-29T10:55:19+0000",
        "type": "UNLIMITED-TRACK",
        "battery": "GOOD",
        "spot_id": 2505665002,
        "source": "spot"
      }
    },
    {
      "type": "Feature",
      "geometry": {
        "type": "Point",
        "coordinates": [
          21.41324,
          42.00228
        ]
      },
      "properties": {
        "timestamp": "2026-09-29T11:00:19+0000",
        "type": "UNLIMITED-TRACK",
        "battery": "GOOD",
        "spot_id": 2505665001,
        "source": "spot"
      }
    },
    {
      "type": "Feature",
      "geometry": {
        "type": "Point",
        "coordinates": [
          21.41298,
          42.00262
        ]
      },
      "properties": {
        "timestamp": "2026-09-29T11:05:19+0000",
        "type": "UNLIMITED-TRACK",
        "battery": "GOOD",
        "spot_id": 2505664957,
        "source": "spot"
      }
    },
    {
      "type": "Feature",
      "geometry": {
        "type": "Point",
        "coordinates": [
          21.41145,
          42.00243
        ]
      },
      "properties": {
        "timestamp": "2026-09-29T11:10:20+0000",
        "type": "UNLIMITED-TRACK",
        "battery": "GOOD",
        "spot_id": 2505666359,
        "source": "spot"
      }
    },
    {
      "type": "Feature",
      "geometry": {
        "type": "Point",
        "coordinates": [
          21.41272,
          42.00096
        ]
      },
      "properties": {
        "timestamp": "2026-09-29T11:28:59+0000",
        "type": "UNLIMITED-TRACK",
        "battery": "GOOD",
        "spot_id": 2505672433,
        "source": "spot"
      }
    },
    {
      "type": "Feature",
      "geometry": {
        "type": "Point",
        "coordinates": [
          21.41579,
          42.00054
        ]
      },
      "properties": {
        "timestamp": "2026-09-29T11:33:55+0000",
        "type": "UNLIMITED-TRACK",
        "battery": "GOOD",
        "spot_id": 2505675697,
        "source": "spot"
      }
    },
    {
      "type": "Feature",
      "geometry": {
        "type": "Point",
        "coordinates": [
          21.41579,
          42.00007
        ]
      },
      "properties": {
        "timestamp": "2026-09-29T11:38:55+0000",
        "type": "UNLIMITED-TRACK",
        "battery": "GOOD",
        "spot_id": 2505675667,
        "source": "spot"
      }
    },
    {
      "type": "Feature",
      "geometry": {
        "type": "Point",
        "coordinates": [
          21.42164,
          41.99834
        ]
      },
      "properties": {
        "timestamp": "2026-09-29T13:20:22+0000",
        "type": "UNLIMITED-TRACK",
        "battery": "GOOD",
        "spot_id": 2505711449,
        "source": "spot"
      }
    },
    {
      "type": "Feature",
      "geometry": {
        "type": "Point",
        "coordinates": [
          21.42607,
          41.9837
        ]
      },
      "properties": {
        "timestamp": "2026-09-29T16:25:15+0000",
        "type": "OK",
        "battery": "GOOD",
        "spot_id": 2505787220,
        "source": "spot"
      }
    },
    {
      "type": "Feature",
      "geometry": {
        "type": "Point",
        "coordinates": [
          21.43237,
          41.98152
        ]
      },
      "properties": {
        "timestamp": "2026-09-30T10:50:51+0000",
        "type": "UNLIMITED-TRACK",
        "battery": "GOOD",
        "spot_id": 2506099443,
        "source": "spot"
      }
    },
    {
      "type": "Feature",
      "geometry": {
        "type": "Point",
        "coordinates": [
          21.43428,
          41.98152
        ]
      },
      "properties": {
        "timestamp": "2026-09-30T10:55:13+0000",
        "type": "UNLIMITED-TRACK",
        "battery": "GOOD",
        "spot_id": 2506103297,
        "source": "spot"
      }
    },
    {
      "type": "Feature",
      "geometry": {
        "type": "Point",
        "coordinates": [
          21.43368,
          41.98663
        ]
      },
      "properties": {
        "timestamp": "2026-09-30T11:00:13+0000",
        "type": "UNLIMITED-TRACK",
        "battery": "GOOD",
        "spot_id": 2506103296,
        "source": "spot"
      }
    },
    {
      "type": "Feature",
      "geometry": {
        "type": "Point",
        "coordinates": [
          21.43789,
          41.98706
        ]
      },
      "properties": {
        "timestamp": "2026-09-30T11:05:13+0000",
        "type": "UNLIMITED-TRACK",
        "battery": "GOOD",
        "spot_id": 2506103270,
        "source": "spot"
      }
    },
    {
      "type": "Feature",
      "geometry": {
        "type": "Point",
        "coordinates": [
          21.43718,
          41.98767
        ]
      },
      "properties": {
        "timestamp": "2026-09-30T11:32:33+0000",
        "type": "UNLIMITED-TRACK",
        "battery": "GOOD",
        "spot_id": 2506111399,
        "source": "spot"
      }
    },
    {
      "type": "Feature",
      "geometry": {
        "type": "Point",
        "coordinates": [
          21.44819,
          41.98478
        ]
      },
      "properties": {
        "timestamp": "2026-09-30T11:37:31+0000",
        "type": "UNLIMITED-TRACK",
        "battery": "GOOD",
        "spot_id": 2506112813,
        "source": "spot"
      }
    },
    {
      "type": "Feature",
      "geometry": {
        "type": "Point",
        "coordinates": [
          21.46031,
          41.97917
        ]
      },
      "properties": {
        "timestamp": "2026-09-30T11:42:30+0000",
        "type": "UNLIMITED-TRACK",
        "battery": "GOOD",
        "spot_id": 2506114265,
        "source": "spot"
      }
    },
    {
      "type": "Feature",
      "geometry": {
        "type": "Point",
        "coordinates": [
          21.47353,
          41.97316
        ]
      },
      "properties": {
        "timestamp": "2026-09-30T11:47:28+0000",
        "type": "UNLIMITED-TRACK",
        "battery": "GOOD",
        "spot_id": 2506115842,
        "source": "spot"
      }
    },
    {
      "type": "Feature",
      "geometry": {
        "type": "Point",
        "coordinates": [
          21.49006,
          41.96712
        ]
      },
      "properties": {
        "timestamp": "2026-09-30T11:52:25+0000",
        "type": "UNLIMITED-TRACK",
        "battery": "GOOD",
        "spot_id": 2506118806,
        "source": "spot"
      }
    },
    {
      "type": "Feature",
      "geometry": {
        "type": "Point",
        "coordinates": [
          21.5013,
          41.96326
        ]
      },
      "properties": {
        "timestamp": "2026-09-30T11:57:25+0000",
        "type": "UNLIMITED-TRACK",
        "battery": "GOOD",
        "spot_id": 2506118778,
        "source": "spot"
      }
    },
    {
      "type": "Feature",
      "geometry": {
        "type": "Point",
        "coordinates": [
          21.50162,
          41.96332
        ]
      },
      "properties": {
        "timestamp": "2026-09-30T12:02:23+0000",
        "type": "UNLIMITED-TRACK",
        "battery": "GOOD",
        "spot_id": 2506120282,
        "source": "spot"
      }
    },
    {
      "type": "Feature",
      "geometry": {
        "type": "Point",
        "coordinates": [
          21.51827,
          41.95835
        ]
      },
      "properties": {
        "timestamp": "2026-09-30T12:07:18+0000",
        "type": "UNLIMITED-TRACK",
        "battery": "GOOD",
        "spot_id": 2506121811,
        "source": "spot"
      }
    },
    {
      "type": "Feature",
      "geometry": {
        "type": "Point",
        "coordinates": [
          21.53089,
          41.95724
        ]
      },
      "properties": {
        "timestamp": "2026-09-30T12:12:20+0000",
        "type": "UNLIMITED-TRACK",
        "battery": "GOOD",
        "spot_id": 2506123808,
        "source": "spot"
      }
    },
    {
      "type": "Feature",
      "geometry": {
        "type": "Point",
        "coordinates": [
          21.5444,
          41.96156
        ]
      },
      "properties": {
        "timestamp": "2026-09-30T12:17:16+0000",
        "type": "UNLIMITED-TRACK",
        "battery": "GOOD",
        "spot_id": 2506127346,
        "source": "spot"
      }
    },
    {
      "type": "Feature",
      "geometry": {
        "type": "Point",
        "coordinates": [
          21.5535,
          41.96521
        ]
      },
      "properties": {
        "timestamp": "2026-09-30T12:22:16+0000",
        "type": "UNLIMITED-TRACK",
        "battery": "GOOD",
        "spot_id": 2506127312,
        "source": "spot"
      }
    },
    {
      "type": "Feature",
      "geometry": {
        "type": "Point",
        "coordinates": [
          21.60792,
          41.94207
        ]
      },
      "properties": {
        "timestamp": "2026-09-30T12:37:09+0000",
        "type": "UNLIMITED-TRACK",
        "battery": "GOOD",
        "spot_id": 2506136330,
        "source": "spot"
      }
    },
    {
      "type": "Feature",
      "geometry": {
        "type": "Point",
        "coordinates": [
          21.62251,
          41.93332
        ]
      },
      "properties": {
        "timestamp": "2026-09-30T12:42:09+0000",
        "type": "UNLIMITED-TRACK",
        "battery": "GOOD",
        "spot_id": 2506136328,
        "source": "spot"
      }
    },
    {
      "type": "Feature",
      "geometry": {
        "type": "Point",
        "coordinates": [
          21.63461,
          41.92186
        ]
      },
      "properties": {
        "timestamp": "2026-09-30T12:47:09+0000",
        "type": "UNLIMITED-TRACK",
        "battery": "GOOD",
        "spot_id": 2506136280,
        "source": "spot"
      }
    },
    {
      "type": "Feature",
      "geometry": {
        "type": "Point",
        "coordinates": [
          21.64918,
          41.90805
        ]
      },
      "properties": {
        "timestamp": "2026-09-30T12:52:05+0000",
        "type": "UNLIMITED-TRACK",
        "battery": "GOOD",
        "spot_id": 2506141663,
        "source": "spot"
      }
    },
    {
      "type": "Feature",
      "geometry": {
        "type": "Point",
        "coordinates": [
          21.6545,
          41.9038
        ]
      },
      "properties": {
        "timestamp": "2026-09-30T12:57:05+0000",
        "type": "UNLIMITED-TRACK",
        "battery": "GOOD",
        "spot_id": 2506141662,
        "source": "spot"
      }
    },
    {
      "type": "Feature",
      "geometry": {
        "type": "Point",
        "coordinates": [
          21.6545,
          41.90367
        ]
      },
      "properties": {
        "timestamp": "2026-09-30T13:02:05+0000",
        "type": "UNLIMITED-TRACK",
        "battery": "GOOD",
        "spot_id": 2506141624,
        "source": "spot"
      }
    },
    {
      "type": "Feature",
      "geometry": {
        "type": "Point",
        "coordinates": [
          21.6968,
          41.87064
        ]
      },
      "properties": {
        "timestamp": "2026-09-30T13:26:51+0000",
        "type": "UNLIMITED-TRACK",
        "battery": "GOOD",
        "spot_id": 2506151301,
        "source": "spot"
      }
    },
    {
      "type": "Feature",
      "geometry": {
        "type": "Point",
        "coordinates": [
          21.71544,
          41.85954
        ]
      },
      "properties": {
        "timestamp": "2026-09-30T13:56:42+0000",
        "type": "UNLIMITED-TRACK",
        "battery": "GOOD",
        "spot_id": 2506163047,
        "source": "spot"
      }
    },
    {
      "type": "Feature",
      "geometry": {
        "type": "Point",
        "coordinates": [
          21.71995,
          41.84969
        ]
      },
      "properties": {
        "timestamp": "2026-09-30T14:01:44+0000",
        "type": "UNLIMITED-TRACK",
        "battery": "GOOD",
        "spot_id": 2506165227,
        "source": "spot"
      }
    },
    {
      "type": "Feature",
      "geometry": {
        "type": "Point",
        "coordinates": [
          21.72083,
          41.83829
        ]
      },
      "properties": {
        "timestamp": "2026-09-30T14:06:40+0000",
        "type": "UNLIMITED-TRACK",
        "battery": "GOOD",
        "spot_id": 2506167206,
        "source": "spot"
      }
    },
    {
      "type": "Feature",
      "geometry": {
        "type": "Point",
        "coordinates": [
          21.72574,
          41.83025
        ]
      },
      "properties": {
        "timestamp": "2026-09-30T14:11:34+0000",
        "type": "UNLIMITED-TRACK",
        "battery": "GOOD",
        "spot_id": 2506173484,
        "source": "spot"
      }
    },
    {
      "type": "Feature",
      "geometry": {
        "type": "Point",
        "coordinates": [
          21.73312,
          41.82557
        ]
      },
      "properties": {
        "timestamp": "2026-09-30T14:16:34+0000",
        "type": "UNLIMITED-TRACK",
        "battery": "GOOD",
        "spot_id": 2506173482,
        "source": "spot"
      }
    },
    {
      "type": "Feature",
      "geometry": {
        "type": "Point",
        "coordinates": [
          21.73518,
          41.8196
        ]
      },
      "properties": {
        "timestamp": "2026-09-30T14:21:34+0000",
        "type": "UNLIMITED-TRACK",
        "battery": "GOOD",
        "spot_id": 2506173428,
        "source": "spot"
      }
    },
    {
      "type": "Feature",
      "geometry": {
        "type": "Point",
        "coordinates": [
          21.74308,
          41.80571
        ]
      },
      "properties": {
        "timestamp": "2026-09-30T14:26:31+0000",
        "type": "UNLIMITED-TRACK",
        "battery": "GOOD",
        "spot_id": 2506175574,
        "source": "spot"
      }
    },
    {
      "type": "Feature",
      "geometry": {
        "type": "Point",
        "coordinates": [
          21.74505,
          41.80175
        ]
      },
      "properties": {
        "timestamp": "2026-09-30T14:31:28+0000",
        "type": "UNLIMITED-TRACK",
        "battery": "GOOD",
        "spot_id": 2506177544,
        "source": "spot"
      }
    },
    {
      "type": "Feature",
      "geometry": {
        "type": "Point",
        "coordinates": [
          21.75669,
          41.78003
        ]
      },
      "properties": {
        "timestamp": "2026-09-30T14:36:20+0000",
        "type": "UNLIMITED-TRACK",
        "battery": "GOOD",
        "spot_id": 2506183421,
        "source": "spot"
      }
    },
    {
      "type": "Feature",
      "geometry": {
        "type": "Point",
        "coordinates": [
          21.76115,
          41.76947
        ]
      },
      "properties": {
        "timestamp": "2026-09-30T14:41:20+0000",
        "type": "UNLIMITED-TRACK",
        "battery": "GOOD",
        "spot_id": 2506183420,
        "source": "spot"
      }
    },
    {
      "type": "Feature",
      "geometry": {
        "type": "Point",
        "coordinates": [
          21.76956,
          41.76453
        ]
      },
      "properties": {
        "timestamp": "2026-09-30T14:46:20+0000",
        "type": "UNLIMITED-TRACK",
        "battery": "GOOD",
        "spot_id": 2506183378,
        "source": "spot"
      }
    },
    {
      "type": "Feature",
      "geometry": {
        "type": "Point",
        "coordinates": [
          21.78448,
          41.71445
        ]
      },
      "properties": {
        "timestamp": "2026-09-30T15:21:02+0000",
        "type": "UNLIMITED-TRACK",
        "battery": "GOOD",
        "spot_id": 2506200652,
        "source": "spot"
      }
    },
    {
      "type": "Feature",
      "geometry": {
        "type": "Point",
        "coordinates": [
          21.78499,
          41.71218
        ]
      },
      "properties": {
        "timestamp": "2026-09-30T15:26:02+0000",
        "type": "UNLIMITED-TRACK",
        "battery": "GOOD",
        "spot_id": 2506200651,
        "source": "spot"
      }
    },
    {
      "type": "Feature",
      "geometry": {
        "type": "Point",
        "coordinates": [
          21.79134,
          41.69909
        ]
      },
      "properties": {
        "timestamp": "2026-09-30T15:31:02+0000",
        "type": "UNLIMITED-TRACK",
        "battery": "GOOD",
        "spot_id": 2506200616,
        "source": "spot"
      }
    },
    {
      "type": "Feature",
      "geometry": {
        "type": "Point",
        "coordinates": [
          21.7916,
          41.69895
        ]
      },
      "properties": {
        "timestamp": "2026-09-30T15:36:14+0000",
        "type": "UNLIMITED-TRACK",
        "battery": "GOOD",
        "spot_id": 2506202493,
        "source": "spot"
      }
    },
    {
      "type": "Feature",
      "geometry": {
        "type": "Point",
        "coordinates": [
          21.83505,
          41.66096
        ]
      },
      "properties": {
        "timestamp": "2026-09-30T15:55:50+0000",
        "type": "UNLIMITED-TRACK",
        "battery": "GOOD",
        "spot_id": 2506210778,
        "source": "spot"
      }
    },
    {
      "type": "Feature",
      "geometry": {
        "type": "Point",
        "coordinates": [
          21.85464,
          41.65364
        ]
      },
      "properties": {
        "timestamp": "2026-09-30T16:00:38+0000",
        "type": "UNLIMITED-TRACK",
        "battery": "GOOD",
        "spot_id": 2506217193,
        "source": "spot"
      }
    },
    {
      "type": "Feature",
      "geometry": {
        "type": "Point",
        "coordinates": [
          21.87043,
          41.65626
        ]
      },
      "properties": {
        "timestamp": "2026-09-30T16:05:38+0000",
        "type": "UNLIMITED-TRACK",
        "battery": "GOOD",
        "spot_id": 2506217192,
        "source": "spot"
      }
    },
    {
      "type": "Feature",
      "geometry": {
        "type": "Point",
        "coordinates": [
          21.87103,
          41.64047
        ]
      },
      "properties": {
        "timestamp": "2026-09-30T16:10:38+0000",
        "type": "UNLIMITED-TRACK",
        "battery": "GOOD",
        "spot_id": 2506217139,
        "source": "spot"
      }
    },
    {
      "type": "Feature",
      "geometry": {
        "type": "Point",
        "coordinates": [
          22.02583,
          41.55473
        ]
      },
      "properties": {
        "timestamp": "2026-10-01T08:16:26+0000",
        "type": "UNLIMITED-TRACK",
        "battery": "GOOD",
        "spot_id": 2506517415,
        "source": "spot"
      }
    },
    {
      "type": "Feature",
      "geometry": {
        "type": "Point",
        "coordinates": [
          22.16954,
          41.44899
        ]
      },
      "properties": {
        "timestamp": "2026-10-01T09:53:03+0000",
        "type": "UNLIMITED-TRACK",
        "battery": "GOOD",
        "spot_id": 2506550123,
        "source": "spot"
      }
    },
    {
      "type": "Feature",
      "geometry": {
        "type": "Point",
        "coordinates": [
          22.1819,
          41.4383
        ]
      },
      "properties": {
        "timestamp": "2026-10-01T09:58:03+0000",
        "type": "UNLIMITED-TRACK",
        "battery": "GOOD",
        "spot_id": 2506550122,
        "source": "spot"
      }
    },
    {
      "type": "Feature",
      "geometry": {
        "type": "Point",
        "coordinates": [
          22.1855,
          41.42779
        ]
      },
      "properties": {
        "timestamp": "2026-10-01T10:03:03+0000",
        "type": "UNLIMITED-TRACK",
        "battery": "GOOD",
        "spot_id": 2506550109,
        "source": "spot"
      }
    },
    {
      "type": "Feature",
      "geometry": {
        "type": "Point",
        "coordinates": [
          22.19991,
          41.41726
        ]
      },
      "properties": {
        "timestamp": "2026-10-01T10:08:03+0000",
        "type": "UNLIMITED-TRACK",
        "battery": "GOOD",
        "spot_id": 2506551628,
        "source": "spot"
      }
    },
    {
      "type": "Feature",
      "geometry": {
        "type": "Point",
        "coordinates": [
          22.1999,
          41.41732
        ]
      },
      "properties": {
        "timestamp": "2026-10-01T10:12:58+0000",
        "type": "UNLIMITED-TRACK",
        "battery": "GOOD",
        "spot_id": 2506554393,
        "source": "spot"
      }
    },
    {
      "type": "Feature",
      "geometry": {
        "type": "Point",
        "coordinates": [
          22.19981,
          41.41732
        ]
      },
      "properties": {
        "timestamp": "2026-10-01T10:17:58+0000",
        "type": "UNLIMITED-TRACK",
        "battery": "GOOD",
        "spot_id": 2506554362,
        "source": "spot"
      }
    },
    {
      "type": "Feature",
      "geometry": {
        "type": "Point",
        "coordinates": [
          22.20141,
          41.41717
        ]
      },
      "properties": {
        "timestamp": "2026-10-01T10:22:53+0000",
        "type": "UNLIMITED-TRACK",
        "battery": "GOOD",
        "spot_id": 2506557158,
        "source": "spot"
      }
    },
    {
      "type": "Feature",
      "geometry": {
        "type": "Point",
        "coordinates": [
          22.21978,
          41.42056
        ]
      },
      "properties": {
        "timestamp": "2026-10-01T10:27:53+0000",
        "type": "UNLIMITED-TRACK",
        "battery": "GOOD",
        "spot_id": 2506557135,
        "source": "spot"
      }
    },
    {
      "type": "Feature",
      "geometry": {
        "type": "Point",
        "coordinates": [
          22.2867,
          41.40514
        ]
      },
      "properties": {
        "timestamp": "2026-10-01T10:47:43+0000",
        "type": "UNLIMITED-TRACK",
        "battery": "GOOD",
        "spot_id": 2506567089,
        "source": "spot"
      }
    },
    {
      "type": "Feature",
      "geometry": {
        "type": "Point",
        "coordinates": [
          22.2958,
          41.4002
        ]
      },
      "properties": {
        "timestamp": "2026-10-01T10:52:43+0000",
        "type": "UNLIMITED-TRACK",
        "battery": "GOOD",
        "spot_id": 2506567088,
        "source": "spot"
      }
    },
    {
      "type": "Feature",
      "geometry": {
        "type": "Point",
        "coordinates": [
          22.29589,
          41.39097
        ]
      },
      "properties": {
        "timestamp": "2026-10-01T10:57:43+0000",
        "type": "UNLIMITED-TRACK",
        "battery": "GOOD",
        "spot_id": 2506567058,
        "source": "spot"
      }
    },
    {
      "type": "Feature",
      "geometry": {
        "type": "Point",
        "coordinates": [
          22.29113,
          41.38349
        ]
      },
      "properties": {
        "timestamp": "2026-10-01T11:57:45+0000",
        "type": "UNLIMITED-TRACK",
        "battery": "GOOD",
        "spot_id": 2506589104,
        "source": "spot"
      }
    },
    {
      "type": "Feature",
      "geometry": {
        "type": "Point",
        "coordinates": [
          22.28847,
          41.38255
        ]
      },
      "properties": {
        "timestamp": "2026-10-01T12:02:45+0000",
        "type": "UNLIMITED-TRACK",
        "battery": "GOOD",
        "spot_id": 2506589071,
        "source": "spot"
      }
    },
    {
      "type": "Feature",
      "geometry": {
        "type": "Point",
        "coordinates": [
          22.29572,
          41.3913
        ]
      },
      "properties": {
        "timestamp": "2026-10-01T12:07:42+0000",
        "type": "UNLIMITED-TRACK",
        "battery": "GOOD",
        "spot_id": 2506590668,
        "source": "spot"
      }
    },
    {
      "type": "Feature",
      "geometry": {
        "type": "Point",
        "coordinates": [
          22.30147,
          41.39968
        ]
      },
      "properties": {
        "timestamp": "2026-10-01T12:12:36+0000",
        "type": "UNLIMITED-TRACK",
        "battery": "GOOD",
        "spot_id": 2506592301,
        "source": "spot"
      }
    },
    {
      "type": "Feature",
      "geometry": {
        "type": "Point",
        "coordinates": [
          22.43153,
          41.34341
        ]
      },
      "properties": {
        "timestamp": "2026-10-01T13:21:56+0000",
        "type": "UNLIMITED-TRACK",
        "battery": "GOOD",
        "spot_id": 2506620798,
        "source": "spot"
      }
    },
    {
      "type": "Feature",
      "geometry": {
        "type": "Point",
        "coordinates": [
          22.43891,
          41.34161
        ]
      },
      "properties": {
        "timestamp": "2026-10-01T13:26:56+0000",
        "type": "UNLIMITED-TRACK",
        "battery": "GOOD",
        "spot_id": 2506620797,
        "source": "spot"
      }
    },
    {
      "type": "Feature",
      "geometry": {
        "type": "Point",
        "coordinates": [
          22.445,
          41.34045
        ]
      },
      "properties": {
        "timestamp": "2026-10-01T13:31:56+0000",
        "type": "UNLIMITED-TRACK",
        "battery": "GOOD",
        "spot_id": 2506620757,
        "source": "spot"
      }
    },
    {
      "type": "Feature",
      "geometry": {
        "type": "Point",
        "coordinates": [
          22.44518,
          41.3402
        ]
      },
      "properties": {
        "timestamp": "2026-10-01T13:36:55+0000",
        "type": "UNLIMITED-TRACK",
        "battery": "GOOD",
        "spot_id": 2506622781,
        "source": "spot"
      }
    },
    {
      "type": "Feature",
      "geometry": {
        "type": "Point",
        "coordinates": [
          22.44505,
          41.34047
        ]
      },
      "properties": {
        "timestamp": "2026-10-01T13:41:49+0000",
        "type": "UNLIMITED-TRACK",
        "battery": "GOOD",
        "spot_id": 2506627021,
        "source": "spot"
      }
    },
    {
      "type": "Feature",
      "geometry": {
        "type": "Point",
        "coordinates": [
          22.44505,
          41.34026
        ]
      },
      "properties": {
        "timestamp": "2026-10-01T13:46:49+0000",
        "type": "UNLIMITED-TRACK",
        "battery": "GOOD",
        "spot_id": 2506626976,
        "source": "spot"
      }
    },
    {
      "type": "Feature",
      "geometry": {
        "type": "Point",
        "coordinates": [
          22.53624,
          41.3078
        ]
      },
      "properties": {
        "timestamp": "2026-10-01T14:41:18+0000",
        "type": "UNLIMITED-TRACK",
        "battery": "GOOD",
        "spot_id": 2506648341,
        "source": "spot"
      }
    },
    {
      "type": "Feature",
      "geometry": {
        "type": "Point",
        "coordinates": [
          22.54903,
          41.30947
        ]
      },
      "properties": {
        "timestamp": "2026-10-01T14:46:12+0000",
        "type": "UNLIMITED-TRACK",
        "battery": "GOOD",
        "spot_id": 2506654349,
        "source": "spot"
      }
    },
    {
      "type": "Feature",
      "geometry": {
        "type": "Point",
        "coordinates": [
          22.55641,
          41.31458
        ]
      },
      "properties": {
        "timestamp": "2026-10-01T14:51:12+0000",
        "type": "UNLIMITED-TRACK",
        "battery": "GOOD",
        "spot_id": 2506654348,
        "source": "spot"
      }
    },
    {
      "type": "Feature",
      "geometry": {
        "type": "Point",
        "coordinates": [
          22.56568,
          41.31703
        ]
      },
      "properties": {
        "timestamp": "2026-10-01T14:56:12+0000",
        "type": "UNLIMITED-TRACK",
        "battery": "GOOD",
        "spot_id": 2506654302,
        "source": "spot"
      }
    },
    {
      "type": "Feature",
      "geometry": {
        "type": "Point",
        "coordinates": [
          22.57761,
          41.31879
        ]
      },
      "properties": {
        "timestamp": "2026-10-01T15:01:08+0000",
        "type": "UNLIMITED-TRACK",
        "battery": "GOOD",
        "spot_id": 2506657952,
        "source": "spot"
      }
    },
    {
      "type": "Feature",
      "geometry": {
        "type": "Point",
        "coordinates": [
          22.58748,
          41.30617
        ]
      },
      "properties": {
        "timestamp": "2026-10-01T15:06:08+0000",
        "type": "UNLIMITED-TRACK",
        "battery": "GOOD",
        "spot_id": 2506657904,
        "source": "spot"
      }
    },
    {
      "type": "Feature",
      "geometry": {
        "type": "Point",
        "coordinates": [
          22.60598,
          41.26871
        ]
      },
      "properties": {
        "timestamp": "2026-10-01T15:30:50+0000",
        "type": "UNLIMITED-TRACK",
        "battery": "GOOD",
        "spot_id": 2506672858,
        "source": "spot"
      }
    },
    {
      "type": "Feature",
      "geometry": {
        "type": "Point",
        "coordinates": [
          22.60718,
          41.26232
        ]
      },
      "properties": {
        "timestamp": "2026-10-01T15:35:50+0000",
        "type": "UNLIMITED-TRACK",
        "battery": "GOOD",
        "spot_id": 2506672856,
        "source": "spot"
      }
    },
    {
      "type": "Feature",
      "geometry": {
        "type": "Point",
        "coordinates": [
          22.60941,
          41.26099
        ]
      },
      "properties": {
        "timestamp": "2026-10-01T15:40:50+0000",
        "type": "UNLIMITED-TRACK",
        "battery": "GOOD",
        "spot_id": 2506672811,
        "source": "spot"
      }
    },
    {
      "type": "Feature",
      "geometry": {
        "type": "Point",
        "coordinates": [
          22.62703,
          41.25223
        ]
      },
      "properties": {
        "timestamp": "2026-10-01T16:33:34+0000",
        "type": "UNLIMITED-TRACK",
        "battery": "GOOD",
        "spot_id": 2506697477,
        "source": "spot"
      }
    },
    {
      "type": "Feature",
      "geometry": {
        "type": "Point",
        "coordinates": [
          22.6272,
          41.25193
        ]
      },
      "properties": {
        "timestamp": "2026-10-01T16:38:34+0000",
        "type": "UNLIMITED-TRACK",
        "battery": "GOOD",
        "spot_id": 2506697476,
        "source": "spot"
      }
    },
    {
      "type": "Feature",
      "geometry": {
        "type": "Point",
        "coordinates": [
          22.6272,
          41.25193
        ]
      },
      "properties": {
        "timestamp": "2026-10-01T16:43:34+0000",
        "type": "UNLIMITED-TRACK",
        "battery": "GOOD",
        "spot_id": 2506697440,
        "source": "spot"
      }
    },
    {
      "type": "Feature",
      "geometry": {
        "type": "Point",
        "coordinates": [
          22.62738,
          41.25208
        ]
      },
      "properties": {
        "timestamp": "2026-10-01T17:15:54+0000",
        "type": "UNLIMITED-TRACK",
        "battery": "GOOD",
        "spot_id": 2506713643,
        "source": "spot"
      }
    },
    {
      "type": "Feature",
      "geometry": {
        "type": "Point",
        "coordinates": [
          22.62729,
          41.25208
        ]
      },
      "properties": {
        "timestamp": "2026-10-01T17:20:54+0000",
        "type": "UNLIMITED-TRACK",
        "battery": "GOOD",
        "spot_id": 2506713583,
        "source": "spot"
      }
    },
    {
      "type": "Feature",
      "geometry": {
        "type": "Point",
        "coordinates": [
          22.63338,
          41.25177
        ]
      },
      "properties": {
        "timestamp": "2026-10-02T06:26:58+0000",
        "type": "UNLIMITED-TRACK",
        "battery": "GOOD",
        "spot_id": 2506948650,
        "source": "spot"
      }
    },
    {
      "type": "Feature",
      "geometry": {
        "type": "Point",
        "coordinates": [
          22.69956,
          41.2272
        ]
      },
      "properties": {
        "timestamp": "2026-10-02T06:46:28+0000",
        "type": "UNLIMITED-TRACK",
        "battery": "GOOD",
        "spot_id": 2506954528,
        "source": "spot"
      }
    },
    {
      "type": "Feature",
      "geometry": {
        "type": "Point",
        "coordinates": [
          22.71421,
          41.19716
        ]
      },
      "properties": {
        "timestamp": "2026-10-02T07:41:20+0000",
        "type": "UNLIMITED-TRACK",
        "battery": "GOOD",
        "spot_id": 2506970879,
        "source": "spot"
      }
    },
    {
      "type": "Feature",
      "geometry": {
        "type": "Point",
        "coordinates": [
          22.72183,
          41.1885
        ]
      },
      "properties": {
        "timestamp": "2026-10-02T07:46:18+0000",
        "type": "UNLIMITED-TRACK",
        "battery": "GOOD",
        "spot_id": 2506973848,
        "source": "spot"
      }
    },
    {
      "type": "Feature",
      "geometry": {
        "type": "Point",
        "coordinates": [
          22.72758,
          41.17936
        ]
      },
      "properties": {
        "timestamp": "2026-10-02T07:51:18+0000",
        "type": "UNLIMITED-TRACK",
        "battery": "GOOD",
        "spot_id": 2506973815,
        "source": "spot"
      }
    },
    {
      "type": "Feature",
      "geometry": {
        "type": "Point",
        "coordinates": [
          22.73666,
          41.17165
        ]
      },
      "properties": {
        "timestamp": "2026-10-02T07:56:17+0000",
        "type": "UNLIMITED-TRACK",
        "battery": "GOOD",
        "spot_id": 2506975401,
        "source": "spot"
      }
    },
    {
      "type": "Feature",
      "geometry": {
        "type": "Point",
        "coordinates": [
          22.74561,
          41.17074
        ]
      },
      "properties": {
        "timestamp": "2026-10-02T08:01:19+0000",
        "type": "UNLIMITED-TRACK",
        "battery": "GOOD",
        "spot_id": 2506978511,
        "source": "spot"
      }
    },
    {
      "type": "Feature",
      "geometry": {
        "type": "Point",
        "coordinates": [
          22.74595,
          41.17074
        ]
      },
      "properties": {
        "timestamp": "2026-10-02T08:06:19+0000",
        "type": "UNLIMITED-TRACK",
        "battery": "GOOD",
        "spot_id": 2506978482,
        "source": "spot"
      }
    },
    {
      "type": "Feature",
      "geometry": {
        "type": "Point",
        "coordinates": [
          22.7706,
          41.17743
        ]
      },
      "properties": {
        "timestamp": "2026-10-02T08:21:08+0000",
        "type": "UNLIMITED-TRACK",
        "battery": "GOOD",
        "spot_id": 2506981804,
        "source": "spot"
      }
    },
    {
      "type": "Feature",
      "geometry": {
        "type": "Point",
        "coordinates": [
          22.79601,
          41.16717
        ]
      },
      "properties": {
        "timestamp": "2026-10-02T08:30:52+0000",
        "type": "UNLIMITED-TRACK",
        "battery": "GOOD",
        "spot_id": 2506988406,
        "source": "spot"
      }
    },
    {
      "type": "Feature",
      "geometry": {
        "type": "Point",
        "coordinates": [
          22.7961,
          41.16593
        ]
      },
      "properties": {
        "timestamp": "2026-10-02T08:35:52+0000",
        "type": "UNLIMITED-TRACK",
        "battery": "GOOD",
        "spot_id": 2506988405,
        "source": "spot"
      }
    },
    {
      "type": "Feature",
      "geometry": {
        "type": "Point",
        "coordinates": [
          22.79601,
          41.16593
        ]
      },
      "properties": {
        "timestamp": "2026-10-02T08:40:52+0000",
        "type": "UNLIMITED-TRACK",
        "battery": "GOOD",
        "spot_id": 2506988374,
        "source": "spot"
      }
    },
    {
      "type": "Feature",
      "geometry": {
        "type": "Point",
        "coordinates": [
          22.79594,
          41.16591
        ]
      },
      "properties": {
        "timestamp": "2026-10-02T08:50:45+0000",
        "type": "UNLIMITED-TRACK",
        "battery": "GOOD",
        "spot_id": 2506991190,
        "source": "spot"
      }
    },
    {
      "type": "Feature",
      "geometry": {
        "type": "Point",
        "coordinates": [
          22.79972,
          41.04981
        ]
      },
      "properties": {
        "timestamp": "2026-10-02T09:50:10+0000",
        "type": "UNLIMITED-TRACK",
        "battery": "GOOD",
        "spot_id": 2507006627,
        "source": "spot"
      }
    },
    {
      "type": "Feature",
      "geometry": {
        "type": "Point",
        "coordinates": [
          22.80373,
          41.03786
        ]
      },
      "properties": {
        "timestamp": "2026-10-02T09:55:08+0000",
        "type": "UNLIMITED-TRACK",
        "battery": "GOOD",
        "spot_id": 2507008204,
        "source": "spot"
      }
    },
    {
      "type": "Feature",
      "geometry": {
        "type": "Point",
        "coordinates": [
          22.80378,
          41.03738
        ]
      },
      "properties": {
        "timestamp": "2026-10-02T10:00:04+0000",
        "type": "UNLIMITED-TRACK",
        "battery": "GOOD",
        "spot_id": 2507009836,
        "source": "spot"
      }
    },
    {
      "type": "Feature",
      "geometry": {
        "type": "Point",
        "coordinates": [
          22.80624,
          41.02793
        ]
      },
      "properties": {
        "timestamp": "2026-10-02T10:05:00+0000",
        "type": "UNLIMITED-TRACK",
        "battery": "GOOD",
        "spot_id": 2507011411,
        "source": "spot"
      }
    },
    {
      "type": "Feature",
      "geometry": {
        "type": "Point",
        "coordinates": [
          22.80453,
          41.01728
        ]
      },
      "properties": {
        "timestamp": "2026-10-02T10:09:57+0000",
        "type": "UNLIMITED-TRACK",
        "battery": "GOOD",
        "spot_id": 2507012703,
        "source": "spot"
      }
    },
    {
      "type": "Feature",
      "geometry": {
        "type": "Point",
        "coordinates": [
          22.83082,
          40.92965
        ]
      },
      "properties": {
        "timestamp": "2026-10-02T10:54:34+0000",
        "type": "UNLIMITED-TRACK",
        "battery": "GOOD",
        "spot_id": 2507029184,
        "source": "spot"
      }
    },
    {
      "type": "Feature",
      "geometry": {
        "type": "Point",
        "coordinates": [
          22.817,
          40.92059
        ]
      },
      "properties": {
        "timestamp": "2026-10-02T10:59:34+0000",
        "type": "UNLIMITED-TRACK",
        "battery": "GOOD",
        "spot_id": 2507029183,
        "source": "spot"
      }
    },
    {
      "type": "Feature",
      "geometry": {
        "type": "Point",
        "coordinates": [
          22.82129,
          40.90737
        ]
      },
      "properties": {
        "timestamp": "2026-10-02T11:04:34+0000",
        "type": "UNLIMITED-TRACK",
        "battery": "GOOD",
        "spot_id": 2507029167,
        "source": "spot"
      }
    },
    {
      "type": "Feature",
      "geometry": {
        "type": "Point",
        "coordinates": [
          22.82517,
          40.89872
        ]
      },
      "properties": {
        "timestamp": "2026-10-02T11:09:32+0000",
        "type": "UNLIMITED-TRACK",
        "battery": "GOOD",
        "spot_id": 2507030835,
        "source": "spot"
      }
    },
    {
      "type": "Feature",
      "geometry": {
        "type": "Point",
        "coordinates": [
          22.81524,
          40.88709
        ]
      },
      "properties": {
        "timestamp": "2026-10-02T11:14:29+0000",
        "type": "UNLIMITED-TRACK",
        "battery": "GOOD",
        "spot_id": 2507032345,
        "source": "spot"
      }
    },
    {
      "type": "Feature",
      "geometry": {
        "type": "Point",
        "coordinates": [
          22.81691,
          40.88767
        ]
      },
      "properties": {
        "timestamp": "2026-10-02T11:19:28+0000",
        "type": "UNLIMITED-TRACK",
        "battery": "GOOD",
        "spot_id": 2507035550,
        "source": "spot"
      }
    },
    {
      "type": "Feature",
      "geometry": {
        "type": "Point",
        "coordinates": [
          22.81785,
          40.88767
        ]
      },
      "properties": {
        "timestamp": "2026-10-02T11:24:28+0000",
        "type": "UNLIMITED-TRACK",
        "battery": "GOOD",
        "spot_id": 2507035513,
        "source": "spot"
      }
    },
    {
      "type": "Feature",
      "geometry": {
        "type": "Point",
        "coordinates": [
          22.83135,
          40.87883
        ]
      },
      "properties": {
        "timestamp": "2026-10-02T11:29:50+0000",
        "type": "UNLIMITED-TRACK",
        "battery": "GOOD",
        "spot_id": 2507037209,
        "source": "spot"
      }
    },
    {
      "type": "Feature",
      "geometry": {
        "type": "Point",
        "coordinates": [
          22.83897,
          40.86021
        ]
      },
      "properties": {
        "timestamp": "2026-10-02T11:34:18+0000",
        "type": "UNLIMITED-TRACK",
        "battery": "GOOD",
        "spot_id": 2507040137,
        "source": "spot"
      }
    },
    {
      "type": "Feature",
      "geometry": {
        "type": "Point",
        "coordinates": [
          22.84309,
          40.84871
        ]
      },
      "properties": {
        "timestamp": "2026-10-02T11:39:18+0000",
        "type": "UNLIMITED-TRACK",
        "battery": "GOOD",
        "spot_id": 2507040107,
        "source": "spot"
      }
    },
    {
      "type": "Feature",
      "geometry": {
        "type": "Point",
        "coordinates": [
          22.83895,
          40.81092
        ]
      },
      "properties": {
        "timestamp": "2026-10-02T11:54:11+0000",
        "type": "UNLIMITED-TRACK",
        "battery": "GOOD",
        "spot_id": 2507045794,
        "source": "spot"
      }
    },
    {
      "type": "Feature",
      "geometry": {
        "type": "Point",
        "coordinates": [
          22.83893,
          40.80667
        ]
      },
      "properties": {
        "timestamp": "2026-10-02T11:59:03+0000",
        "type": "UNLIMITED-TRACK",
        "battery": "GOOD",
        "spot_id": 2507051213,
        "source": "spot"
      }
    },
    {
      "type": "Feature",
      "geometry": {
        "type": "Point",
        "coordinates": [
          22.8403,
          40.79813
        ]
      },
      "properties": {
        "timestamp": "2026-10-02T12:04:03+0000",
        "type": "UNLIMITED-TRACK",
        "battery": "GOOD",
        "spot_id": 2507051212,
        "source": "spot"
      }
    },
    {
      "type": "Feature",
      "geometry": {
        "type": "Point",
        "coordinates": [
          22.8403,
          40.79813
        ]
      },
      "properties": {
        "timestamp": "2026-10-02T12:09:03+0000",
        "type": "UNLIMITED-TRACK",
        "battery": "GOOD",
        "spot_id": 2507051170,
        "source": "spot"
      }
    },
    {
      "type": "Feature",
      "geometry": {
        "type": "Point",
        "coordinates": [
          22.84315,
          40.79473
        ]
      },
      "properties": {
        "timestamp": "2026-10-02T12:54:18+0000",
        "type": "UNLIMITED-TRACK",
        "battery": "GOOD",
        "spot_id": 2507068482,
        "source": "spot"
      }
    },
    {
      "type": "Feature",
      "geometry": {
        "type": "Point",
        "coordinates": [
          22.8459,
          40.78747
        ]
      },
      "properties": {
        "timestamp": "2026-10-02T12:58:26+0000",
        "type": "UNLIMITED-TRACK",
        "battery": "GOOD",
        "spot_id": 2507069967,
        "source": "spot"
      }
    },
    {
      "type": "Feature",
      "geometry": {
        "type": "Point",
        "coordinates": [
          22.84085,
          40.78291
        ]
      },
      "properties": {
        "timestamp": "2026-10-02T13:03:25+0000",
        "type": "UNLIMITED-TRACK",
        "battery": "GOOD",
        "spot_id": 2507071811,
        "source": "spot"
      }
    },
    {
      "type": "Feature",
      "geometry": {
        "type": "Point",
        "coordinates": [
          22.83397,
          40.74357
        ]
      },
      "properties": {
        "timestamp": "2026-10-02T13:18:21+0000",
        "type": "UNLIMITED-TRACK",
        "battery": "GOOD",
        "spot_id": 2507081851,
        "source": "spot"
      }
    },
    {
      "type": "Feature",
      "geometry": {
        "type": "Point",
        "coordinates": [
          22.83706,
          40.72718
        ]
      },
      "properties": {
        "timestamp": "2026-10-02T13:23:21+0000",
        "type": "UNLIMITED-TRACK",
        "battery": "GOOD",
        "spot_id": 2507081850,
        "source": "spot"
      }
    },
    {
      "type": "Feature",
      "geometry": {
        "type": "Point",
        "coordinates": [
          22.84478,
          40.71383
        ]
      },
      "properties": {
        "timestamp": "2026-10-02T13:28:21+0000",
        "type": "UNLIMITED-TRACK",
        "battery": "GOOD",
        "spot_id": 2507081805,
        "source": "spot"
      }
    },
    {
      "type": "Feature",
      "geometry": {
        "type": "Point",
        "coordinates": [
          22.94046,
          40.63851
        ]
      },
      "properties": {
        "timestamp": "2026-10-03T06:04:02+0000",
        "type": "UNLIMITED-TRACK",
        "battery": "GOOD",
        "spot_id": 2507415375,
        "source": "spot"
      }
    },
    {
      "type": "Feature",
      "geometry": {
        "type": "Point",
        "coordinates": [
          22.94244,
          40.63744
        ]
      },
      "properties": {
        "timestamp": "2026-10-03T06:08:56+0000",
        "type": "UNLIMITED-TRACK",
        "battery": "GOOD",
        "spot_id": 2507418406,
        "source": "spot"
      }
    },
    {
      "type": "Feature",
      "geometry": {
        "type": "Point",
        "coordinates": [
          22.94244,
          40.63744
        ]
      },
      "properties": {
        "timestamp": "2026-10-03T06:13:56+0000",
        "type": "UNLIMITED-TRACK",
        "battery": "GOOD",
        "spot_id": 2507418367,
        "source": "spot"
      }
    },
    {
      "type": "Feature",
      "geometry": {
        "type": "Point",
        "coordinates": [
          22.94942,
          40.62916
        ]
      },
      "properties": {
        "timestamp": "2026-10-03T06:23:48+0000",
        "type": "UNLIMITED-TRACK",
        "battery": "LOW",
        "spot_id": 2507425110,
        "source": "spot"
      }
    },
    {
      "type": "Feature",
      "geometry": {
        "type": "Point",
        "coordinates": [
          22.95011,
          40.62865
        ]
      },
      "properties": {
        "timestamp": "2026-10-03T06:28:48+0000",
        "type": "UNLIMITED-TRACK",
        "battery": "LOW",
        "spot_id": 2507425109,
        "source": "spot"
      }
    },
    {
      "type": "Feature",
      "geometry": {
        "type": "Point",
        "coordinates": [
          22.94668,
          40.63097
        ]
      },
      "properties": {
        "timestamp": "2026-10-03T06:33:48+0000",
        "type": "UNLIMITED-TRACK",
        "battery": "LOW",
        "spot_id": 2507425087,
        "source": "spot"
      }
    },
    {
      "type": "Feature",
      "geometry": {
        "type": "Point",
        "coordinates": [
          22.94649,
          40.63138
        ]
      },
      "properties": {
        "timestamp": "2026-10-03T06:38:43+0000",
        "type": "UNLIMITED-TRACK",
        "battery": "LOW",
        "spot_id": 2507426720,
        "source": "spot"
      }
    },
    {
      "type": "Feature",
      "geometry": {
        "type": "Point",
        "coordinates": [
          22.95587,
          40.62468
        ]
      },
      "properties": {
        "timestamp": "2026-10-03T06:53:51+0000",
        "type": "UNLIMITED-TRACK",
        "battery": "LOW",
        "spot_id": 2507431271,
        "source": "spot"
      }
    },
    {
      "type": "Feature",
      "geometry": {
        "type": "Point",
        "coordinates": [
          23.01395,
          40.55537
        ]
      },
      "properties": {
        "timestamp": "2026-10-03T08:26:27+0000",
        "type": "UNLIMITED-TRACK",
        "battery": "LOW",
        "spot_id": 2507461639,
        "source": "spot"
      }
    },
    {
      "type": "Feature",
      "geometry": {
        "type": "Point",
        "coordinates": [
          23.01573,
          40.55393
        ]
      },
      "properties": {
        "timestamp": "2026-10-03T08:38:32+0000",
        "type": "UNLIMITED-TRACK",
        "battery": "LOW",
        "spot_id": 2507468252,
        "source": "spot"
      }
    },
    {
      "type": "Feature",
      "geometry": {
        "type": "Point",
        "coordinates": [
          23.02998,
          40.54487
        ]
      },
      "properties": {
        "timestamp": "2026-10-03T08:43:32+0000",
        "type": "UNLIMITED-TRACK",
        "battery": "LOW",
        "spot_id": 2507468207,
        "source": "spot"
      }
    },
    {
      "type": "Feature",
      "geometry": {
        "type": "Point",
        "coordinates": [
          23.04513,
          40.54485
        ]
      },
      "properties": {
        "timestamp": "2026-10-03T08:48:30+0000",
        "type": "UNLIMITED-TRACK",
        "battery": "LOW",
        "spot_id": 2507470139,
        "source": "spot"
      }
    },
    {
      "type": "Feature",
      "geometry": {
        "type": "Point",
        "coordinates": [
          23.13901,
          40.48637
        ]
      },
      "properties": {
        "timestamp": "2026-10-03T09:23:10+0000",
        "type": "UNLIMITED-TRACK",
        "battery": "LOW",
        "spot_id": 2507485109,
        "source": "spot"
      }
    },
    {
      "type": "Feature",
      "geometry": {
        "type": "Point",
        "coordinates": [
          23.15746,
          40.47959
        ]
      },
      "properties": {
        "timestamp": "2026-10-03T09:28:10+0000",
        "type": "UNLIMITED-TRACK",
        "battery": "LOW",
        "spot_id": 2507485108,
        "source": "spot"
      }
    },
    {
      "type": "Feature",
      "geometry": {
        "type": "Point",
        "coordinates": [
          23.17274,
          40.4735
        ]
      },
      "properties": {
        "timestamp": "2026-10-03T09:33:10+0000",
        "type": "UNLIMITED-TRACK",
        "battery": "LOW",
        "spot_id": 2507485091,
        "source": "spot"
      }
    },
    {
      "type": "Feature",
      "geometry": {
        "type": "Point",
        "coordinates": [
          23.18656,
          40.47153
        ]
      },
      "properties": {
        "timestamp": "2026-10-03T09:38:00+0000",
        "type": "UNLIMITED-TRACK",
        "battery": "LOW",
        "spot_id": 2507490224,
        "source": "spot"
      }
    },
    {
      "type": "Feature",
      "geometry": {
        "type": "Point",
        "coordinates": [
          23.19935,
          40.46647
        ]
      },
      "properties": {
        "timestamp": "2026-10-03T09:43:00+0000",
        "type": "UNLIMITED-TRACK",
        "battery": "LOW",
        "spot_id": 2507490223,
        "source": "spot"
      }
    },
    {
      "type": "Feature",
      "geometry": {
        "type": "Point",
        "coordinates": [
          23.21111,
          40.46578
        ]
      },
      "properties": {
        "timestamp": "2026-10-03T09:48:00+0000",
        "type": "UNLIMITED-TRACK",
        "battery": "LOW",
        "spot_id": 2507490197,
        "source": "spot"
      }
    },
    {
      "type": "Feature",
      "geometry": {
        "type": "Point",
        "coordinates": [
          23.24385,
          40.46722
        ]
      },
      "properties": {
        "timestamp": "2026-10-03T10:03:20+0000",
        "type": "UNLIMITED-TRACK",
        "battery": "LOW",
        "spot_id": 2507495053,
        "source": "spot"
      }
    },
    {
      "type": "Feature",
      "geometry": {
        "type": "Point",
        "coordinates": [
          23.25548,
          40.46613
        ]
      },
      "properties": {
        "timestamp": "2026-10-03T10:07:48+0000",
        "type": "UNLIMITED-TRACK",
        "battery": "LOW",
        "spot_id": 2507500423,
        "source": "spot"
      }
    },
    {
      "type": "Feature",
      "geometry": {
        "type": "Point",
        "coordinates": [
          23.26604,
          40.46411
        ]
      },
      "properties": {
        "timestamp": "2026-10-03T10:12:48+0000",
        "type": "UNLIMITED-TRACK",
        "battery": "LOW",
        "spot_id": 2507500421,
        "source": "spot"
      }
    },
    {
      "type": "Feature",
      "geometry": {
        "type": "Point",
        "coordinates": [
          23.27866,
          40.46188
        ]
      },
      "properties": {
        "timestamp": "2026-10-03T10:17:48+0000",
        "type": "UNLIMITED-TRACK",
        "battery": "LOW",
        "spot_id": 2507500356,
        "source": "spot"
      }
    },
    {
      "type": "Feature",
      "geometry": {
        "type": "Point",
        "coordinates": [
          23.28945,
          40.45827
        ]
      },
      "properties": {
        "timestamp": "2026-10-03T10:22:42+0000",
        "type": "UNLIMITED-TRACK",
        "battery": "LOW",
        "spot_id": 2507502103,
        "source": "spot"
      }
    },
    {
      "type": "Feature",
      "geometry": {
        "type": "Point",
        "coordinates": [
          23.29076,
          40.45724
        ]
      },
      "properties": {
        "timestamp": "2026-10-03T10:27:42+0000",
        "type": "UNLIMITED-TRACK",
        "battery": "LOW",
        "spot_id": 2507504176,
        "source": "spot"
      }
    },
    {
      "type": "Feature",
      "geometry": {
        "type": "Point",
        "coordinates": [
          23.29096,
          40.45728
        ]
      },
      "properties": {
        "timestamp": "2026-10-03T10:32:32+0000",
        "type": "UNLIMITED-TRACK",
        "battery": "LOW",
        "spot_id": 2507509891,
        "source": "spot"
      }
    },
    {
      "type": "Feature",
      "geometry": {
        "type": "Point",
        "coordinates": [
          23.3004,
          40.45569
        ]
      },
      "properties": {
        "timestamp": "2026-10-03T10:37:32+0000",
        "type": "UNLIMITED-TRACK",
        "battery": "LOW",
        "spot_id": 2507509890,
        "source": "spot"
      }
    },
    {
      "type": "Feature",
      "geometry": {
        "type": "Point",
        "coordinates": [
          23.31164,
          40.45445
        ]
      },
      "properties": {
        "timestamp": "2026-10-03T10:42:32+0000",
        "type": "UNLIMITED-TRACK",
        "battery": "LOW",
        "spot_id": 2507509846,
        "source": "spot"
      }
    },
    {
      "type": "Feature",
      "geometry": {
        "type": "Point",
        "coordinates": [
          23.31857,
          40.45664
        ]
      },
      "properties": {
        "timestamp": "2026-10-03T10:47:31+0000",
        "type": "UNLIMITED-TRACK",
        "battery": "LOW",
        "spot_id": 2507512127,
        "source": "spot"
      }
    },
    {
      "type": "Feature",
      "geometry": {
        "type": "Point",
        "coordinates": [
          23.33382,
          40.46178
        ]
      },
      "properties": {
        "timestamp": "2026-10-03T10:57:29+0000",
        "type": "UNLIMITED-TRACK",
        "battery": "LOW",
        "spot_id": 2507516062,
        "source": "spot"
      }
    },
    {
      "type": "Feature",
      "geometry": {
        "type": "Point",
        "coordinates": [
          23.38129,
          40.46472
        ]
      },
      "properties": {
        "timestamp": "2026-10-03T11:07:20+0000",
        "type": "UNLIMITED-TRACK",
        "battery": "LOW",
        "spot_id": 2507522856,
        "source": "spot"
      }
    },
    {
      "type": "Feature",
      "geometry": {
        "type": "Point",
        "coordinates": [
          23.39331,
          40.47056
        ]
      },
      "properties": {
        "timestamp": "2026-10-03T11:12:20+0000",
        "type": "UNLIMITED-TRACK",
        "battery": "LOW",
        "spot_id": 2507522851,
        "source": "spot"
      }
    },
    {
      "type": "Feature",
      "geometry": {
        "type": "Point",
        "coordinates": [
          23.40069,
          40.4785
        ]
      },
      "properties": {
        "timestamp": "2026-10-03T11:17:20+0000",
        "type": "UNLIMITED-TRACK",
        "battery": "LOW",
        "spot_id": 2507522787,
        "source": "spot"
      }
    },
    {
      "type": "Feature",
      "geometry": {
        "type": "Point",
        "coordinates": [
          23.40461,
          40.48906
        ]
      },
      "properties": {
        "timestamp": "2026-10-03T11:27:14+0000",
        "type": "UNLIMITED-TRACK",
        "battery": "LOW",
        "spot_id": 2507531983,
        "source": "spot"
      }
    },
    {
      "type": "Feature",
      "geometry": {
        "type": "Point",
        "coordinates": [
          23.40461,
          40.48906
        ]
      },
      "properties": {
        "timestamp": "2026-10-03T11:32:14+0000",
        "type": "UNLIMITED-TRACK",
        "battery": "LOW",
        "spot_id": 2507531982,
        "source": "spot"
      }
    },
    {
      "type": "Feature",
      "geometry": {
        "type": "Point",
        "coordinates": [
          23.40461,
          40.48906
        ]
      },
      "properties": {
        "timestamp": "2026-10-03T11:37:14+0000",
        "type": "UNLIMITED-TRACK",
        "battery": "LOW",
        "spot_id": 2507531935,
        "source": "spot"
      }
    },
    {
      "type": "Feature",
      "geometry": {
        "type": "Point",
        "coordinates": [
          23.41214,
          40.49054
        ]
      },
      "properties": {
        "timestamp": "2026-10-03T12:00:03+0000",
        "type": "UNLIMITED-TRACK",
        "battery": "LOW",
        "spot_id": 2507541851,
        "source": "spot"
      }
    },
    {
      "type": "Feature",
      "geometry": {
        "type": "Point",
        "coordinates": [
          23.4373,
          40.50001
        ]
      },
      "properties": {
        "timestamp": "2026-10-03T12:04:55+0000",
        "type": "UNLIMITED-TRACK",
        "battery": "LOW",
        "spot_id": 2507547914,
        "source": "spot"
      }
    },
    {
      "type": "Feature",
      "geometry": {
        "type": "Point",
        "coordinates": [
          23.46056,
          40.5058
        ]
      },
      "properties": {
        "timestamp": "2026-10-03T12:09:55+0000",
        "type": "UNLIMITED-TRACK",
        "battery": "LOW",
        "spot_id": 2507547912,
        "source": "spot"
      }
    },
    {
      "type": "Feature",
      "geometry": {
        "type": "Point",
        "coordinates": [
          23.47283,
          40.50529
        ]
      },
      "properties": {
        "timestamp": "2026-10-03T12:14:55+0000",
        "type": "UNLIMITED-TRACK",
        "battery": "LOW",
        "spot_id": 2507547872,
        "source": "spot"
      }
    },
    {
      "type": "Feature",
      "geometry": {
        "type": "Point",
        "coordinates": [
          23.4892,
          40.50136
        ]
      },
      "properties": {
        "timestamp": "2026-10-03T12:19:52+0000",
        "type": "UNLIMITED-TRACK",
        "battery": "LOW",
        "spot_id": 2507550167,
        "source": "spot"
      }
    },
    {
      "type": "Feature",
      "geometry": {
        "type": "Point",
        "coordinates": [
          23.4998,
          40.49989
        ]
      },
      "properties": {
        "timestamp": "2026-10-03T12:24:47+0000",
        "type": "UNLIMITED-TRACK",
        "battery": "LOW",
        "spot_id": 2507554709,
        "source": "spot"
      }
    },
    {
      "type": "Feature",
      "geometry": {
        "type": "Point",
        "coordinates": [
          23.50864,
          40.50015
        ]
      },
      "properties": {
        "timestamp": "2026-10-03T12:29:47+0000",
        "type": "UNLIMITED-TRACK",
        "battery": "LOW",
        "spot_id": 2507554639,
        "source": "spot"
      }
    },
    {
      "type": "Feature",
      "geometry": {
        "type": "Point",
        "coordinates": [
          23.65054,
          40.4673
        ]
      },
      "properties": {
        "timestamp": "2026-10-03T14:01:16+0000",
        "type": "UNLIMITED-TRACK",
        "battery": "LOW",
        "spot_id": 2507601338,
        "source": "spot"
      }
    },
    {
      "type": "Feature",
      "geometry": {
        "type": "Point",
        "coordinates": [
          23.6562,
          40.45876
        ]
      },
      "properties": {
        "timestamp": "2026-10-03T14:06:16+0000",
        "type": "UNLIMITED-TRACK",
        "battery": "LOW",
        "spot_id": 2507601337,
        "source": "spot"
      }
    },
    {
      "type": "Feature",
      "geometry": {
        "type": "Point",
        "coordinates": [
          23.67028,
          40.44597
        ]
      },
      "properties": {
        "timestamp": "2026-10-03T14:11:16+0000",
        "type": "UNLIMITED-TRACK",
        "battery": "LOW",
        "spot_id": 2507601293,
        "source": "spot"
      }
    },
    {
      "type": "Feature",
      "geometry": {
        "type": "Point",
        "coordinates": [
          23.69571,
          40.43904
        ]
      },
      "properties": {
        "timestamp": "2026-10-03T14:40:56+0000",
        "type": "UNLIMITED-TRACK",
        "battery": "LOW",
        "spot_id": 2507615218,
        "source": "spot"
      }
    },
    {
      "type": "Feature",
      "geometry": {
        "type": "Point",
        "coordinates": [
          23.68054,
          40.44465
        ]
      },
      "properties": {
        "timestamp": "2026-10-04T07:17:53+0000",
        "type": "UNLIMITED-TRACK",
        "battery": "LOW",
        "spot_id": 2507935657,
        "source": "spot"
      }
    },
    {
      "type": "Feature",
      "geometry": {
        "type": "Point",
        "coordinates": [
          23.6759,
          40.43946
        ]
      },
      "properties": {
        "timestamp": "2026-10-04T12:06:10+0000",
        "type": "UNLIMITED-TRACK",
        "battery": "LOW",
        "spot_id": 2508027318,
        "source": "spot"
      }
    },
    {
      "type": "Feature",
      "geometry": {
        "type": "Point",
        "coordinates": [
          23.67331,
          40.44288
        ]
      },
      "properties": {
        "timestamp": "2026-10-04T12:10:50+0000",
        "type": "UNLIMITED-TRACK",
        "battery": "LOW",
        "spot_id": 2508030675,
        "source": "spot"
      }
    },
    {
      "type": "Feature",
      "geometry": {
        "type": "Point",
        "coordinates": [
          23.67202,
          40.44524
        ]
      },
      "properties": {
        "timestamp": "2026-10-04T12:15:50+0000",
        "type": "UNLIMITED-TRACK",
        "battery": "LOW",
        "spot_id": 2508030636,
        "source": "spot"
      }
    },
    {
      "type": "Feature",
      "geometry": {
        "type": "Point",
        "coordinates": [
          23.67208,
          40.44526
        ]
      },
      "properties": {
        "timestamp": "2026-10-04T12:20:45+0000",
        "type": "UNLIMITED-TRACK",
        "battery": "LOW",
        "spot_id": 2508032421,
        "source": "spot"
      }
    },
    {
      "type": "Feature",
      "geometry": {
        "type": "Point",
        "coordinates": [
          23.67206,
          40.4453
        ]
      },
      "properties": {
        "timestamp": "2026-10-04T12:25:43+0000",
        "type": "UNLIMITED-TRACK",
        "battery": "LOW",
        "spot_id": 2508034227,
        "source": "spot"
      }
    },
    {
      "type": "Feature",
      "geometry": {
        "type": "Point",
        "coordinates": [
          23.67206,
          40.44521
        ]
      },
      "properties": {
        "timestamp": "2026-10-04T12:30:43+0000",
        "type": "UNLIMITED-TRACK",
        "battery": "LOW",
        "spot_id": 2508035449,
        "source": "spot"
      }
    },
    {
      "type": "Feature",
      "geometry": {
        "type": "Point",
        "coordinates": [
          23.67208,
          40.44526
        ]
      },
      "properties": {
        "timestamp": "2026-10-04T12:41:48+0000",
        "type": "UNLIMITED-TRACK",
        "battery": "GOOD",
        "spot_id": 2508039405,
        "source": "spot"
      }
    },
    {
      "type": "Feature",
      "geometry": {
        "type": "Point",
        "coordinates": [
          23.67206,
          40.44526
        ]
      },
      "properties": {
        "timestamp": "2026-10-04T12:46:07+0000",
        "type": "UNLIMITED-TRACK",
        "battery": "GOOD",
        "spot_id": 2508040737,
        "source": "spot"
      }
    },
    {
      "type": "Feature",
      "geometry": {
        "type": "Point",
        "coordinates": [
          23.66003,
          40.45121
        ]
      },
      "properties": {
        "timestamp": "2026-10-04T13:00:57+0000",
        "type": "UNLIMITED-TRACK",
        "battery": "GOOD",
        "spot_id": 2508048096,
        "source": "spot"
      }
    },
    {
      "type": "Feature",
      "geometry": {
        "type": "Point",
        "coordinates": [
          23.65565,
          40.45932
        ]
      },
      "properties": {
        "timestamp": "2026-10-04T13:05:57+0000",
        "type": "UNLIMITED-TRACK",
        "battery": "GOOD",
        "spot_id": 2508048095,
        "source": "spot"
      }
    },
    {
      "type": "Feature",
      "geometry": {
        "type": "Point",
        "coordinates": [
          23.64526,
          40.47953
        ]
      },
      "properties": {
        "timestamp": "2026-10-04T13:10:57+0000",
        "type": "UNLIMITED-TRACK",
        "battery": "GOOD",
        "spot_id": 2508048065,
        "source": "spot"
      }
    },
    {
      "type": "Feature",
      "geometry": {
        "type": "Point",
        "coordinates": [
          23.64571,
          40.49007
        ]
      },
      "properties": {
        "timestamp": "2026-10-04T13:15:52+0000",
        "type": "UNLIMITED-TRACK",
        "battery": "GOOD",
        "spot_id": 2508051514,
        "source": "spot"
      }
    },
    {
      "type": "Feature",
      "geometry": {
        "type": "Point",
        "coordinates": [
          23.63678,
          40.48621
        ]
      },
      "properties": {
        "timestamp": "2026-10-04T13:20:52+0000",
        "type": "UNLIMITED-TRACK",
        "battery": "GOOD",
        "spot_id": 2508051467,
        "source": "spot"
      }
    },
    {
      "type": "Feature",
      "geometry": {
        "type": "Point",
        "coordinates": [
          23.62438,
          40.48583
        ]
      },
      "properties": {
        "timestamp": "2026-10-04T13:25:44+0000",
        "type": "UNLIMITED-TRACK",
        "battery": "GOOD",
        "spot_id": 2508057431,
        "source": "spot"
      }
    },
    {
      "type": "Feature",
      "geometry": {
        "type": "Point",
        "coordinates": [
          23.61065,
          40.48862
        ]
      },
      "properties": {
        "timestamp": "2026-10-04T13:30:44+0000",
        "type": "UNLIMITED-TRACK",
        "battery": "GOOD",
        "spot_id": 2508057430,
        "source": "spot"
      }
    },
    {
      "type": "Feature",
      "geometry": {
        "type": "Point",
        "coordinates": [
          23.60619,
          40.48871
        ]
      },
      "properties": {
        "timestamp": "2026-10-04T13:35:44+0000",
        "type": "UNLIMITED-TRACK",
        "battery": "GOOD",
        "spot_id": 2508057394,
        "source": "spot"
      }
    },
    {
      "type": "Feature",
      "geometry": {
        "type": "Point",
        "coordinates": [
          23.5878,
          40.48603
        ]
      },
      "properties": {
        "timestamp": "2026-10-04T14:01:18+0000",
        "type": "UNLIMITED-TRACK",
        "battery": "GOOD",
        "spot_id": 2508066631,
        "source": "spot"
      }
    },
    {
      "type": "Feature",
      "geometry": {
        "type": "Point",
        "coordinates": [
          23.54175,
          40.47474
        ]
      },
      "properties": {
        "timestamp": "2026-10-04T14:41:54+0000",
        "type": "UNLIMITED-TRACK",
        "battery": "GOOD",
        "spot_id": 2508080567,
        "source": "spot"
      }
    },
    {
      "type": "Feature",
      "geometry": {
        "type": "Point",
        "coordinates": [
          23.52303,
          40.48199
        ]
      },
      "properties": {
        "timestamp": "2026-10-04T15:00:52+0000",
        "type": "UNLIMITED-TRACK",
        "battery": "GOOD",
        "spot_id": 2508093111,
        "source": "spot"
      }
    },
    {
      "type": "Feature",
      "geometry": {
        "type": "Point",
        "coordinates": [
          23.52432,
          40.4825
        ]
      },
      "properties": {
        "timestamp": "2026-10-04T15:05:52+0000",
        "type": "UNLIMITED-TRACK",
        "battery": "GOOD",
        "spot_id": 2508093110,
        "source": "spot"
      }
    },
    {
      "type": "Feature",
      "geometry": {
        "type": "Point",
        "coordinates": [
          23.519,
          40.48203
        ]
      },
      "properties": {
        "timestamp": "2026-10-04T15:10:52+0000",
        "type": "UNLIMITED-TRACK",
        "battery": "GOOD",
        "spot_id": 2508093063,
        "source": "spot"
      }
    },
    {
      "type": "Feature",
      "geometry": {
        "type": "Point",
        "coordinates": [
          23.51392,
          40.48558
        ]
      },
      "properties": {
        "timestamp": "2026-10-04T15:15:50+0000",
        "type": "UNLIMITED-TRACK",
        "battery": "GOOD",
        "spot_id": 2508095358,
        "source": "spot"
      }
    },
    {
      "type": "Feature",
      "geometry": {
        "type": "Point",
        "coordinates": [
          23.5107,
          40.48645
        ]
      },
      "properties": {
        "timestamp": "2026-10-04T15:25:45+0000",
        "type": "UNLIMITED-TRACK",
        "battery": "GOOD",
        "spot_id": 2508103574,
        "source": "spot"
      }
    },
    {
      "type": "Feature",
      "geometry": {
        "type": "Point",
        "coordinates": [
          23.50993,
          40.48568
        ]
      },
      "properties": {
        "timestamp": "2026-10-04T15:30:45+0000",
        "type": "UNLIMITED-TRACK",
        "battery": "GOOD",
        "spot_id": 2508103573,
        "source": "spot"
      }
    },
    {
      "type": "Feature",
      "geometry": {
        "type": "Point",
        "coordinates": [
          23.50993,
          40.48568
        ]
      },
      "properties": {
        "timestamp": "2026-10-04T15:35:45+0000",
        "type": "UNLIMITED-TRACK",
        "battery": "GOOD",
        "spot_id": 2508103531,
        "source": "spot"
      }
    },
    {
      "type": "Feature",
      "geometry": {
        "type": "Point",
        "coordinates": [
          23.5092,
          40.48594
        ]
      },
      "properties": {
        "timestamp": "2026-10-04T16:42:54+0000",
        "type": "CUSTOM",
        "battery": "GOOD",
        "spot_id": 2508128771,
        "source": "spot"
      }
    },
    {
      "type": "Feature",
      "geometry": {
        "type": "Point",
        "coordinates": [
          23.46429,
          40.49803
        ]
      },
      "properties": {
        "timestamp": "2026-10-05T06:45:26+0000",
        "type": "UNLIMITED-TRACK",
        "battery": "GOOD",
        "spot_id": 2508373688,
        "source": "spot"
      }
    },
    {
      "type": "Feature",
      "geometry": {
        "type": "Point",
        "coordinates": [
          23.45354,
          40.50021
        ]
      },
      "properties": {
        "timestamp": "2026-10-05T06:50:21+0000",
        "type": "UNLIMITED-TRACK",
        "battery": "GOOD",
        "spot_id": 2508376923,
        "source": "spot"
      }
    },
    {
      "type": "Feature",
      "geometry": {
        "type": "Point",
        "coordinates": [
          23.44633,
          40.50257
        ]
      },
      "properties": {
        "timestamp": "2026-10-05T06:55:21+0000",
        "type": "UNLIMITED-TRACK",
        "battery": "GOOD",
        "spot_id": 2508376861,
        "source": "spot"
      }
    },
    {
      "type": "Feature",
      "geometry": {
        "type": "Point",
        "coordinates": [
          23.4115,
          40.49901
        ]
      },
      "properties": {
        "timestamp": "2026-10-05T07:10:10+0000",
        "type": "UNLIMITED-TRACK",
        "battery": "GOOD",
        "spot_id": 2508384508,
        "source": "spot"
      }
    },
    {
      "type": "Feature",
      "geometry": {
        "type": "Point",
        "coordinates": [
          23.39159,
          40.5021
        ]
      },
      "properties": {
        "timestamp": "2026-10-05T07:15:10+0000",
        "type": "UNLIMITED-TRACK",
        "battery": "GOOD",
        "spot_id": 2508384507,
        "source": "spot"
      }
    },
    {
      "type": "Feature",
      "geometry": {
        "type": "Point",
        "coordinates": [
          23.37614,
          40.50682
        ]
      },
      "properties": {
        "timestamp": "2026-10-05T07:20:10+0000",
        "type": "UNLIMITED-TRACK",
        "battery": "GOOD",
        "spot_id": 2508384462,
        "source": "spot"
      }
    },
    {
      "type": "Feature",
      "geometry": {
        "type": "Point",
        "coordinates": [
          23.31902,
          40.55462
        ]
      },
      "properties": {
        "timestamp": "2026-10-05T08:22:43+0000",
        "type": "UNLIMITED-TRACK",
        "battery": "GOOD",
        "spot_id": 2508405494,
        "source": "spot"
      }
    },
    {
      "type": "Feature",
      "geometry": {
        "type": "Point",
        "coordinates": [
          23.30213,
          40.55566
        ]
      },
      "properties": {
        "timestamp": "2026-10-05T08:27:37+0000",
        "type": "UNLIMITED-TRACK",
        "battery": "GOOD",
        "spot_id": 2508410151,
        "source": "spot"
      }
    },
    {
      "type": "Feature",
      "geometry": {
        "type": "Point",
        "coordinates": [
          23.28823,
          40.56729
        ]
      },
      "properties": {
        "timestamp": "2026-10-05T08:32:37+0000",
        "type": "UNLIMITED-TRACK",
        "battery": "GOOD",
        "spot_id": 2508410149,
        "source": "spot"
      }
    },
    {
      "type": "Feature",
      "geometry": {
        "type": "Point",
        "coordinates": [
          23.27338,
          40.57223
        ]
      },
      "properties": {
        "timestamp": "2026-10-05T08:37:37+0000",
        "type": "UNLIMITED-TRACK",
        "battery": "GOOD",
        "spot_id": 2508410108,
        "source": "spot"
      }
    },
    {
      "type": "Feature",
      "geometry": {
        "type": "Point",
        "coordinates": [
          23.21991,
          40.58968
        ]
      },
      "properties": {
        "timestamp": "2026-10-05T09:07:24+0000",
        "type": "UNLIMITED-TRACK",
        "battery": "GOOD",
        "spot_id": 2508418459,
        "source": "spot"
      }
    },
    {
      "type": "Feature",
      "geometry": {
        "type": "Point",
        "coordinates": [
          23.1992,
          40.59555
        ]
      },
      "properties": {
        "timestamp": "2026-10-05T09:32:09+0000",
        "type": "UNLIMITED-TRACK",
        "battery": "GOOD",
        "spot_id": 2508425725,
        "source": "spot"
      }
    },
    {
      "type": "Feature",
      "geometry": {
        "type": "Point",
        "coordinates": [
          23.1954,
          40.59364
        ]
      },
      "properties": {
        "timestamp": "2026-10-05T09:47:02+0000",
        "type": "UNLIMITED-TRACK",
        "battery": "GOOD",
        "spot_id": 2508430939,
        "source": "spot"
      }
    },
    {
      "type": "Feature",
      "geometry": {
        "type": "Point",
        "coordinates": [
          23.19403,
          40.59373
        ]
      },
      "properties": {
        "timestamp": "2026-10-05T09:51:57+0000",
        "type": "UNLIMITED-TRACK",
        "battery": "GOOD",
        "spot_id": 2508434810,
        "source": "spot"
      }
    },
    {
      "type": "Feature",
      "geometry": {
        "type": "Point",
        "coordinates": [
          23.18862,
          40.59463
        ]
      },
      "properties": {
        "timestamp": "2026-10-05T09:56:57+0000",
        "type": "UNLIMITED-TRACK",
        "battery": "GOOD",
        "spot_id": 2508434766,
        "source": "spot"
      }
    },
    {
      "type": "Feature",
      "geometry": {
        "type": "Point",
        "coordinates": [
          23.18634,
          40.594
        ]
      },
      "properties": {
        "timestamp": "2026-10-05T10:01:52+0000",
        "type": "UNLIMITED-TRACK",
        "battery": "GOOD",
        "spot_id": 2508436633,
        "source": "spot"
      }
    },
    {
      "type": "Feature",
      "geometry": {
        "type": "Point",
        "coordinates": [
          23.18364,
          40.59519
        ]
      },
      "properties": {
        "timestamp": "2026-10-05T10:06:50+0000",
        "type": "UNLIMITED-TRACK",
        "battery": "GOOD",
        "spot_id": 2508439948,
        "source": "spot"
      }
    },
    {
      "type": "Feature",
      "geometry": {
        "type": "Point",
        "coordinates": [
          23.18167,
          40.59583
        ]
      },
      "properties": {
        "timestamp": "2026-10-05T10:11:50+0000",
        "type": "UNLIMITED-TRACK",
        "battery": "GOOD",
        "spot_id": 2508439918,
        "source": "spot"
      }
    },
    {
      "type": "Feature",
      "geometry": {
        "type": "Point",
        "coordinates": [
          23.15697,
          40.59196
        ]
      },
      "properties": {
        "timestamp": "2026-10-05T11:17:54+0000",
        "type": "UNLIMITED-TRACK",
        "battery": "GOOD",
        "spot_id": 2508462118,
        "source": "spot"
      }
    },
    {
      "type": "Feature",
      "geometry": {
        "type": "Point",
        "coordinates": [
          23.0906,
          40.61763
        ]
      },
      "properties": {
        "timestamp": "2026-10-05T12:40:07+0000",
        "type": "UNLIMITED-TRACK",
        "battery": "GOOD",
        "spot_id": 2508492856,
        "source": "spot"
      }
    },
    {
      "type": "Feature",
      "geometry": {
        "type": "Point",
        "coordinates": [
          23.07749,
          40.62222
        ]
      },
      "properties": {
        "timestamp": "2026-10-05T12:45:22+0000",
        "type": "UNLIMITED-TRACK",
        "battery": "GOOD",
        "spot_id": 2508496682,
        "source": "spot"
      }
    },
    {
      "type": "Feature",
      "geometry": {
        "type": "Point",
        "coordinates": [
          23.06513,
          40.62565
        ]
      },
      "properties": {
        "timestamp": "2026-10-05T12:50:22+0000",
        "type": "UNLIMITED-TRACK",
        "battery": "GOOD",
        "spot_id": 2508496641,
        "source": "spot"
      }
    },
    {
      "type": "Feature",
      "geometry": {
        "type": "Point",
        "coordinates": [
          23.0403,
          40.63185
        ]
      },
      "properties": {
        "timestamp": "2026-10-05T12:55:11+0000",
        "type": "UNLIMITED-TRACK",
        "battery": "GOOD",
        "spot_id": 2508498532,
        "source": "spot"
      }
    },
    {
      "type": "Feature",
      "geometry": {
        "type": "Point",
        "coordinates": [
          22.99644,
          40.65272
        ]
      },
      "properties": {
        "timestamp": "2026-10-05T13:04:45+0000",
        "type": "UNLIMITED-TRACK",
        "battery": "GOOD",
        "spot_id": 2508505106,
        "source": "spot"
      }
    },
    {
      "type": "Feature",
      "geometry": {
        "type": "Point",
        "coordinates": [
          22.97919,
          40.65984
        ]
      },
      "properties": {
        "timestamp": "2026-10-05T13:09:44+0000",
        "type": "UNLIMITED-TRACK",
        "battery": "GOOD",
        "spot_id": 2508503612,
        "source": "spot"
      }
    },
    {
      "type": "Feature",
      "geometry": {
        "type": "Point",
        "coordinates": [
          22.97035,
          40.65945
        ]
      },
      "properties": {
        "timestamp": "2026-10-05T13:14:45+0000",
        "type": "UNLIMITED-TRACK",
        "battery": "GOOD",
        "spot_id": 2508505077,
        "source": "spot"
      }
    },
    {
      "type": "Feature",
      "geometry": {
        "type": "Point",
        "coordinates": [
          22.9355,
          40.64025
        ]
      },
      "properties": {
        "timestamp": "2026-10-05T13:29:34+0000",
        "type": "UNLIMITED-TRACK",
        "battery": "GOOD",
        "spot_id": 2508510563,
        "source": "spot"
      }
    },
    {
      "type": "Feature",
      "geometry": {
        "type": "Point",
        "coordinates": [
          22.95449,
          40.5901
        ]
      },
      "properties": {
        "timestamp": "2026-10-05T13:54:19+0000",
        "type": "UNLIMITED-TRACK",
        "battery": "GOOD",
        "spot_id": 2508524630,
        "source": "spot"
      }
    },
    {
      "type": "Feature",
      "geometry": {
        "type": "Point",
        "coordinates": [
          22.96161,
          40.58332
        ]
      },
      "properties": {
        "timestamp": "2026-10-05T13:59:19+0000",
        "type": "UNLIMITED-TRACK",
        "battery": "GOOD",
        "spot_id": 2508524629,
        "source": "spot"
      }
    },
    {
      "type": "Feature",
      "geometry": {
        "type": "Point",
        "coordinates": [
          22.97054,
          40.57495
        ]
      },
      "properties": {
        "timestamp": "2026-10-05T14:04:19+0000",
        "type": "UNLIMITED-TRACK",
        "battery": "GOOD",
        "spot_id": 2508524587,
        "source": "spot"
      }
    },
    {
      "type": "Feature",
      "geometry": {
        "type": "Point",
        "coordinates": [
          22.97138,
          40.57494
        ]
      },
      "properties": {
        "timestamp": "2026-10-05T14:09:16+0000",
        "type": "UNLIMITED-TRACK",
        "battery": "GOOD",
        "spot_id": 2508526613,
        "source": "spot"
      }
    },
    {
      "type": "Feature",
      "geometry": {
        "type": "Point",
        "coordinates": [
          22.95278,
          40.60458
        ]
      },
      "properties": {
        "timestamp": "2026-10-05T15:00:45+0000",
        "type": "UNLIMITED-TRACK",
        "battery": "GOOD",
        "spot_id": 2508548190,
        "source": "spot"
      }
    },
    {
      "type": "Feature",
      "geometry": {
        "type": "Point",
        "coordinates": [
          22.95299,
          40.62616
        ]
      },
      "properties": {
        "timestamp": "2026-10-05T15:10:38+0000",
        "type": "UNLIMITED-TRACK",
        "battery": "GOOD",
        "spot_id": 2508552124,
        "source": "spot"
      }
    },
    {
      "type": "Feature",
      "geometry": {
        "type": "Point",
        "coordinates": [
          22.94817,
          40.62933
        ]
      },
      "properties": {
        "timestamp": "2026-10-05T15:15:34+0000",
        "type": "UNLIMITED-TRACK",
        "battery": "GOOD",
        "spot_id": 2508554132,
        "source": "spot"
      }
    },
    {
      "type": "Feature",
      "geometry": {
        "type": "Point",
        "coordinates": [
          22.94132,
          40.63869
        ]
      },
      "properties": {
        "timestamp": "2026-10-07T08:28:21+0000",
        "type": "UNLIMITED-TRACK",
        "battery": "GOOD",
        "spot_id": 2509404732,
        "source": "spot"
      }
    },
    {
      "type": "Feature",
      "geometry": {
        "type": "Point",
        "coordinates": [
          22.94091,
          40.63869
        ]
      },
      "properties": {
        "timestamp": "2026-10-07T08:33:19+0000",
        "type": "UNLIMITED-TRACK",
        "battery": "GOOD",
        "spot_id": 2509405940,
        "source": "spot"
      }
    },
    {
      "type": "Feature",
      "geometry": {
        "type": "Point",
        "coordinates": [
          22.94072,
          40.63862
        ]
      },
      "properties": {
        "timestamp": "2026-10-07T08:39:27+0000",
        "type": "UNLIMITED-TRACK",
        "battery": "GOOD",
        "spot_id": 2509409535,
        "source": "spot"
      }
    },
    {
      "type": "Feature",
      "geometry": {
        "type": "Point",
        "coordinates": [
          22.94184,
          40.63776
        ]
      },
      "properties": {
        "timestamp": "2026-10-07T08:44:27+0000",
        "type": "UNLIMITED-TRACK",
        "battery": "GOOD",
        "spot_id": 2509409534,
        "source": "spot"
      }
    },
    {
      "type": "Feature",
      "geometry": {
        "type": "Point",
        "coordinates": [
          22.95162,
          40.63287
        ]
      },
      "properties": {
        "timestamp": "2026-10-07T08:49:27+0000",
        "type": "UNLIMITED-TRACK",
        "battery": "GOOD",
        "spot_id": 2509409516,
        "source": "spot"
      }
    },
    {
      "type": "Feature",
      "geometry": {
        "type": "Point",
        "coordinates": [
          22.95969,
          40.6363
        ]
      },
      "properties": {
        "timestamp": "2026-10-07T08:58:08+0000",
        "type": "UNLIMITED-TRACK",
        "battery": "GOOD",
        "spot_id": 2509412291,
        "source": "spot"
      }
    },
    {
      "type": "Feature",
      "geometry": {
        "type": "Point",
        "coordinates": [
          22.9572,
          40.63712
        ]
      },
      "properties": {
        "timestamp": "2026-10-07T09:03:08+0000",
        "type": "UNLIMITED-TRACK",
        "battery": "GOOD",
        "spot_id": 2509412271,
        "source": "spot"
      }
    },
    {
      "type": "Feature",
      "geometry": {
        "type": "Point",
        "coordinates": [
          22.96031,
          40.63922
        ]
      },
      "properties": {
        "timestamp": "2026-10-07T09:06:23+0000",
        "type": "UNLIMITED-TRACK",
        "battery": "GOOD",
        "spot_id": 2509413110,
        "source": "spot"
      }
    },
    {
      "type": "Feature",
      "geometry": {
        "type": "Point",
        "coordinates": [
          22.96432,
          40.64263
        ]
      },
      "properties": {
        "timestamp": "2026-10-07T09:14:15+0000",
        "type": "UNLIMITED-TRACK",
        "battery": "GOOD",
        "spot_id": 2509416201,
        "source": "spot"
      }
    },
    {
      "type": "Feature",
      "geometry": {
        "type": "Point",
        "coordinates": [
          22.9687,
          40.6431
        ]
      },
      "properties": {
        "timestamp": "2026-10-07T09:19:15+0000",
        "type": "UNLIMITED-TRACK",
        "battery": "GOOD",
        "spot_id": 2509416172,
        "source": "spot"
      }
    },
    {
      "type": "Feature",
      "geometry": {
        "type": "Point",
        "coordinates": [
          22.98089,
          40.64235
        ]
      },
      "properties": {
        "timestamp": "2026-10-07T09:29:09+0000",
        "type": "UNLIMITED-TRACK",
        "battery": "GOOD",
        "spot_id": 2509418415,
        "source": "spot"
      }
    },
    {
      "type": "Feature",
      "geometry": {
        "type": "Point",
        "coordinates": [
          22.99097,
          40.6465
        ]
      },
      "properties": {
        "timestamp": "2026-10-07T09:39:05+0000",
        "type": "UNLIMITED-TRACK",
        "battery": "GOOD",
        "spot_id": 2509421063,
        "source": "spot"
      }
    },
    {
      "type": "Feature",
      "geometry": {
        "type": "Point",
        "coordinates": [
          23.01874,
          40.63653
        ]
      },
      "properties": {
        "timestamp": "2026-10-07T09:54:01+0000",
        "type": "UNLIMITED-TRACK",
        "battery": "GOOD",
        "spot_id": 2509424835,
        "source": "spot"
      }
    },
    {
      "type": "Feature",
      "geometry": {
        "type": "Point",
        "coordinates": [
          23.02307,
          40.63436
        ]
      },
      "properties": {
        "timestamp": "2026-10-07T09:57:38+0000",
        "type": "UNLIMITED-TRACK",
        "battery": "GOOD",
        "spot_id": 2509425866,
        "source": "spot"
      }
    },
    {
      "type": "Feature",
      "geometry": {
        "type": "Point",
        "coordinates": [
          23.03108,
          40.63091
        ]
      },
      "properties": {
        "timestamp": "2026-10-07T10:02:34+0000",
        "type": "UNLIMITED-TRACK",
        "battery": "GOOD",
        "spot_id": 2509427037,
        "source": "spot"
      }
    },
    {
      "type": "Feature",
      "geometry": {
        "type": "Point",
        "coordinates": [
          23.04316,
          40.62813
        ]
      },
      "properties": {
        "timestamp": "2026-10-07T10:07:32+0000",
        "type": "UNLIMITED-TRACK",
        "battery": "GOOD",
        "spot_id": 2509428188,
        "source": "spot"
      }
    },
    {
      "type": "Feature",
      "geometry": {
        "type": "Point",
        "coordinates": [
          23.05105,
          40.62638
        ]
      },
      "properties": {
        "timestamp": "2026-10-07T10:12:28+0000",
        "type": "UNLIMITED-TRACK",
        "battery": "GOOD",
        "spot_id": 2509431818,
        "source": "spot"
      }
    },
    {
      "type": "Feature",
      "geometry": {
        "type": "Point",
        "coordinates": [
          23.06719,
          40.62531
        ]
      },
      "properties": {
        "timestamp": "2026-10-07T10:17:28+0000",
        "type": "UNLIMITED-TRACK",
        "battery": "GOOD",
        "spot_id": 2509431817,
        "source": "spot"
      }
    },
    {
      "type": "Feature",
      "geometry": {
        "type": "Point",
        "coordinates": [
          23.08865,
          40.61849
        ]
      },
      "properties": {
        "timestamp": "2026-10-07T10:22:28+0000",
        "type": "UNLIMITED-TRACK",
        "battery": "GOOD",
        "spot_id": 2509431788,
        "source": "spot"
      }
    },
    {
      "type": "Feature",
      "geometry": {
        "type": "Point",
        "coordinates": [
          23.09496,
          40.6163
        ]
      },
      "properties": {
        "timestamp": "2026-10-07T10:27:24+0000",
        "type": "UNLIMITED-TRACK",
        "battery": "GOOD",
        "spot_id": 2509434512,
        "source": "spot"
      }
    },
    {
      "type": "Feature",
      "geometry": {
        "type": "Point",
        "coordinates": [
          23.09496,
          40.6166
        ]
      },
      "properties": {
        "timestamp": "2026-10-07T10:32:24+0000",
        "type": "UNLIMITED-TRACK",
        "battery": "GOOD",
        "spot_id": 2509434485,
        "source": "spot"
      }
    },
    {
      "type": "Feature",
      "geometry": {
        "type": "Point",
        "coordinates": [
          23.095,
          40.61646
        ]
      },
      "properties": {
        "timestamp": "2026-10-07T10:37:23+0000",
        "type": "UNLIMITED-TRACK",
        "battery": "GOOD",
        "spot_id": 2509435912,
        "source": "spot"
      }
    },
    {
      "type": "Feature",
      "geometry": {
        "type": "Point",
        "coordinates": [
          23.10146,
          40.62519
        ]
      },
      "properties": {
        "timestamp": "2026-10-07T11:08:39+0000",
        "type": "UNLIMITED-TRACK",
        "battery": "GOOD",
        "spot_id": 2509444470,
        "source": "spot"
      }
    },
    {
      "type": "Feature",
      "geometry": {
        "type": "Point",
        "coordinates": [
          23.10045,
          40.63153
        ]
      },
      "properties": {
        "timestamp": "2026-10-07T11:14:01+0000",
        "type": "UNLIMITED-TRACK",
        "battery": "GOOD",
        "spot_id": 2509447118,
        "source": "spot"
      }
    },
    {
      "type": "Feature",
      "geometry": {
        "type": "Point",
        "coordinates": [
          23.11307,
          40.64994
        ]
      },
      "properties": {
        "timestamp": "2026-10-07T11:19:01+0000",
        "type": "UNLIMITED-TRACK",
        "battery": "GOOD",
        "spot_id": 2509447098,
        "source": "spot"
      }
    },
    {
      "type": "Feature",
      "geometry": {
        "type": "Point",
        "coordinates": [
          23.12186,
          40.66154
        ]
      },
      "properties": {
        "timestamp": "2026-10-07T11:23:32+0000",
        "type": "UNLIMITED-TRACK",
        "battery": "GOOD",
        "spot_id": 2509448352,
        "source": "spot"
      }
    },
    {
      "type": "Feature",
      "geometry": {
        "type": "Point",
        "coordinates": [
          23.13794,
          40.65673
        ]
      },
      "properties": {
        "timestamp": "2026-10-07T11:28:29+0000",
        "type": "UNLIMITED-TRACK",
        "battery": "GOOD",
        "spot_id": 2509450038,
        "source": "spot"
      }
    },
    {
      "type": "Feature",
      "geometry": {
        "type": "Point",
        "coordinates": [
          23.15873,
          40.65427
        ]
      },
      "properties": {
        "timestamp": "2026-10-07T11:33:27+0000",
        "type": "UNLIMITED-TRACK",
        "battery": "GOOD",
        "spot_id": 2509453917,
        "source": "spot"
      }
    },
    {
      "type": "Feature",
      "geometry": {
        "type": "Point",
        "coordinates": [
          23.17718,
          40.64685
        ]
      },
      "properties": {
        "timestamp": "2026-10-07T11:38:27+0000",
        "type": "UNLIMITED-TRACK",
        "battery": "GOOD",
        "spot_id": 2509453888,
        "source": "spot"
      }
    },
    {
      "type": "Feature",
      "geometry": {
        "type": "Point",
        "coordinates": [
          23.19045,
          40.63599
        ]
      },
      "properties": {
        "timestamp": "2026-10-07T11:43:17+0000",
        "type": "UNLIMITED-TRACK",
        "battery": "GOOD",
        "spot_id": 2509459116,
        "source": "spot"
      }
    },
    {
      "type": "Feature",
      "geometry": {
        "type": "Point",
        "coordinates": [
          23.20899,
          40.63093
        ]
      },
      "properties": {
        "timestamp": "2026-10-07T11:48:17+0000",
        "type": "UNLIMITED-TRACK",
        "battery": "GOOD",
        "spot_id": 2509459115,
        "source": "spot"
      }
    },
    {
      "type": "Feature",
      "geometry": {
        "type": "Point",
        "coordinates": [
          23.23053,
          40.63299
        ]
      },
      "properties": {
        "timestamp": "2026-10-07T11:53:17+0000",
        "type": "UNLIMITED-TRACK",
        "battery": "GOOD",
        "spot_id": 2509459069,
        "source": "spot"
      }
    },
    {
      "type": "Feature",
      "geometry": {
        "type": "Point",
        "coordinates": [
          23.24896,
          40.63578
        ]
      },
      "properties": {
        "timestamp": "2026-10-07T11:58:15+0000",
        "type": "UNLIMITED-TRACK",
        "battery": "GOOD",
        "spot_id": 2509460993,
        "source": "spot"
      }
    },
    {
      "type": "Feature",
      "geometry": {
        "type": "Point",
        "coordinates": [
          23.2666,
          40.63976
        ]
      },
      "properties": {
        "timestamp": "2026-10-07T12:03:12+0000",
        "type": "UNLIMITED-TRACK",
        "battery": "GOOD",
        "spot_id": 2509462813,
        "source": "spot"
      }
    },
    {
      "type": "Feature",
      "geometry": {
        "type": "Point",
        "coordinates": [
          23.27312,
          40.64215
        ]
      },
      "properties": {
        "timestamp": "2026-10-07T12:08:08+0000",
        "type": "UNLIMITED-TRACK",
        "battery": "GOOD",
        "spot_id": 2509466661,
        "source": "spot"
      }
    },
    {
      "type": "Feature",
      "geometry": {
        "type": "Point",
        "coordinates": [
          23.27303,
          40.64198
        ]
      },
      "properties": {
        "timestamp": "2026-10-07T12:13:08+0000",
        "type": "UNLIMITED-TRACK",
        "battery": "GOOD",
        "spot_id": 2509466628,
        "source": "spot"
      }
    },
    {
      "type": "Feature",
      "geometry": {
        "type": "Point",
        "coordinates": [
          23.27548,
          40.6435
        ]
      },
      "properties": {
        "timestamp": "2026-10-07T13:19:49+0000",
        "type": "UNLIMITED-TRACK",
        "battery": "GOOD",
        "spot_id": 2509493075,
        "source": "spot"
      }
    },
    {
      "type": "Feature",
      "geometry": {
        "type": "Point",
        "coordinates": [
          23.29196,
          40.65071
        ]
      },
      "properties": {
        "timestamp": "2026-10-07T13:24:49+0000",
        "type": "UNLIMITED-TRACK",
        "battery": "GOOD",
        "spot_id": 2509493038,
        "source": "spot"
      }
    },
    {
      "type": "Feature",
      "geometry": {
        "type": "Point",
        "coordinates": [
          23.30887,
          40.65516
        ]
      },
      "properties": {
        "timestamp": "2026-10-07T13:29:50+0000",
        "type": "UNLIMITED-TRACK",
        "battery": "GOOD",
        "spot_id": 2509495314,
        "source": "spot"
      }
    },
    {
      "type": "Feature",
      "geometry": {
        "type": "Point",
        "coordinates": [
          23.332,
          40.65987
        ]
      },
      "properties": {
        "timestamp": "2026-10-07T13:34:44+0000",
        "type": "UNLIMITED-TRACK",
        "battery": "GOOD",
        "spot_id": 2509499323,
        "source": "spot"
      }
    },
    {
      "type": "Feature",
      "geometry": {
        "type": "Point",
        "coordinates": [
          23.35028,
          40.66021
        ]
      },
      "properties": {
        "timestamp": "2026-10-07T13:39:44+0000",
        "type": "UNLIMITED-TRACK",
        "battery": "GOOD",
        "spot_id": 2509499282,
        "source": "spot"
      }
    },
    {
      "type": "Feature",
      "geometry": {
        "type": "Point",
        "coordinates": [
          23.36653,
          40.65985
        ]
      },
      "properties": {
        "timestamp": "2026-10-07T13:44:40+0000",
        "type": "UNLIMITED-TRACK",
        "battery": "GOOD",
        "spot_id": 2509503553,
        "source": "spot"
      }
    },
    {
      "type": "Feature",
      "geometry": {
        "type": "Point",
        "coordinates": [
          23.38524,
          40.65822
        ]
      },
      "properties": {
        "timestamp": "2026-10-07T13:49:40+0000",
        "type": "UNLIMITED-TRACK",
        "battery": "GOOD",
        "spot_id": 2509503518,
        "source": "spot"
      }
    },
    {
      "type": "Feature",
      "geometry": {
        "type": "Point",
        "coordinates": [
          23.40564,
          40.65593
        ]
      },
      "properties": {
        "timestamp": "2026-10-07T13:54:34+0000",
        "type": "UNLIMITED-TRACK",
        "battery": "GOOD",
        "spot_id": 2509509853,
        "source": "spot"
      }
    },
    {
      "type": "Feature",
      "geometry": {
        "type": "Point",
        "coordinates": [
          23.42255,
          40.6522
        ]
      },
      "properties": {
        "timestamp": "2026-10-07T13:59:34+0000",
        "type": "UNLIMITED-TRACK",
        "battery": "GOOD",
        "spot_id": 2509509852,
        "source": "spot"
      }
    },
    {
      "type": "Feature",
      "geometry": {
        "type": "Point",
        "coordinates": [
          23.44083,
          40.64782
        ]
      },
      "properties": {
        "timestamp": "2026-10-07T14:04:34+0000",
        "type": "UNLIMITED-TRACK",
        "battery": "GOOD",
        "spot_id": 2509509815,
        "source": "spot"
      }
    },
    {
      "type": "Feature",
      "geometry": {
        "type": "Point",
        "coordinates": [
          23.45961,
          40.644
        ]
      },
      "properties": {
        "timestamp": "2026-10-07T14:09:34+0000",
        "type": "UNLIMITED-TRACK",
        "battery": "GOOD",
        "spot_id": 2509512103,
        "source": "spot"
      }
    },
    {
      "type": "Feature",
      "geometry": {
        "type": "Point",
        "coordinates": [
          23.47789,
          40.64025
        ]
      },
      "properties": {
        "timestamp": "2026-10-07T14:14:50+0000",
        "type": "UNLIMITED-TRACK",
        "battery": "GOOD",
        "spot_id": 2509516594,
        "source": "spot"
      }
    },
    {
      "type": "Feature",
      "geometry": {
        "type": "Point",
        "coordinates": [
          23.49609,
          40.63763
        ]
      },
      "properties": {
        "timestamp": "2026-10-07T14:19:50+0000",
        "type": "UNLIMITED-TRACK",
        "battery": "GOOD",
        "spot_id": 2509516540,
        "source": "spot"
      }
    },
    {
      "type": "Feature",
      "geometry": {
        "type": "Point",
        "coordinates": [
          23.51063,
          40.63186
        ]
      },
      "properties": {
        "timestamp": "2026-10-07T14:24:22+0000",
        "type": "UNLIMITED-TRACK",
        "battery": "GOOD",
        "spot_id": 2509520468,
        "source": "spot"
      }
    },
    {
      "type": "Feature",
      "geometry": {
        "type": "Point",
        "coordinates": [
          23.52823,
          40.6292
        ]
      },
      "properties": {
        "timestamp": "2026-10-07T14:29:22+0000",
        "type": "UNLIMITED-TRACK",
        "battery": "GOOD",
        "spot_id": 2509520412,
        "source": "spot"
      }
    },
    {
      "type": "Feature",
      "geometry": {
        "type": "Point",
        "coordinates": [
          23.56082,
          40.63106
        ]
      },
      "properties": {
        "timestamp": "2026-10-07T14:39:12+0000",
        "type": "UNLIMITED-TRACK",
        "battery": "GOOD",
        "spot_id": 2509528041,
        "source": "spot"
      }
    },
    {
      "type": "Feature",
      "geometry": {
        "type": "Point",
        "coordinates": [
          23.57661,
          40.63655
        ]
      },
      "properties": {
        "timestamp": "2026-10-07T14:44:12+0000",
        "type": "UNLIMITED-TRACK",
        "battery": "GOOD",
        "spot_id": 2509528040,
        "source": "spot"
      }
    },
    {
      "type": "Feature",
      "geometry": {
        "type": "Point",
        "coordinates": [
          23.58614,
          40.64011
        ]
      },
      "properties": {
        "timestamp": "2026-10-07T14:49:12+0000",
        "type": "UNLIMITED-TRACK",
        "battery": "GOOD",
        "spot_id": 2509528017,
        "source": "spot"
      }
    },
    {
      "type": "Feature",
      "geometry": {
        "type": "Point",
        "coordinates": [
          23.58632,
          40.64005
        ]
      },
      "properties": {
        "timestamp": "2026-10-07T14:54:09+0000",
        "type": "UNLIMITED-TRACK",
        "battery": "GOOD",
        "spot_id": 2509529638,
        "source": "spot"
      }
    },
    {
      "type": "Feature",
      "geometry": {
        "type": "Point",
        "coordinates": [
          23.58638,
          40.63998
        ]
      },
      "properties": {
        "timestamp": "2026-10-07T15:59:55+0000",
        "type": "CUSTOM",
        "battery": "GOOD",
        "spot_id": 2509557993,
        "source": "spot"
      }
    },
    {
      "type": "Feature",
      "geometry": {
        "type": "Point",
        "coordinates": [
          23.5864,
          40.64019
        ]
      },
      "properties": {
        "timestamp": "2026-10-08T06:02:41+0000",
        "type": "UNLIMITED-TRACK",
        "battery": "GOOD",
        "spot_id": 2509835741,
        "source": "spot"
      }
    },
    {
      "type": "Feature",
      "geometry": {
        "type": "Point",
        "coordinates": [
          23.58752,
          40.6406
        ]
      },
      "properties": {
        "timestamp": "2026-10-08T06:18:30+0000",
        "type": "UNLIMITED-TRACK",
        "battery": "GOOD",
        "spot_id": 2509842473,
        "source": "spot"
      }
    },
    {
      "type": "Feature",
      "geometry": {
        "type": "Point",
        "coordinates": [
          23.60031,
          40.64596
        ]
      },
      "properties": {
        "timestamp": "2026-10-08T06:23:30+0000",
        "type": "UNLIMITED-TRACK",
        "battery": "GOOD",
        "spot_id": 2509842427,
        "source": "spot"
      }
    },
    {
      "type": "Feature",
      "geometry": {
        "type": "Point",
        "coordinates": [
          23.62706,
          40.65871
        ]
      },
      "properties": {
        "timestamp": "2026-10-08T06:34:02+0000",
        "type": "UNLIMITED-TRACK",
        "battery": "GOOD",
        "spot_id": 2509848477,
        "source": "spot"
      }
    },
    {
      "type": "Feature",
      "geometry": {
        "type": "Point",
        "coordinates": [
          23.64337,
          40.66515
        ]
      },
      "properties": {
        "timestamp": "2026-10-08T06:39:02+0000",
        "type": "UNLIMITED-TRACK",
        "battery": "GOOD",
        "spot_id": 2509848475,
        "source": "spot"
      }
    },
    {
      "type": "Feature",
      "geometry": {
        "type": "Point",
        "coordinates": [
          23.66268,
          40.67219
        ]
      },
      "properties": {
        "timestamp": "2026-10-08T06:44:02+0000",
        "type": "UNLIMITED-TRACK",
        "battery": "GOOD",
        "spot_id": 2509848449,
        "source": "spot"
      }
    },
    {
      "type": "Feature",
      "geometry": {
        "type": "Point",
        "coordinates": [
          23.67406,
          40.68041
        ]
      },
      "properties": {
        "timestamp": "2026-10-08T06:48:23+0000",
        "type": "UNLIMITED-TRACK",
        "battery": "GOOD",
        "spot_id": 2509851294,
        "source": "spot"
      }
    },
    {
      "type": "Feature",
      "geometry": {
        "type": "Point",
        "coordinates": [
          23.68264,
          40.69105
        ]
      },
      "properties": {
        "timestamp": "2026-10-08T06:53:23+0000",
        "type": "UNLIMITED-TRACK",
        "battery": "GOOD",
        "spot_id": 2509851271,
        "source": "spot"
      }
    },
    {
      "type": "Feature",
      "geometry": {
        "type": "Point",
        "coordinates": [
          23.68348,
          40.6928
        ]
      },
      "properties": {
        "timestamp": "2026-10-08T06:58:18+0000",
        "type": "UNLIMITED-TRACK",
        "battery": "GOOD",
        "spot_id": 2509856474,
        "source": "spot"
      }
    },
    {
      "type": "Feature",
      "geometry": {
        "type": "Point",
        "coordinates": [
          23.68348,
          40.69267
        ]
      },
      "properties": {
        "timestamp": "2026-10-08T07:03:18+0000",
        "type": "UNLIMITED-TRACK",
        "battery": "GOOD",
        "spot_id": 2509856473,
        "source": "spot"
      }
    },
    {
      "type": "Feature",
      "geometry": {
        "type": "Point",
        "coordinates": [
          23.68339,
          40.69267
        ]
      },
      "properties": {
        "timestamp": "2026-10-08T07:08:18+0000",
        "type": "UNLIMITED-TRACK",
        "battery": "GOOD",
        "spot_id": 2509856447,
        "source": "spot"
      }
    },
    {
      "type": "Feature",
      "geometry": {
        "type": "Point",
        "coordinates": [
          23.68249,
          40.69295
        ]
      },
      "properties": {
        "timestamp": "2026-10-08T07:32:39+0000",
        "type": "UNLIMITED-TRACK",
        "battery": "GOOD",
        "spot_id": 2509863603,
        "source": "spot"
      }
    },
    {
      "type": "Feature",
      "geometry": {
        "type": "Point",
        "coordinates": [
          23.68236,
          40.69278
        ]
      },
      "properties": {
        "timestamp": "2026-10-08T07:37:31+0000",
        "type": "UNLIMITED-TRACK",
        "battery": "GOOD",
        "spot_id": 2509867489,
        "source": "spot"
      }
    },
    {
      "type": "Feature",
      "geometry": {
        "type": "Point",
        "coordinates": [
          23.68245,
          40.69274
        ]
      },
      "properties": {
        "timestamp": "2026-10-08T07:42:31+0000",
        "type": "UNLIMITED-TRACK",
        "battery": "GOOD",
        "spot_id": 2509867487,
        "source": "spot"
      }
    },
    {
      "type": "Feature",
      "geometry": {
        "type": "Point",
        "coordinates": [
          23.68236,
          40.6927
        ]
      },
      "properties": {
        "timestamp": "2026-10-08T07:47:31+0000",
        "type": "UNLIMITED-TRACK",
        "battery": "GOOD",
        "spot_id": 2509867457,
        "source": "spot"
      }
    },
    {
      "type": "Feature",
      "geometry": {
        "type": "Point",
        "coordinates": [
          23.68328,
          40.69213
        ]
      },
      "properties": {
        "timestamp": "2026-10-08T08:20:38+0000",
        "type": "UNLIMITED-TRACK",
        "battery": "GOOD",
        "spot_id": 2509879028,
        "source": "spot"
      }
    },
    {
      "type": "Feature",
      "geometry": {
        "type": "Point",
        "coordinates": [
          23.69202,
          40.70267
        ]
      },
      "properties": {
        "timestamp": "2026-10-08T08:25:31+0000",
        "type": "UNLIMITED-TRACK",
        "battery": "GOOD",
        "spot_id": 2509884197,
        "source": "spot"
      }
    },
    {
      "type": "Feature",
      "geometry": {
        "type": "Point",
        "coordinates": [
          23.70172,
          40.71285
        ]
      },
      "properties": {
        "timestamp": "2026-10-08T08:30:30+0000",
        "type": "UNLIMITED-TRACK",
        "battery": "GOOD",
        "spot_id": 2509882378,
        "source": "spot"
      }
    },
    {
      "type": "Feature",
      "geometry": {
        "type": "Point",
        "coordinates": [
          23.70541,
          40.71756
        ]
      },
      "properties": {
        "timestamp": "2026-10-08T08:35:31+0000",
        "type": "UNLIMITED-TRACK",
        "battery": "GOOD",
        "spot_id": 2509884168,
        "source": "spot"
      }
    },
    {
      "type": "Feature",
      "geometry": {
        "type": "Point",
        "coordinates": [
          23.70534,
          40.71758
        ]
      },
      "properties": {
        "timestamp": "2026-10-08T08:40:28+0000",
        "type": "UNLIMITED-TRACK",
        "battery": "GOOD",
        "spot_id": 2509885633,
        "source": "spot"
      }
    },
    {
      "type": "Feature",
      "geometry": {
        "type": "Point",
        "coordinates": [
          23.70543,
          40.7177
        ]
      },
      "properties": {
        "timestamp": "2026-10-08T08:45:53+0000",
        "type": "UNLIMITED-TRACK",
        "battery": "GOOD",
        "spot_id": 2509887654,
        "source": "spot"
      }
    },
    {
      "type": "Feature",
      "geometry": {
        "type": "Point",
        "coordinates": [
          23.70841,
          40.72447
        ]
      },
      "properties": {
        "timestamp": "2026-10-08T08:50:21+0000",
        "type": "UNLIMITED-TRACK",
        "battery": "GOOD",
        "spot_id": 2509889004,
        "source": "spot"
      }
    },
    {
      "type": "Feature",
      "geometry": {
        "type": "Point",
        "coordinates": [
          23.71695,
          40.73638
        ]
      },
      "properties": {
        "timestamp": "2026-10-08T08:55:18+0000",
        "type": "UNLIMITED-TRACK",
        "battery": "GOOD",
        "spot_id": 2509890643,
        "source": "spot"
      }
    },
    {
      "type": "Feature",
      "geometry": {
        "type": "Point",
        "coordinates": [
          23.72854,
          40.74817
        ]
      },
      "properties": {
        "timestamp": "2026-10-08T09:00:11+0000",
        "type": "UNLIMITED-TRACK",
        "battery": "GOOD",
        "spot_id": 2509895074,
        "source": "spot"
      }
    },
    {
      "type": "Feature",
      "geometry": {
        "type": "Point",
        "coordinates": [
          23.74296,
          40.75748
        ]
      },
      "properties": {
        "timestamp": "2026-10-08T09:05:11+0000",
        "type": "UNLIMITED-TRACK",
        "battery": "GOOD",
        "spot_id": 2509895072,
        "source": "spot"
      }
    },
    {
      "type": "Feature",
      "geometry": {
        "type": "Point",
        "coordinates": [
          23.76201,
          40.75705
        ]
      },
      "properties": {
        "timestamp": "2026-10-08T09:10:11+0000",
        "type": "UNLIMITED-TRACK",
        "battery": "GOOD",
        "spot_id": 2509895001,
        "source": "spot"
      }
    },
    {
      "type": "Feature",
      "geometry": {
        "type": "Point",
        "coordinates": [
          23.83289,
          40.78561
        ]
      },
      "properties": {
        "timestamp": "2026-10-08T09:35:21+0000",
        "type": "UNLIMITED-TRACK",
        "battery": "GOOD",
        "spot_id": 2509905009,
        "source": "spot"
      }
    },
    {
      "type": "Feature",
      "geometry": {
        "type": "Point",
        "coordinates": [
          23.84585,
          40.79514
        ]
      },
      "properties": {
        "timestamp": "2026-10-08T09:40:21+0000",
        "type": "UNLIMITED-TRACK",
        "battery": "GOOD",
        "spot_id": 2509905007,
        "source": "spot"
      }
    },
    {
      "type": "Feature",
      "geometry": {
        "type": "Point",
        "coordinates": [
          23.84396,
          40.80317
        ]
      },
      "properties": {
        "timestamp": "2026-10-08T09:45:21+0000",
        "type": "UNLIMITED-TRACK",
        "battery": "GOOD",
        "spot_id": 2509904965,
        "source": "spot"
      }
    },
    {
      "type": "Feature",
      "geometry": {
        "type": "Point",
        "coordinates": [
          23.86009,
          40.80941
        ]
      },
      "properties": {
        "timestamp": "2026-10-08T09:54:52+0000",
        "type": "UNLIMITED-TRACK",
        "battery": "GOOD",
        "spot_id": 2509910286,
        "source": "spot"
      }
    },
    {
      "type": "Feature",
      "geometry": {
        "type": "Point",
        "coordinates": [
          23.87417,
          40.7995
        ]
      },
      "properties": {
        "timestamp": "2026-10-08T09:59:52+0000",
        "type": "UNLIMITED-TRACK",
        "battery": "GOOD",
        "spot_id": 2509910285,
        "source": "spot"
      }
    },
    {
      "type": "Feature",
      "geometry": {
        "type": "Point",
        "coordinates": [
          23.8861,
          40.78838
        ]
      },
      "properties": {
        "timestamp": "2026-10-08T10:04:52+0000",
        "type": "UNLIMITED-TRACK",
        "battery": "GOOD",
        "spot_id": 2509910265,
        "source": "spot"
      }
    },
    {
      "type": "Feature",
      "geometry": {
        "type": "Point",
        "coordinates": [
          23.89322,
          40.7814
        ]
      },
      "properties": {
        "timestamp": "2026-10-08T10:09:51+0000",
        "type": "UNLIMITED-TRACK",
        "battery": "GOOD",
        "spot_id": 2509911528,
        "source": "spot"
      }
    },
    {
      "type": "Feature",
      "geometry": {
        "type": "Point",
        "coordinates": [
          23.90037,
          40.78739
        ]
      },
      "properties": {
        "timestamp": "2026-10-08T10:29:39+0000",
        "type": "UNLIMITED-TRACK",
        "battery": "GOOD",
        "spot_id": 2509920633,
        "source": "spot"
      }
    },
    {
      "type": "Feature",
      "geometry": {
        "type": "Point",
        "coordinates": [
          23.90595,
          40.78361
        ]
      },
      "properties": {
        "timestamp": "2026-10-08T10:34:39+0000",
        "type": "UNLIMITED-TRACK",
        "battery": "GOOD",
        "spot_id": 2509920632,
        "source": "spot"
      }
    },
    {
      "type": "Feature",
      "geometry": {
        "type": "Point",
        "coordinates": [
          23.91393,
          40.78297
        ]
      },
      "properties": {
        "timestamp": "2026-10-08T10:39:39+0000",
        "type": "UNLIMITED-TRACK",
        "battery": "GOOD",
        "spot_id": 2509920603,
        "source": "spot"
      }
    },
    {
      "type": "Feature",
      "geometry": {
        "type": "Point",
        "coordinates": [
          23.92356,
          40.78397
        ]
      },
      "properties": {
        "timestamp": "2026-10-08T10:44:30+0000",
        "type": "UNLIMITED-TRACK",
        "battery": "GOOD",
        "spot_id": 2509925186,
        "source": "spot"
      }
    },
    {
      "type": "Feature",
      "geometry": {
        "type": "Point",
        "coordinates": [
          23.93389,
          40.78948
        ]
      },
      "properties": {
        "timestamp": "2026-10-08T10:49:33+0000",
        "type": "UNLIMITED-TRACK",
        "battery": "GOOD",
        "spot_id": 2509923703,
        "source": "spot"
      }
    },
    {
      "type": "Feature",
      "geometry": {
        "type": "Point",
        "coordinates": [
          23.94039,
          40.79496
        ]
      },
      "properties": {
        "timestamp": "2026-10-08T10:54:30+0000",
        "type": "UNLIMITED-TRACK",
        "battery": "GOOD",
        "spot_id": 2509925147,
        "source": "spot"
      }
    },
    {
      "type": "Feature",
      "geometry": {
        "type": "Point",
        "coordinates": [
          23.95075,
          40.79963
        ]
      },
      "properties": {
        "timestamp": "2026-10-08T10:59:25+0000",
        "type": "UNLIMITED-TRACK",
        "battery": "GOOD",
        "spot_id": 2509928301,
        "source": "spot"
      }
    },
    {
      "type": "Feature",
      "geometry": {
        "type": "Point",
        "coordinates": [
          23.96105,
          40.80315
        ]
      },
      "properties": {
        "timestamp": "2026-10-08T11:04:25+0000",
        "type": "UNLIMITED-TRACK",
        "battery": "GOOD",
        "spot_id": 2509928273,
        "source": "spot"
      }
    },
    {
      "type": "Feature",
      "geometry": {
        "type": "Point",
        "coordinates": [
          23.9997,
          40.81149
        ]
      },
      "properties": {
        "timestamp": "2026-10-08T11:19:18+0000",
        "type": "UNLIMITED-TRACK",
        "battery": "GOOD",
        "spot_id": 2509933056,
        "source": "spot"
      }
    },
    {
      "type": "Feature",
      "geometry": {
        "type": "Point",
        "coordinates": [
          24.02077,
          40.82441
        ]
      },
      "properties": {
        "timestamp": "2026-10-08T11:29:14+0000",
        "type": "UNLIMITED-TRACK",
        "battery": "GOOD",
        "spot_id": 2509936530,
        "source": "spot"
      }
    },
    {
      "type": "Feature",
      "geometry": {
        "type": "Point",
        "coordinates": [
          24.02774,
          40.83257
        ]
      },
      "properties": {
        "timestamp": "2026-10-08T11:49:03+0000",
        "type": "UNLIMITED-TRACK",
        "battery": "GOOD",
        "spot_id": 2509943406,
        "source": "spot"
      }
    },
    {
      "type": "Feature",
      "geometry": {
        "type": "Point",
        "coordinates": [
          24.02895,
          40.83364
        ]
      },
      "properties": {
        "timestamp": "2026-10-08T12:11:39+0000",
        "type": "UNLIMITED-TRACK",
        "battery": "GOOD",
        "spot_id": 2509951686,
        "source": "spot"
      }
    },
    {
      "type": "Feature",
      "geometry": {
        "type": "Point",
        "coordinates": [
          24.04485,
          40.84361
        ]
      },
      "properties": {
        "timestamp": "2026-10-08T12:16:25+0000",
        "type": "UNLIMITED-TRACK",
        "battery": "GOOD",
        "spot_id": 2509957433,
        "source": "spot"
      }
    },
    {
      "type": "Feature",
      "geometry": {
        "type": "Point",
        "coordinates": [
          24.0591,
          40.84902
        ]
      },
      "properties": {
        "timestamp": "2026-10-08T12:21:25+0000",
        "type": "UNLIMITED-TRACK",
        "battery": "GOOD",
        "spot_id": 2509957431,
        "source": "spot"
      }
    },
    {
      "type": "Feature",
      "geometry": {
        "type": "Point",
        "coordinates": [
          24.07506,
          40.85155
        ]
      },
      "properties": {
        "timestamp": "2026-10-08T12:26:25+0000",
        "type": "UNLIMITED-TRACK",
        "battery": "GOOD",
        "spot_id": 2509957401,
        "source": "spot"
      }
    },
    {
      "type": "Feature",
      "geometry": {
        "type": "Point",
        "coordinates": [
          24.14943,
          40.8662
        ]
      },
      "properties": {
        "timestamp": "2026-10-08T12:46:08+0000",
        "type": "UNLIMITED-TRACK",
        "battery": "GOOD",
        "spot_id": 2509969193,
        "source": "spot"
      }
    },
    {
      "type": "Feature",
      "geometry": {
        "type": "Point",
        "coordinates": [
          24.16359,
          40.86955
        ]
      },
      "properties": {
        "timestamp": "2026-10-08T12:51:08+0000",
        "type": "UNLIMITED-TRACK",
        "battery": "GOOD",
        "spot_id": 2509969191,
        "source": "spot"
      }
    },
    {
      "type": "Feature",
      "geometry": {
        "type": "Point",
        "coordinates": [
          24.17758,
          40.87195
        ]
      },
      "properties": {
        "timestamp": "2026-10-08T12:56:08+0000",
        "type": "UNLIMITED-TRACK",
        "battery": "GOOD",
        "spot_id": 2509969142,
        "source": "spot"
      }
    },
    {
      "type": "Feature",
      "geometry": {
        "type": "Point",
        "coordinates": [
          24.18063,
          40.8742
        ]
      },
      "properties": {
        "timestamp": "2026-10-08T13:01:06+0000",
        "type": "UNLIMITED-TRACK",
        "battery": "GOOD",
        "spot_id": 2509971356,
        "source": "spot"
      }
    },
    {
      "type": "Feature",
      "geometry": {
        "type": "Point",
        "coordinates": [
          24.18887,
          40.87798
        ]
      },
      "properties": {
        "timestamp": "2026-10-08T13:06:04+0000",
        "type": "UNLIMITED-TRACK",
        "battery": "GOOD",
        "spot_id": 2509973378,
        "source": "spot"
      }
    },
    {
      "type": "Feature",
      "geometry": {
        "type": "Point",
        "coordinates": [
          24.24324,
          40.89346
        ]
      },
      "properties": {
        "timestamp": "2026-10-08T13:25:54+0000",
        "type": "UNLIMITED-TRACK",
        "battery": "GOOD",
        "spot_id": 2509984805,
        "source": "spot"
      }
    },
    {
      "type": "Feature",
      "geometry": {
        "type": "Point",
        "coordinates": [
          24.25131,
          40.91114
        ]
      },
      "properties": {
        "timestamp": "2026-10-08T13:30:54+0000",
        "type": "UNLIMITED-TRACK",
        "battery": "GOOD",
        "spot_id": 2509984804,
        "source": "spot"
      }
    },
    {
      "type": "Feature",
      "geometry": {
        "type": "Point",
        "coordinates": [
          24.26118,
          40.91809
        ]
      },
      "properties": {
        "timestamp": "2026-10-08T13:35:54+0000",
        "type": "UNLIMITED-TRACK",
        "battery": "GOOD",
        "spot_id": 2509984766,
        "source": "spot"
      }
    },
    {
      "type": "Feature",
      "geometry": {
        "type": "Point",
        "coordinates": [
          24.26324,
          40.92064
        ]
      },
      "properties": {
        "timestamp": "2026-10-08T13:40:53+0000",
        "type": "UNLIMITED-TRACK",
        "battery": "GOOD",
        "spot_id": 2509986482,
        "source": "spot"
      }
    },
    {
      "type": "Feature",
      "geometry": {
        "type": "Point",
        "coordinates": [
          24.26348,
          40.92049
        ]
      },
      "properties": {
        "timestamp": "2026-10-08T13:45:49+0000",
        "type": "UNLIMITED-TRACK",
        "battery": "GOOD",
        "spot_id": 2509990271,
        "source": "spot"
      }
    },
    {
      "type": "Feature",
      "geometry": {
        "type": "Point",
        "coordinates": [
          24.26348,
          40.92053
        ]
      },
      "properties": {
        "timestamp": "2026-10-08T13:50:49+0000",
        "type": "UNLIMITED-TRACK",
        "battery": "GOOD",
        "spot_id": 2509990239,
        "source": "spot"
      }
    },
    {
      "type": "Feature",
      "geometry": {
        "type": "Point",
        "coordinates": [
          24.26315,
          40.91987
        ]
      },
      "properties": {
        "timestamp": "2026-10-08T14:27:59+0000",
        "type": "UNLIMITED-TRACK",
        "battery": "GOOD",
        "spot_id": 2510007547,
        "source": "spot"
      }
    },
    {
      "type": "Feature",
      "geometry": {
        "type": "Point",
        "coordinates": [
          24.27547,
          40.92076
        ]
      },
      "properties": {
        "timestamp": "2026-10-08T14:32:52+0000",
        "type": "UNLIMITED-TRACK",
        "battery": "GOOD",
        "spot_id": 2510011979,
        "source": "spot"
      }
    },
    {
      "type": "Feature",
      "geometry": {
        "type": "Point",
        "coordinates": [
          24.29006,
          40.92411
        ]
      },
      "properties": {
        "timestamp": "2026-10-08T14:37:52+0000",
        "type": "UNLIMITED-TRACK",
        "battery": "GOOD",
        "spot_id": 2510011950,
        "source": "spot"
      }
    },
    {
      "type": "Feature",
      "geometry": {
        "type": "Point",
        "coordinates": [
          24.30416,
          40.93103
        ]
      },
      "properties": {
        "timestamp": "2026-10-08T14:43:19+0000",
        "type": "UNLIMITED-TRACK",
        "battery": "GOOD",
        "spot_id": 2510016444,
        "source": "spot"
      }
    },
    {
      "type": "Feature",
      "geometry": {
        "type": "Point",
        "coordinates": [
          24.32356,
          40.9376
        ]
      },
      "properties": {
        "timestamp": "2026-10-08T14:48:19+0000",
        "type": "UNLIMITED-TRACK",
        "battery": "GOOD",
        "spot_id": 2510016407,
        "source": "spot"
      }
    },
    {
      "type": "Feature",
      "geometry": {
        "type": "Point",
        "coordinates": [
          24.33656,
          40.94341
        ]
      },
      "properties": {
        "timestamp": "2026-10-08T14:52:40+0000",
        "type": "UNLIMITED-TRACK",
        "battery": "GOOD",
        "spot_id": 2510018252,
        "source": "spot"
      }
    },
    {
      "type": "Feature",
      "geometry": {
        "type": "Point",
        "coordinates": [
          24.34105,
          40.94614
        ]
      },
      "properties": {
        "timestamp": "2026-10-08T15:02:36+0000",
        "type": "UNLIMITED-TRACK",
        "battery": "GOOD",
        "spot_id": 2510022328,
        "source": "spot"
      }
    },
    {
      "type": "Feature",
      "geometry": {
        "type": "Point",
        "coordinates": [
          24.34098,
          40.94628
        ]
      },
      "properties": {
        "timestamp": "2026-10-08T15:12:28+0000",
        "type": "CUSTOM",
        "battery": "GOOD",
        "spot_id": 2510026738,
        "source": "spot"
      }
    },
    {
      "type": "Feature",
      "geometry": {
        "type": "Point",
        "coordinates": [
          24.34107,
          40.94646
        ]
      },
      "properties": {
        "timestamp": "2026-10-09T06:30:13+0000",
        "type": "UNLIMITED-TRACK",
        "battery": "GOOD",
        "spot_id": 2510314483,
        "source": "spot"
      }
    },
    {
      "type": "Feature",
      "geometry": {
        "type": "Point",
        "coordinates": [
          24.3412,
          40.94619
        ]
      },
      "properties": {
        "timestamp": "2026-10-09T06:35:11+0000",
        "type": "UNLIMITED-TRACK",
        "battery": "GOOD",
        "spot_id": 2510315365,
        "source": "spot"
      }
    },
    {
      "type": "Feature",
      "geometry": {
        "type": "Point",
        "coordinates": [
          24.34765,
          40.94909
        ]
      },
      "properties": {
        "timestamp": "2026-10-09T06:40:02+0000",
        "type": "UNLIMITED-TRACK",
        "battery": "GOOD",
        "spot_id": 2510318258,
        "source": "spot"
      }
    },
    {
      "type": "Feature",
      "geometry": {
        "type": "Point",
        "coordinates": [
          24.3592,
          40.95031
        ]
      },
      "properties": {
        "timestamp": "2026-10-09T06:45:04+0000",
        "type": "UNLIMITED-TRACK",
        "battery": "GOOD",
        "spot_id": 2510317208,
        "source": "spot"
      }
    },
    {
      "type": "Feature",
      "geometry": {
        "type": "Point",
        "coordinates": [
          24.3692,
          40.95063
        ]
      },
      "properties": {
        "timestamp": "2026-10-09T06:50:02+0000",
        "type": "UNLIMITED-TRACK",
        "battery": "GOOD",
        "spot_id": 2510318230,
        "source": "spot"
      }
    },
    {
      "type": "Feature",
      "geometry": {
        "type": "Point",
        "coordinates": [
          24.38156,
          40.94168
        ]
      },
      "properties": {
        "timestamp": "2026-10-09T07:04:59+0000",
        "type": "UNLIMITED-TRACK",
        "battery": "GOOD",
        "spot_id": 2510323208,
        "source": "spot"
      }
    },
    {
      "type": "Feature",
      "geometry": {
        "type": "Point",
        "coordinates": [
          24.38302,
          40.94056
        ]
      },
      "properties": {
        "timestamp": "2026-10-09T07:09:59+0000",
        "type": "UNLIMITED-TRACK",
        "battery": "GOOD",
        "spot_id": 2510323205,
        "source": "spot"
      }
    },
    {
      "type": "Feature",
      "geometry": {
        "type": "Point",
        "coordinates": [
          24.38345,
          40.94069
        ]
      },
      "properties": {
        "timestamp": "2026-10-09T07:14:59+0000",
        "type": "UNLIMITED-TRACK",
        "battery": "GOOD",
        "spot_id": 2510323167,
        "source": "spot"
      }
    },
    {
      "type": "Feature",
      "geometry": {
        "type": "Point",
        "coordinates": [
          24.38338,
          40.94224
        ]
      },
      "properties": {
        "timestamp": "2026-10-09T07:38:56+0000",
        "type": "UNLIMITED-TRACK",
        "battery": "GOOD",
        "spot_id": 2510328067,
        "source": "spot"
      }
    },
    {
      "type": "Feature",
      "geometry": {
        "type": "Point",
        "coordinates": [
          24.4007,
          40.93531
        ]
      },
      "properties": {
        "timestamp": "2026-10-09T07:43:53+0000",
        "type": "UNLIMITED-TRACK",
        "battery": "GOOD",
        "spot_id": 2510329100,
        "source": "spot"
      }
    },
    {
      "type": "Feature",
      "geometry": {
        "type": "Point",
        "coordinates": [
          24.41207,
          40.93568
        ]
      },
      "properties": {
        "timestamp": "2026-10-09T07:48:44+0000",
        "type": "UNLIMITED-TRACK",
        "battery": "GOOD",
        "spot_id": 2510332383,
        "source": "spot"
      }
    },
    {
      "type": "Feature",
      "geometry": {
        "type": "Point",
        "coordinates": [
          24.42014,
          40.93688
        ]
      },
      "properties": {
        "timestamp": "2026-10-09T07:53:44+0000",
        "type": "UNLIMITED-TRACK",
        "battery": "GOOD",
        "spot_id": 2510332382,
        "source": "spot"
      }
    },
    {
      "type": "Feature",
      "geometry": {
        "type": "Point",
        "coordinates": [
          24.42203,
          40.94207
        ]
      },
      "properties": {
        "timestamp": "2026-10-09T07:58:44+0000",
        "type": "UNLIMITED-TRACK",
        "battery": "GOOD",
        "spot_id": 2510332352,
        "source": "spot"
      }
    },
    {
      "type": "Feature",
      "geometry": {
        "type": "Point",
        "coordinates": [
          24.43864,
          40.94684
        ]
      },
      "properties": {
        "timestamp": "2026-10-09T09:34:38+0000",
        "type": "UNLIMITED-TRACK",
        "battery": "GOOD",
        "spot_id": 2510356417,
        "source": "spot"
      }
    },
    {
      "type": "Feature",
      "geometry": {
        "type": "Point",
        "coordinates": [
          24.44917,
          40.94813
        ]
      },
      "properties": {
        "timestamp": "2026-10-09T09:39:37+0000",
        "type": "UNLIMITED-TRACK",
        "battery": "GOOD",
        "spot_id": 2510357778,
        "source": "spot"
      }
    },
    {
      "type": "Feature",
      "geometry": {
        "type": "Point",
        "coordinates": [
          24.4729,
          40.96041
        ]
      },
      "properties": {
        "timestamp": "2026-10-09T09:49:33+0000",
        "type": "UNLIMITED-TRACK",
        "battery": "GOOD",
        "spot_id": 2510360496,
        "source": "spot"
      }
    },
    {
      "type": "Feature",
      "geometry": {
        "type": "Point",
        "coordinates": [
          24.49157,
          40.96622
        ]
      },
      "properties": {
        "timestamp": "2026-10-09T09:54:28+0000",
        "type": "UNLIMITED-TRACK",
        "battery": "GOOD",
        "spot_id": 2510364649,
        "source": "spot"
      }
    },
    {
      "type": "Feature",
      "geometry": {
        "type": "Point",
        "coordinates": [
          24.50625,
          40.96339
        ]
      },
      "properties": {
        "timestamp": "2026-10-09T09:59:28+0000",
        "type": "UNLIMITED-TRACK",
        "battery": "GOOD",
        "spot_id": 2510364648,
        "source": "spot"
      }
    },
    {
      "type": "Feature",
      "geometry": {
        "type": "Point",
        "coordinates": [
          24.50625,
          40.96348
        ]
      },
      "properties": {
        "timestamp": "2026-10-09T10:04:28+0000",
        "type": "UNLIMITED-TRACK",
        "battery": "GOOD",
        "spot_id": 2510364627,
        "source": "spot"
      }
    },
    {
      "type": "Feature",
      "geometry": {
        "type": "Point",
        "coordinates": [
          24.50619,
          40.96347
        ]
      },
      "properties": {
        "timestamp": "2026-10-09T10:09:26+0000",
        "type": "UNLIMITED-TRACK",
        "battery": "GOOD",
        "spot_id": 2510366222,
        "source": "spot"
      }
    },
    {
      "type": "Feature",
      "geometry": {
        "type": "Point",
        "coordinates": [
          24.50947,
          40.96329
        ]
      },
      "properties": {
        "timestamp": "2026-10-09T10:58:57+0000",
        "type": "UNLIMITED-TRACK",
        "battery": "GOOD",
        "spot_id": 2510384099,
        "source": "spot"
      }
    },
    {
      "type": "Feature",
      "geometry": {
        "type": "Point",
        "coordinates": [
          24.5093,
          40.96329
        ]
      },
      "properties": {
        "timestamp": "2026-10-09T11:03:57+0000",
        "type": "UNLIMITED-TRACK",
        "battery": "GOOD",
        "spot_id": 2510384097,
        "source": "spot"
      }
    },
    {
      "type": "Feature",
      "geometry": {
        "type": "Point",
        "coordinates": [
          24.51994,
          40.96157
        ]
      },
      "properties": {
        "timestamp": "2026-10-09T11:08:57+0000",
        "type": "UNLIMITED-TRACK",
        "battery": "GOOD",
        "spot_id": 2510384053,
        "source": "spot"
      }
    },
    {
      "type": "Feature",
      "geometry": {
        "type": "Point",
        "coordinates": [
          24.5347,
          40.96741
        ]
      },
      "properties": {
        "timestamp": "2026-10-09T11:13:56+0000",
        "type": "UNLIMITED-TRACK",
        "battery": "GOOD",
        "spot_id": 2510385903,
        "source": "spot"
      }
    },
    {
      "type": "Feature",
      "geometry": {
        "type": "Point",
        "coordinates": [
          24.55152,
          40.96932
        ]
      },
      "properties": {
        "timestamp": "2026-10-09T11:18:46+0000",
        "type": "UNLIMITED-TRACK",
        "battery": "GOOD",
        "spot_id": 2510391536,
        "source": "spot"
      }
    },
    {
      "type": "Feature",
      "geometry": {
        "type": "Point",
        "coordinates": [
          24.56972,
          40.96919
        ]
      },
      "properties": {
        "timestamp": "2026-10-09T11:23:46+0000",
        "type": "UNLIMITED-TRACK",
        "battery": "GOOD",
        "spot_id": 2510391535,
        "source": "spot"
      }
    },
    {
      "type": "Feature",
      "geometry": {
        "type": "Point",
        "coordinates": [
          24.58852,
          40.97095
        ]
      },
      "properties": {
        "timestamp": "2026-10-09T11:28:46+0000",
        "type": "UNLIMITED-TRACK",
        "battery": "GOOD",
        "spot_id": 2510391495,
        "source": "spot"
      }
    },
    {
      "type": "Feature",
      "geometry": {
        "type": "Point",
        "coordinates": [
          24.62652,
          40.98308
        ]
      },
      "properties": {
        "timestamp": "2026-10-09T11:38:44+0000",
        "type": "UNLIMITED-TRACK",
        "battery": "GOOD",
        "spot_id": 2510395127,
        "source": "spot"
      }
    },
    {
      "type": "Feature",
      "geometry": {
        "type": "Point",
        "coordinates": [
          24.63998,
          40.98972
        ]
      },
      "properties": {
        "timestamp": "2026-10-09T11:43:37+0000",
        "type": "UNLIMITED-TRACK",
        "battery": "GOOD",
        "spot_id": 2510398957,
        "source": "spot"
      }
    },
    {
      "type": "Feature",
      "geometry": {
        "type": "Point",
        "coordinates": [
          24.65886,
          40.9947
        ]
      },
      "properties": {
        "timestamp": "2026-10-09T11:48:37+0000",
        "type": "UNLIMITED-TRACK",
        "battery": "GOOD",
        "spot_id": 2510398913,
        "source": "spot"
      }
    },
    {
      "type": "Feature",
      "geometry": {
        "type": "Point",
        "coordinates": [
          24.67587,
          40.99863
        ]
      },
      "properties": {
        "timestamp": "2026-10-09T11:53:37+0000",
        "type": "UNLIMITED-TRACK",
        "battery": "GOOD",
        "spot_id": 2510403126,
        "source": "spot"
      }
    },
    {
      "type": "Feature",
      "geometry": {
        "type": "Point",
        "coordinates": [
          24.69046,
          40.99112
        ]
      },
      "properties": {
        "timestamp": "2026-10-09T11:58:37+0000",
        "type": "UNLIMITED-TRACK",
        "battery": "GOOD",
        "spot_id": 2510403081,
        "source": "spot"
      }
    },
    {
      "type": "Feature",
      "geometry": {
        "type": "Point",
        "coordinates": [
          24.70211,
          40.98462
        ]
      },
      "properties": {
        "timestamp": "2026-10-09T12:03:34+0000",
        "type": "UNLIMITED-TRACK",
        "battery": "GOOD",
        "spot_id": 2510404936,
        "source": "spot"
      }
    },
    {
      "type": "Feature",
      "geometry": {
        "type": "Point",
        "coordinates": [
          24.70199,
          40.98464
        ]
      },
      "properties": {
        "timestamp": "2026-10-09T12:08:32+0000",
        "type": "UNLIMITED-TRACK",
        "battery": "GOOD",
        "spot_id": 2510406904,
        "source": "spot"
      }
    },
    {
      "type": "Feature",
      "geometry": {
        "type": "Point",
        "coordinates": [
          24.69889,
          40.9861
        ]
      },
      "properties": {
        "timestamp": "2026-10-09T12:13:27+0000",
        "type": "UNLIMITED-TRACK",
        "battery": "GOOD",
        "spot_id": 2510410603,
        "source": "spot"
      }
    },
    {
      "type": "Feature",
      "geometry": {
        "type": "Point",
        "coordinates": [
          24.69589,
          40.98803
        ]
      },
      "properties": {
        "timestamp": "2026-10-09T12:18:27+0000",
        "type": "UNLIMITED-TRACK",
        "battery": "GOOD",
        "spot_id": 2510410564,
        "source": "spot"
      }
    },
    {
      "type": "Feature",
      "geometry": {
        "type": "Point",
        "coordinates": [
          24.69362,
          40.98949
        ]
      },
      "properties": {
        "timestamp": "2026-10-09T12:23:24+0000",
        "type": "UNLIMITED-TRACK",
        "battery": "GOOD",
        "spot_id": 2510412252,
        "source": "spot"
      }
    },
    {
      "type": "Feature",
      "geometry": {
        "type": "Point",
        "coordinates": [
          24.693,
          40.98965
        ]
      },
      "properties": {
        "timestamp": "2026-10-09T12:28:21+0000",
        "type": "UNLIMITED-TRACK",
        "battery": "GOOD",
        "spot_id": 2510414188,
        "source": "spot"
      }
    },
    {
      "type": "Feature",
      "geometry": {
        "type": "Point",
        "coordinates": [
          24.69287,
          40.98942
        ]
      },
      "properties": {
        "timestamp": "2026-10-09T12:33:19+0000",
        "type": "UNLIMITED-TRACK",
        "battery": "GOOD",
        "spot_id": 2510416059,
        "source": "spot"
      }
    },
    {
      "type": "Feature",
      "geometry": {
        "type": "Point",
        "coordinates": [
          24.69177,
          40.99032
        ]
      },
      "properties": {
        "timestamp": "2026-10-09T12:50:50+0000",
        "type": "UNLIMITED-TRACK",
        "battery": "GOOD",
        "spot_id": 2510425390,
        "source": "spot"
      }
    },
    {
      "type": "Feature",
      "geometry": {
        "type": "Point",
        "coordinates": [
          24.68731,
          41.00041
        ]
      },
      "properties": {
        "timestamp": "2026-10-09T12:55:50+0000",
        "type": "UNLIMITED-TRACK",
        "battery": "GOOD",
        "spot_id": 2510425344,
        "source": "spot"
      }
    },
    {
      "type": "Feature",
      "geometry": {
        "type": "Point",
        "coordinates": [
          24.70196,
          41.02207
        ]
      },
      "properties": {
        "timestamp": "2026-10-09T13:10:14+0000",
        "type": "UNLIMITED-TRACK",
        "battery": "GOOD",
        "spot_id": 2510435513,
        "source": "spot"
      }
    },
    {
      "type": "Feature",
      "geometry": {
        "type": "Point",
        "coordinates": [
          24.7193,
          41.02675
        ]
      },
      "properties": {
        "timestamp": "2026-10-09T13:15:14+0000",
        "type": "UNLIMITED-TRACK",
        "battery": "GOOD",
        "spot_id": 2510435511,
        "source": "spot"
      }
    },
    {
      "type": "Feature",
      "geometry": {
        "type": "Point",
        "coordinates": [
          24.72205,
          41.03898
        ]
      },
      "properties": {
        "timestamp": "2026-10-09T13:20:14+0000",
        "type": "UNLIMITED-TRACK",
        "battery": "GOOD",
        "spot_id": 2510435455,
        "source": "spot"
      }
    },
    {
      "type": "Feature",
      "geometry": {
        "type": "Point",
        "coordinates": [
          24.74495,
          41.05955
        ]
      },
      "properties": {
        "timestamp": "2026-10-09T13:30:05+0000",
        "type": "UNLIMITED-TRACK",
        "battery": "GOOD",
        "spot_id": 2510444841,
        "source": "spot"
      }
    },
    {
      "type": "Feature",
      "geometry": {
        "type": "Point",
        "coordinates": [
          24.75465,
          41.07358
        ]
      },
      "properties": {
        "timestamp": "2026-10-09T13:35:05+0000",
        "type": "UNLIMITED-TRACK",
        "battery": "GOOD",
        "spot_id": 2510444840,
        "source": "spot"
      }
    },
    {
      "type": "Feature",
      "geometry": {
        "type": "Point",
        "coordinates": [
          24.76469,
          41.08577
        ]
      },
      "properties": {
        "timestamp": "2026-10-09T13:40:05+0000",
        "type": "UNLIMITED-TRACK",
        "battery": "GOOD",
        "spot_id": 2510444784,
        "source": "spot"
      }
    },
    {
      "type": "Feature",
      "geometry": {
        "type": "Point",
        "coordinates": [
          24.7781,
          41.08101
        ]
      },
      "properties": {
        "timestamp": "2026-10-09T13:45:00+0000",
        "type": "UNLIMITED-TRACK",
        "battery": "GOOD",
        "spot_id": 2510446993,
        "source": "spot"
      }
    },
    {
      "type": "Feature",
      "geometry": {
        "type": "Point",
        "coordinates": [
          24.76674,
          41.01745
        ]
      },
      "properties": {
        "timestamp": "2026-10-09T14:09:51+0000",
        "type": "UNLIMITED-TRACK",
        "battery": "GOOD",
        "spot_id": 2510462317,
        "source": "spot"
      }
    },
    {
      "type": "Feature",
      "geometry": {
        "type": "Point",
        "coordinates": [
          24.76657,
          41.01685
        ]
      },
      "properties": {
        "timestamp": "2026-10-09T14:14:51+0000",
        "type": "UNLIMITED-TRACK",
        "battery": "GOOD",
        "spot_id": 2510462316,
        "source": "spot"
      }
    },
    {
      "type": "Feature",
      "geometry": {
        "type": "Point",
        "coordinates": [
          24.76657,
          41.01685
        ]
      },
      "properties": {
        "timestamp": "2026-10-09T14:19:51+0000",
        "type": "UNLIMITED-TRACK",
        "battery": "GOOD",
        "spot_id": 2510462265,
        "source": "spot"
      }
    },
    {
      "type": "Feature",
      "geometry": {
        "type": "Point",
        "coordinates": [
          24.76672,
          41.01743
        ]
      },
      "properties": {
        "timestamp": "2026-10-09T14:20:19+0000",
        "type": "OK",
        "battery": "GOOD",
        "spot_id": 2510462506,
        "source": "spot"
      }
    },
    {
      "type": "Feature",
      "geometry": {
        "type": "Point",
        "coordinates": [
          24.76692,
          41.01695
        ]
      },
      "properties": {
        "timestamp": "2026-10-10T06:53:01+0000",
        "type": "UNLIMITED-TRACK",
        "battery": "GOOD",
        "spot_id": 2510808352,
        "source": "spot"
      }
    },
    {
      "type": "Feature",
      "geometry": {
        "type": "Point",
        "coordinates": [
          24.80011,
          41.07461
        ]
      },
      "properties": {
        "timestamp": "2026-10-10T07:43:11+0000",
        "type": "UNLIMITED-TRACK",
        "battery": "GOOD",
        "spot_id": 2510819710,
        "source": "spot"
      }
    },
    {
      "type": "Feature",
      "geometry": {
        "type": "Point",
        "coordinates": [
          24.81548,
          41.07597
        ]
      },
      "properties": {
        "timestamp": "2026-10-10T07:48:10+0000",
        "type": "UNLIMITED-TRACK",
        "battery": "GOOD",
        "spot_id": 2510821151,
        "source": "spot"
      }
    },
    {
      "type": "Feature",
      "geometry": {
        "type": "Point",
        "coordinates": [
          24.82932,
          41.08134
        ]
      },
      "properties": {
        "timestamp": "2026-10-10T07:53:03+0000",
        "type": "UNLIMITED-TRACK",
        "battery": "GOOD",
        "spot_id": 2510825286,
        "source": "spot"
      }
    },
    {
      "type": "Feature",
      "geometry": {
        "type": "Point",
        "coordinates": [
          24.84374,
          41.08593
        ]
      },
      "properties": {
        "timestamp": "2026-10-10T07:58:03+0000",
        "type": "UNLIMITED-TRACK",
        "battery": "GOOD",
        "spot_id": 2510825283,
        "source": "spot"
      }
    },
    {
      "type": "Feature",
      "geometry": {
        "type": "Point",
        "coordinates": [
          24.85644,
          41.0964
        ]
      },
      "properties": {
        "timestamp": "2026-10-10T08:03:03+0000",
        "type": "UNLIMITED-TRACK",
        "battery": "GOOD",
        "spot_id": 2510825245,
        "source": "spot"
      }
    },
    {
      "type": "Feature",
      "geometry": {
        "type": "Point",
        "coordinates": [
          24.86683,
          41.1068
        ]
      },
      "properties": {
        "timestamp": "2026-10-10T08:08:00+0000",
        "type": "UNLIMITED-TRACK",
        "battery": "GOOD",
        "spot_id": 2510826623,
        "source": "spot"
      }
    },
    {
      "type": "Feature",
      "geometry": {
        "type": "Point",
        "coordinates": [
          24.87498,
          41.11803
        ]
      },
      "properties": {
        "timestamp": "2026-10-10T08:12:55+0000",
        "type": "UNLIMITED-TRACK",
        "battery": "GOOD",
        "spot_id": 2510827874,
        "source": "spot"
      }
    },
    {
      "type": "Feature",
      "geometry": {
        "type": "Point",
        "coordinates": [
          24.88424,
          41.12683
        ]
      },
      "properties": {
        "timestamp": "2026-10-10T08:17:53+0000",
        "type": "UNLIMITED-TRACK",
        "battery": "GOOD",
        "spot_id": 2510832109,
        "source": "spot"
      }
    },
    {
      "type": "Feature",
      "geometry": {
        "type": "Point",
        "coordinates": [
          24.88321,
          41.12696
        ]
      },
      "properties": {
        "timestamp": "2026-10-10T08:22:53+0000",
        "type": "UNLIMITED-TRACK",
        "battery": "GOOD",
        "spot_id": 2510832108,
        "source": "spot"
      }
    },
    {
      "type": "Feature",
      "geometry": {
        "type": "Point",
        "coordinates": [
          24.8833,
          41.12662
        ]
      },
      "properties": {
        "timestamp": "2026-10-10T08:27:53+0000",
        "type": "UNLIMITED-TRACK",
        "battery": "GOOD",
        "spot_id": 2510832085,
        "source": "spot"
      }
    },
    {
      "type": "Feature",
      "geometry": {
        "type": "Point",
        "coordinates": [
          24.88324,
          41.12643
        ]
      },
      "properties": {
        "timestamp": "2026-10-10T08:32:52+0000",
        "type": "UNLIMITED-TRACK",
        "battery": "GOOD",
        "spot_id": 2510833473,
        "source": "spot"
      }
    }
  ]
}