<?xml version="1.0" encoding="UTF-8"?><gpx version="1.1" creator="GPX Zone App" xmlns="http://www.topografix.com/GPX/1/1" xmlns:gpxtpx="http://www.garmin.com/xmlschemas/TrackPointExtension/v1"><metadata><name>#21</name><desc>Combined from 3 files</desc><time>2026-09-23T09:53:52.672Z</time></metadata><trk><name>Combined GPX</name><trkseg><trkpt lat="42.269586" lon="22.703335"><ele>605</ele><time>2026-09-22T06:50:34.000Z</time><extensions><gpxtpx:TrackPointExtension xmlns:gpxtpx="http://www.garmin.com/xmlschemas/TrackPointExtension/v1"><gpxtpx:atemp>16</gpxtpx:atemp></gpxtpx:TrackPointExtension></extensions></trkpt><trkpt lat="42.268164" lon="22.703168"><ele>599.8</ele><time>2026-09-22T06:51:02.000Z</time><extensions><gpxtpx:TrackPointExtension xmlns:gpxtpx="http://www.garmin.com/xmlschemas/TrackPointExtension/v1"><gpxtpx:atemp>16</gpxtpx:atemp></gpxtpx:TrackPointExtension></extensions></trkpt><trkpt lat="42.267933" lon="22.703133"><ele>598.6</ele><time>2026-09-22T06:51:05.000Z</time><extensions><gpxtpx:TrackPointExtension xmlns:gpxtpx="http://www.garmin.com/xmlschemas/TrackPointExtension/v1"><gpxtpx:atemp>16</gpxtpx:atemp></gpxtpx:TrackPointExtension></extensions></trkpt><trkpt lat="42.267633" lon="22.703061"><ele>596.2</ele><time>2026-09-22T06:51:09.000Z</time><extensions><gpxtpx:TrackPointExtension xmlns:gpxtpx="http://www.garmin.com/xmlschemas/TrackPointExtension/v1"><gpxtpx:atemp>16</gpxtpx:atemp></gpxtpx:TrackPointExtension></extensions></trkpt><trkpt lat="42.267385" lon="22.702979"><ele>594.2</ele><time>2026-09-22T06:51:13.000Z</time><extensions><gpxtpx:TrackPointExtension xmlns:gpxtpx="http://www.garmin.com/xmlschemas/TrackPointExtension/v1"><gpxtpx:atemp>16</gpxtpx:atemp></gpxtpx:TrackPointExtension></extensions></trkpt><trkpt lat="42.26719" lon="22.702881"><ele>591.8</ele><time>2026-09-22T06:51:19.000Z</time><extensions><gpxtpx:TrackPointExtension xmlns:gpxtpx="http://www.garmin.com/xmlschemas/TrackPointExtension/v1"><gpxtpx:atemp>16</gpxtpx:atemp></gpxtpx:TrackPointExtension></extensions></trkpt><trkpt lat="42.267071" lon="22.702842"><ele>590.2</ele><time>2026-09-22T06:51:24.000Z</time><extensions><gpxtpx:TrackPointExtension xmlns:gpxtpx="http://www.garmin.com/xmlschemas/TrackPointExtension/v1"><gpxtpx:atemp>16</gpxtpx:atemp></gpxtpx:TrackPointExtension></extensions></trkpt><trkpt lat="42.266793" lon="22.702658"><ele>588.6</ele><time>2026-09-22T06:51:32.000Z</time><extensions><gpxtpx:TrackPointExtension xmlns:gpxtpx="http://www.garmin.com/xmlschemas/TrackPointExtension/v1"><gpxtpx:atemp>16</gpxtpx:atemp></gpxtpx:TrackPointExtension></extensions></trkpt><trkpt lat="42.266385" lon="22.702329"><ele>589</ele><time>2026-09-22T06:51:50.000Z</time><extensions><gpxtpx:TrackPointExtension xmlns:gpxtpx="http://www.garmin.com/xmlschemas/TrackPointExtension/v1"><gpxtpx:atemp>16</gpxtpx:atemp></gpxtpx:TrackPointExtension></extensions></trkpt><trkpt lat="42.266355" lon="22.702335"><ele>589</ele><time>2026-09-22T06:51:52.000Z</time><extensions><gpxtpx:TrackPointExtension xmlns:gpxtpx="http://www.garmin.com/xmlschemas/TrackPointExtension/v1"><gpxtpx:atemp>16</gpxtpx:atemp></gpxtpx:TrackPointExtension></extensions></trkpt><trkpt lat="42.266353" lon="22.702377"><ele>589</ele><time>2026-09-22T06:51:54.000Z</time><extensions><gpxtpx:TrackPointExtension xmlns:gpxtpx="http://www.garmin.com/xmlschemas/TrackPointExtension/v1"><gpxtpx:atemp>16</gpxtpx:atemp></gpxtpx:TrackPointExtension></extensions></trkpt><trkpt lat="42.266365" lon="22.702388"><ele>589</ele><time>2026-09-22T06:51:55.000Z</time><extensions><gpxtpx:TrackPointExtension xmlns:gpxtpx="http://www.garmin.com/xmlschemas/TrackPointExtension/v1"><gpxtpx:atemp>16</gpxtpx:atemp></gpxtpx:TrackPointExtension></extensions></trkpt><trkpt lat="42.266715" lon="22.702635"><ele>588.4</ele><time>2026-09-22T06:52:15.000Z</time><extensions><gpxtpx:TrackPointExtension xmlns:gpxtpx="http://www.garmin.com/xmlschemas/TrackPointExtension/v1"><gpxtpx:atemp>16</gpxtpx:atemp></gpxtpx:TrackPointExtension></extensions></trkpt><trkpt lat="42.266845" lon="22.702749"><ele>588.4</ele><time>2026-09-22T06:52:24.000Z</time><extensions><gpxtpx:TrackPointExtension xmlns:gpxtpx="http://www.garmin.com/xmlschemas/TrackPointExtension/v1"><gpxtpx:atemp>16</gpxtpx:atemp></gpxtpx:TrackPointExtension></extensions></trkpt><trkpt lat="42.266902" lon="22.702765"><ele>588.4</ele><time>2026-09-22T06:57:55.000Z</time><extensions><gpxtpx:TrackPointExtension xmlns:gpxtpx="http://www.garmin.com/xmlschemas/TrackPointExtension/v1"><gpxtpx:atemp>18</gpxtpx:atemp></gpxtpx:TrackPointExtension></extensions></trkpt><trkpt lat="42.266922" lon="22.702803"><ele>588.6</ele><time>2026-09-22T06:57:57.000Z</time><extensions><gpxtpx:TrackPointExtension xmlns:gpxtpx="http://www.garmin.com/xmlschemas/TrackPointExtension/v1"><gpxtpx:atemp>18</gpxtpx:atemp></gpxtpx:TrackPointExtension></extensions></trkpt><trkpt lat="42.266919" lon="22.702842"><ele>588.6</ele><time>2026-09-22T06:57:59.000Z</time><extensions><gpxtpx:TrackPointExtension xmlns:gpxtpx="http://www.garmin.com/xmlschemas/TrackPointExtension/v1"><gpxtpx:atemp>18</gpxtpx:atemp></gpxtpx:TrackPointExtension></extensions></trkpt><trkpt lat="42.2669" lon="22.702867"><ele>588.8</ele><time>2026-09-22T06:58:01.000Z</time><extensions><gpxtpx:TrackPointExtension xmlns:gpxtpx="http://www.garmin.com/xmlschemas/TrackPointExtension/v1"><gpxtpx:atemp>18</gpxtpx:atemp></gpxtpx:TrackPointExtension></extensions></trkpt><trkpt lat="42.266868" lon="22.702866"><ele>588.8</ele><time>2026-09-22T06:58:03.000Z</time><extensions><gpxtpx:TrackPointExtension xmlns:gpxtpx="http://www.garmin.com/xmlschemas/TrackPointExtension/v1"><gpxtpx:atemp>18</gpxtpx:atemp></gpxtpx:TrackPointExtension></extensions></trkpt><trkpt lat="42.26683" lon="22.702851"><ele>588.4</ele><time>2026-09-22T06:58:05.000Z</time><extensions><gpxtpx:TrackPointExtension xmlns:gpxtpx="http://www.garmin.com/xmlschemas/TrackPointExtension/v1"><gpxtpx:atemp>18</gpxtpx:atemp></gpxtpx:TrackPointExtension></extensions></trkpt><trkpt lat="42.266681" lon="22.702707"><ele>587.6</ele><time>2026-09-22T06:58:10.000Z</time><extensions><gpxtpx:TrackPointExtension xmlns:gpxtpx="http://www.garmin.com/xmlschemas/TrackPointExtension/v1"><gpxtpx:atemp>18</gpxtpx:atemp></gpxtpx:TrackPointExtension></extensions></trkpt><trkpt lat="42.266389" lon="22.702558"><ele>585.6</ele><time>2026-09-22T06:58:16.000Z</time><extensions><gpxtpx:TrackPointExtension xmlns:gpxtpx="http://www.garmin.com/xmlschemas/TrackPointExtension/v1"><gpxtpx:atemp>18</gpxtpx:atemp></gpxtpx:TrackPointExtension></extensions></trkpt><trkpt lat="42.265929" lon="22.702397"><ele>582</ele><time>2026-09-22T06:58:24.000Z</time><extensions><gpxtpx:TrackPointExtension xmlns:gpxtpx="http://www.garmin.com/xmlschemas/TrackPointExtension/v1"><gpxtpx:atemp>18</gpxtpx:atemp></gpxtpx:TrackPointExtension></extensions></trkpt><trkpt lat="42.265452" lon="22.702183"><ele>578.8</ele><time>2026-09-22T06:58:32.000Z</time><extensions><gpxtpx:TrackPointExtension xmlns:gpxtpx="http://www.garmin.com/xmlschemas/TrackPointExtension/v1"><gpxtpx:atemp>18</gpxtpx:atemp></gpxtpx:TrackPointExtension></extensions></trkpt><trkpt lat="42.265212" lon="22.702039"><ele>577.2</ele><time>2026-09-22T06:58:36.000Z</time><extensions><gpxtpx:TrackPointExtension xmlns:gpxtpx="http://www.garmin.com/xmlschemas/TrackPointExtension/v1"><gpxtpx:atemp>18</gpxtpx:atemp></gpxtpx:TrackPointExtension></extensions></trkpt><trkpt lat="42.264936" lon="22.701811"><ele>575.4</ele><time>2026-09-22T06:58:41.000Z</time><extensions><gpxtpx:TrackPointExtension xmlns:gpxtpx="http://www.garmin.com/xmlschemas/TrackPointExtension/v1"><gpxtpx:atemp>18</gpxtpx:atemp></gpxtpx:TrackPointExtension></extensions></trkpt><trkpt lat="42.264546" lon="22.701595"><ele>573.2</ele><time>2026-09-22T06:58:48.000Z</time><extensions><gpxtpx:TrackPointExtension xmlns:gpxtpx="http://www.garmin.com/xmlschemas/TrackPointExtension/v1"><gpxtpx:atemp>18</gpxtpx:atemp></gpxtpx:TrackPointExtension></extensions></trkpt><trkpt lat="42.263957" lon="22.701366"><ele>570.6</ele><time>2026-09-22T06:59:00.000Z</time><extensions><gpxtpx:TrackPointExtension xmlns:gpxtpx="http://www.garmin.com/xmlschemas/TrackPointExtension/v1"><gpxtpx:atemp>17</gpxtpx:atemp></gpxtpx:TrackPointExtension></extensions></trkpt><trkpt lat="42.263862" lon="22.701345"><ele>570.2</ele><time>2026-09-22T06:59:02.000Z</time><extensions><gpxtpx:TrackPointExtension xmlns:gpxtpx="http://www.garmin.com/xmlschemas/TrackPointExtension/v1"><gpxtpx:atemp>17</gpxtpx:atemp></gpxtpx:TrackPointExtension></extensions></trkpt><trkpt lat="42.263717" lon="22.701272"><ele>569.4</ele><time>2026-09-22T06:59:06.000Z</time><extensions><gpxtpx:TrackPointExtension xmlns:gpxtpx="http://www.garmin.com/xmlschemas/TrackPointExtension/v1"><gpxtpx:atemp>17</gpxtpx:atemp></gpxtpx:TrackPointExtension></extensions></trkpt><trkpt lat="42.263658" lon="22.701277"><ele>569</ele><time>2026-09-22T06:59:08.000Z</time><extensions><gpxtpx:TrackPointExtension xmlns:gpxtpx="http://www.garmin.com/xmlschemas/TrackPointExtension/v1"><gpxtpx:atemp>17</gpxtpx:atemp></gpxtpx:TrackPointExtension></extensions></trkpt><trkpt lat="42.263638" lon="22.701301"><ele>568.8</ele><time>2026-09-22T06:59:09.000Z</time><extensions><gpxtpx:TrackPointExtension xmlns:gpxtpx="http://www.garmin.com/xmlschemas/TrackPointExtension/v1"><gpxtpx:atemp>17</gpxtpx:atemp></gpxtpx:TrackPointExtension></extensions></trkpt><trkpt lat="42.263636" lon="22.701392"><ele>568.2</ele><time>2026-09-22T06:59:11.000Z</time><extensions><gpxtpx:TrackPointExtension xmlns:gpxtpx="http://www.garmin.com/xmlschemas/TrackPointExtension/v1"><gpxtpx:atemp>17</gpxtpx:atemp></gpxtpx:TrackPointExtension></extensions></trkpt><trkpt lat="42.263747" lon="22.701652"><ele>566.6</ele><time>2026-09-22T06:59:16.000Z</time><extensions><gpxtpx:TrackPointExtension xmlns:gpxtpx="http://www.garmin.com/xmlschemas/TrackPointExtension/v1"><gpxtpx:atemp>17</gpxtpx:atemp></gpxtpx:TrackPointExtension></extensions></trkpt><trkpt lat="42.263809" lon="22.701757"><ele>565.6</ele><time>2026-09-22T06:59:18.000Z</time><extensions><gpxtpx:TrackPointExtension xmlns:gpxtpx="http://www.garmin.com/xmlschemas/TrackPointExtension/v1"><gpxtpx:atemp>17</gpxtpx:atemp></gpxtpx:TrackPointExtension></extensions></trkpt><trkpt lat="42.264225" lon="22.702283"><ele>562</ele><time>2026-09-22T06:59:29.000Z</time><extensions><gpxtpx:TrackPointExtension xmlns:gpxtpx="http://www.garmin.com/xmlschemas/TrackPointExtension/v1"><gpxtpx:atemp>17</gpxtpx:atemp></gpxtpx:TrackPointExtension></extensions></trkpt><trkpt lat="42.264298" lon="22.702463"><ele>561.4</ele><time>2026-09-22T06:59:32.000Z</time><extensions><gpxtpx:TrackPointExtension xmlns:gpxtpx="http://www.garmin.com/xmlschemas/TrackPointExtension/v1"><gpxtpx:atemp>17</gpxtpx:atemp></gpxtpx:TrackPointExtension></extensions></trkpt><trkpt lat="42.264421" lon="22.702843"><ele>559.8</ele><time>2026-09-22T06:59:38.000Z</time><extensions><gpxtpx:TrackPointExtension xmlns:gpxtpx="http://www.garmin.com/xmlschemas/TrackPointExtension/v1"><gpxtpx:atemp>17</gpxtpx:atemp></gpxtpx:TrackPointExtension></extensions></trkpt><trkpt lat="42.264576" lon="22.703118"><ele>558.4</ele><time>2026-09-22T06:59:43.000Z</time><extensions><gpxtpx:TrackPointExtension xmlns:gpxtpx="http://www.garmin.com/xmlschemas/TrackPointExtension/v1"><gpxtpx:atemp>17</gpxtpx:atemp></gpxtpx:TrackPointExtension></extensions></trkpt><trkpt lat="42.264944" lon="22.703619"><ele>556.8</ele><time>2026-09-22T06:59:53.000Z</time><extensions><gpxtpx:TrackPointExtension xmlns:gpxtpx="http://www.garmin.com/xmlschemas/TrackPointExtension/v1"><gpxtpx:atemp>17</gpxtpx:atemp></gpxtpx:TrackPointExtension></extensions></trkpt><trkpt lat="42.26531" lon="22.703981"><ele>555.6</ele><time>2026-09-22T07:00:01.000Z</time><extensions><gpxtpx:TrackPointExtension xmlns:gpxtpx="http://www.garmin.com/xmlschemas/TrackPointExtension/v1"><gpxtpx:atemp>17</gpxtpx:atemp></gpxtpx:TrackPointExtension></extensions></trkpt><trkpt lat="42.265348" lon="22.70404"><ele>555.4</ele><time>2026-09-22T07:00:02.000Z</time><extensions><gpxtpx:TrackPointExtension xmlns:gpxtpx="http://www.garmin.com/xmlschemas/TrackPointExtension/v1"><gpxtpx:atemp>17</gpxtpx:atemp></gpxtpx:TrackPointExtension></extensions></trkpt><trkpt lat="42.265601" lon="22.704557"><ele>554.4</ele><time>2026-09-22T07:00:10.000Z</time><extensions><gpxtpx:TrackPointExtension xmlns:gpxtpx="http://www.garmin.com/xmlschemas/TrackPointExtension/v1"><gpxtpx:atemp>17</gpxtpx:atemp></gpxtpx:TrackPointExtension></extensions></trkpt><trkpt lat="42.265702" lon="22.704807"><ele>553.8</ele><time>2026-09-22T07:00:14.000Z</time><extensions><gpxtpx:TrackPointExtension xmlns:gpxtpx="http://www.garmin.com/xmlschemas/TrackPointExtension/v1"><gpxtpx:atemp>17</gpxtpx:atemp></gpxtpx:TrackPointExtension></extensions></trkpt><trkpt lat="42.265934" lon="22.70518"><ele>553</ele><time>2026-09-22T07:00:22.000Z</time><extensions><gpxtpx:TrackPointExtension xmlns:gpxtpx="http://www.garmin.com/xmlschemas/TrackPointExtension/v1"><gpxtpx:atemp>17</gpxtpx:atemp></gpxtpx:TrackPointExtension></extensions></trkpt><trkpt lat="42.266127" lon="22.705617"><ele>552.2</ele><time>2026-09-22T07:00:31.000Z</time><extensions><gpxtpx:TrackPointExtension xmlns:gpxtpx="http://www.garmin.com/xmlschemas/TrackPointExtension/v1"><gpxtpx:atemp>17</gpxtpx:atemp></gpxtpx:TrackPointExtension></extensions></trkpt><trkpt lat="42.266222" lon="22.705786"><ele>551.8</ele><time>2026-09-22T07:00:34.000Z</time><extensions><gpxtpx:TrackPointExtension xmlns:gpxtpx="http://www.garmin.com/xmlschemas/TrackPointExtension/v1"><gpxtpx:atemp>17</gpxtpx:atemp></gpxtpx:TrackPointExtension></extensions></trkpt><trkpt lat="42.266336" lon="22.705931"><ele>551.6</ele><time>2026-09-22T07:00:37.000Z</time><extensions><gpxtpx:TrackPointExtension xmlns:gpxtpx="http://www.garmin.com/xmlschemas/TrackPointExtension/v1"><gpxtpx:atemp>17</gpxtpx:atemp></gpxtpx:TrackPointExtension></extensions></trkpt><trkpt lat="42.266441" lon="22.706098"><ele>551.4</ele><time>2026-09-22T07:00:40.000Z</time><extensions><gpxtpx:TrackPointExtension xmlns:gpxtpx="http://www.garmin.com/xmlschemas/TrackPointExtension/v1"><gpxtpx:atemp>17</gpxtpx:atemp></gpxtpx:TrackPointExtension></extensions></trkpt><trkpt lat="42.26672" lon="22.706611"><ele>550.4</ele><time>2026-09-22T07:00:51.000Z</time><extensions><gpxtpx:TrackPointExtension xmlns:gpxtpx="http://www.garmin.com/xmlschemas/TrackPointExtension/v1"><gpxtpx:atemp>17</gpxtpx:atemp></gpxtpx:TrackPointExtension></extensions></trkpt><trkpt lat="42.266774" lon="22.706728"><ele>550.2</ele><time>2026-09-22T07:00:53.000Z</time><extensions><gpxtpx:TrackPointExtension xmlns:gpxtpx="http://www.garmin.com/xmlschemas/TrackPointExtension/v1"><gpxtpx:atemp>17</gpxtpx:atemp></gpxtpx:TrackPointExtension></extensions></trkpt><trkpt lat="42.266999" lon="22.70735"><ele>549.2</ele><time>2026-09-22T07:01:02.000Z</time><extensions><gpxtpx:TrackPointExtension xmlns:gpxtpx="http://www.garmin.com/xmlschemas/TrackPointExtension/v1"><gpxtpx:atemp>17</gpxtpx:atemp></gpxtpx:TrackPointExtension></extensions></trkpt><trkpt lat="42.267254" lon="22.707843"><ele>548.2</ele><time>2026-09-22T07:01:10.000Z</time><extensions><gpxtpx:TrackPointExtension xmlns:gpxtpx="http://www.garmin.com/xmlschemas/TrackPointExtension/v1"><gpxtpx:atemp>17</gpxtpx:atemp></gpxtpx:TrackPointExtension></extensions></trkpt><trkpt lat="42.267485" lon="22.708208"><ele>547.4</ele><time>2026-09-22T07:01:16.000Z</time><extensions><gpxtpx:TrackPointExtension xmlns:gpxtpx="http://www.garmin.com/xmlschemas/TrackPointExtension/v1"><gpxtpx:atemp>17</gpxtpx:atemp></gpxtpx:TrackPointExtension></extensions></trkpt><trkpt lat="42.268047" lon="22.709208"><ele>544.8</ele><time>2026-09-22T07:01:31.000Z</time><extensions><gpxtpx:TrackPointExtension xmlns:gpxtpx="http://www.garmin.com/xmlschemas/TrackPointExtension/v1"><gpxtpx:atemp>17</gpxtpx:atemp></gpxtpx:TrackPointExtension></extensions></trkpt><trkpt lat="42.268908" lon="22.710869"><ele>541.6</ele><time>2026-09-22T07:01:57.000Z</time><extensions><gpxtpx:TrackPointExtension xmlns:gpxtpx="http://www.garmin.com/xmlschemas/TrackPointExtension/v1"><gpxtpx:atemp>17</gpxtpx:atemp></gpxtpx:TrackPointExtension></extensions></trkpt><trkpt lat="42.269067" lon="22.711096"><ele>541.2</ele><time>2026-09-22T07:02:01.000Z</time><extensions><gpxtpx:TrackPointExtension xmlns:gpxtpx="http://www.garmin.com/xmlschemas/TrackPointExtension/v1"><gpxtpx:atemp>17</gpxtpx:atemp></gpxtpx:TrackPointExtension></extensions></trkpt><trkpt lat="42.269485" lon="22.711588"><ele>539.8</ele><time>2026-09-22T07:02:10.000Z</time><extensions><gpxtpx:TrackPointExtension xmlns:gpxtpx="http://www.garmin.com/xmlschemas/TrackPointExtension/v1"><gpxtpx:atemp>17</gpxtpx:atemp></gpxtpx:TrackPointExtension></extensions></trkpt><trkpt lat="42.26972" lon="22.711928"><ele>538.8</ele><time>2026-09-22T07:02:16.000Z</time><extensions><gpxtpx:TrackPointExtension xmlns:gpxtpx="http://www.garmin.com/xmlschemas/TrackPointExtension/v1"><gpxtpx:atemp>17</gpxtpx:atemp></gpxtpx:TrackPointExtension></extensions></trkpt><trkpt lat="42.269889" lon="22.712252"><ele>538.2</ele><time>2026-09-22T07:02:21.000Z</time><extensions><gpxtpx:TrackPointExtension xmlns:gpxtpx="http://www.garmin.com/xmlschemas/TrackPointExtension/v1"><gpxtpx:atemp>17</gpxtpx:atemp></gpxtpx:TrackPointExtension></extensions></trkpt><trkpt lat="42.270099" lon="22.712831"><ele>537.2</ele><time>2026-09-22T07:02:29.000Z</time><extensions><gpxtpx:TrackPointExtension xmlns:gpxtpx="http://www.garmin.com/xmlschemas/TrackPointExtension/v1"><gpxtpx:atemp>17</gpxtpx:atemp></gpxtpx:TrackPointExtension></extensions></trkpt><trkpt lat="42.270214" lon="22.713096"><ele>536.6</ele><time>2026-09-22T07:02:33.000Z</time><extensions><gpxtpx:TrackPointExtension xmlns:gpxtpx="http://www.garmin.com/xmlschemas/TrackPointExtension/v1"><gpxtpx:atemp>17</gpxtpx:atemp></gpxtpx:TrackPointExtension></extensions></trkpt><trkpt lat="42.270418" lon="22.713451"><ele>535.8</ele><time>2026-09-22T07:02:39.000Z</time><extensions><gpxtpx:TrackPointExtension xmlns:gpxtpx="http://www.garmin.com/xmlschemas/TrackPointExtension/v1"><gpxtpx:atemp>17</gpxtpx:atemp></gpxtpx:TrackPointExtension></extensions></trkpt><trkpt lat="42.2706" lon="22.713739"><ele>535.2</ele><time>2026-09-22T07:02:44.000Z</time><extensions><gpxtpx:TrackPointExtension xmlns:gpxtpx="http://www.garmin.com/xmlschemas/TrackPointExtension/v1"><gpxtpx:atemp>17</gpxtpx:atemp></gpxtpx:TrackPointExtension></extensions></trkpt><trkpt lat="42.270685" lon="22.713842"><ele>534.8</ele><time>2026-09-22T07:02:46.000Z</time><extensions><gpxtpx:TrackPointExtension xmlns:gpxtpx="http://www.garmin.com/xmlschemas/TrackPointExtension/v1"><gpxtpx:atemp>17</gpxtpx:atemp></gpxtpx:TrackPointExtension></extensions></trkpt><trkpt lat="42.27084" lon="22.713949"><ele>534.4</ele><time>2026-09-22T07:02:49.000Z</time><extensions><gpxtpx:TrackPointExtension xmlns:gpxtpx="http://www.garmin.com/xmlschemas/TrackPointExtension/v1"><gpxtpx:atemp>17</gpxtpx:atemp></gpxtpx:TrackPointExtension></extensions></trkpt><trkpt lat="42.271142" lon="22.714074"><ele>533.8</ele><time>2026-09-22T07:02:55.000Z</time><extensions><gpxtpx:TrackPointExtension xmlns:gpxtpx="http://www.garmin.com/xmlschemas/TrackPointExtension/v1"><gpxtpx:atemp>17</gpxtpx:atemp></gpxtpx:TrackPointExtension></extensions></trkpt><trkpt lat="42.271567" lon="22.714304"><ele>532.8</ele><time>2026-09-22T07:03:03.000Z</time><extensions><gpxtpx:TrackPointExtension xmlns:gpxtpx="http://www.garmin.com/xmlschemas/TrackPointExtension/v1"><gpxtpx:atemp>17</gpxtpx:atemp></gpxtpx:TrackPointExtension></extensions></trkpt><trkpt lat="42.271988" lon="22.714588"><ele>532</ele><time>2026-09-22T07:03:11.000Z</time><extensions><gpxtpx:TrackPointExtension xmlns:gpxtpx="http://www.garmin.com/xmlschemas/TrackPointExtension/v1"><gpxtpx:atemp>17</gpxtpx:atemp></gpxtpx:TrackPointExtension></extensions></trkpt><trkpt lat="42.272818" lon="22.715112"><ele>530.2</ele><time>2026-09-22T07:03:27.000Z</time><extensions><gpxtpx:TrackPointExtension xmlns:gpxtpx="http://www.garmin.com/xmlschemas/TrackPointExtension/v1"><gpxtpx:atemp>17</gpxtpx:atemp></gpxtpx:TrackPointExtension></extensions></trkpt><trkpt lat="42.273025" lon="22.71527"><ele>529.8</ele><time>2026-09-22T07:03:31.000Z</time><extensions><gpxtpx:TrackPointExtension xmlns:gpxtpx="http://www.garmin.com/xmlschemas/TrackPointExtension/v1"><gpxtpx:atemp>17</gpxtpx:atemp></gpxtpx:TrackPointExtension></extensions></trkpt><trkpt lat="42.273548" lon="22.715753"><ele>529</ele><time>2026-09-22T07:03:42.000Z</time><extensions><gpxtpx:TrackPointExtension xmlns:gpxtpx="http://www.garmin.com/xmlschemas/TrackPointExtension/v1"><gpxtpx:atemp>17</gpxtpx:atemp></gpxtpx:TrackPointExtension></extensions></trkpt><trkpt lat="42.273972" lon="22.716181"><ele>527.6</ele><time>2026-09-22T07:03:51.000Z</time><extensions><gpxtpx:TrackPointExtension xmlns:gpxtpx="http://www.garmin.com/xmlschemas/TrackPointExtension/v1"><gpxtpx:atemp>17</gpxtpx:atemp></gpxtpx:TrackPointExtension></extensions></trkpt><trkpt lat="42.274403" lon="22.716585"><ele>526.6</ele><time>2026-09-22T07:04:00.000Z</time><extensions><gpxtpx:TrackPointExtension xmlns:gpxtpx="http://www.garmin.com/xmlschemas/TrackPointExtension/v1"><gpxtpx:atemp>17</gpxtpx:atemp></gpxtpx:TrackPointExtension></extensions></trkpt><trkpt lat="42.276383" lon="22.718391"><ele>522</ele><time>2026-09-22T07:04:41.000Z</time><extensions><gpxtpx:TrackPointExtension xmlns:gpxtpx="http://www.garmin.com/xmlschemas/TrackPointExtension/v1"><gpxtpx:atemp>16</gpxtpx:atemp></gpxtpx:TrackPointExtension></extensions></trkpt><trkpt lat="42.279641" lon="22.72128"><ele>514.2</ele><time>2026-09-22T07:05:47.000Z</time><extensions><gpxtpx:TrackPointExtension xmlns:gpxtpx="http://www.garmin.com/xmlschemas/TrackPointExtension/v1"><gpxtpx:atemp>16</gpxtpx:atemp></gpxtpx:TrackPointExtension></extensions></trkpt><trkpt lat="42.281198" lon="22.722687"><ele>511.2</ele><time>2026-09-22T07:06:22.000Z</time><extensions><gpxtpx:TrackPointExtension xmlns:gpxtpx="http://www.garmin.com/xmlschemas/TrackPointExtension/v1"><gpxtpx:atemp>16</gpxtpx:atemp></gpxtpx:TrackPointExtension></extensions></trkpt><trkpt lat="42.281356" lon="22.722779"><ele>511</ele><time>2026-09-22T07:06:30.000Z</time><extensions><gpxtpx:TrackPointExtension xmlns:gpxtpx="http://www.garmin.com/xmlschemas/TrackPointExtension/v1"><gpxtpx:atemp>16</gpxtpx:atemp></gpxtpx:TrackPointExtension></extensions></trkpt><trkpt lat="42.281435" lon="22.722783"><ele>511.2</ele><time>2026-09-22T07:06:54.000Z</time><extensions><gpxtpx:TrackPointExtension xmlns:gpxtpx="http://www.garmin.com/xmlschemas/TrackPointExtension/v1"><gpxtpx:atemp>16</gpxtpx:atemp></gpxtpx:TrackPointExtension></extensions></trkpt><trkpt lat="42.281472" lon="22.722718"><ele>511.2</ele><time>2026-09-22T07:06:56.000Z</time><extensions><gpxtpx:TrackPointExtension xmlns:gpxtpx="http://www.garmin.com/xmlschemas/TrackPointExtension/v1"><gpxtpx:atemp>16</gpxtpx:atemp></gpxtpx:TrackPointExtension></extensions></trkpt><trkpt lat="42.281763" lon="22.721149"><ele>511.6</ele><time>2026-09-22T07:07:28.000Z</time><extensions><gpxtpx:TrackPointExtension xmlns:gpxtpx="http://www.garmin.com/xmlschemas/TrackPointExtension/v1"><gpxtpx:atemp>16</gpxtpx:atemp></gpxtpx:TrackPointExtension></extensions></trkpt><trkpt lat="42.281958" lon="22.72032"><ele>511.8</ele><time>2026-09-22T07:07:43.000Z</time><extensions><gpxtpx:TrackPointExtension xmlns:gpxtpx="http://www.garmin.com/xmlschemas/TrackPointExtension/v1"><gpxtpx:atemp>16</gpxtpx:atemp></gpxtpx:TrackPointExtension></extensions></trkpt><trkpt lat="42.282082" lon="22.719675"><ele>512.2</ele><time>2026-09-22T07:07:55.000Z</time><extensions><gpxtpx:TrackPointExtension xmlns:gpxtpx="http://www.garmin.com/xmlschemas/TrackPointExtension/v1"><gpxtpx:atemp>15</gpxtpx:atemp></gpxtpx:TrackPointExtension></extensions></trkpt><trkpt lat="42.282157" lon="22.719442"><ele>512.6</ele><time>2026-09-22T07:08:00.000Z</time><extensions><gpxtpx:TrackPointExtension xmlns:gpxtpx="http://www.garmin.com/xmlschemas/TrackPointExtension/v1"><gpxtpx:atemp>15</gpxtpx:atemp></gpxtpx:TrackPointExtension></extensions></trkpt><trkpt lat="42.282244" lon="22.71937"><ele>512.8</ele><time>2026-09-22T07:08:03.000Z</time><extensions><gpxtpx:TrackPointExtension xmlns:gpxtpx="http://www.garmin.com/xmlschemas/TrackPointExtension/v1"><gpxtpx:atemp>15</gpxtpx:atemp></gpxtpx:TrackPointExtension></extensions></trkpt><trkpt lat="42.282279" lon="22.719361"><ele>512.8</ele><time>2026-09-22T07:08:04.000Z</time><extensions><gpxtpx:TrackPointExtension xmlns:gpxtpx="http://www.garmin.com/xmlschemas/TrackPointExtension/v1"><gpxtpx:atemp>16</gpxtpx:atemp></gpxtpx:TrackPointExtension></extensions></trkpt><trkpt lat="42.282352" lon="22.719371"><ele>513</ele><time>2026-09-22T07:08:06.000Z</time><extensions><gpxtpx:TrackPointExtension xmlns:gpxtpx="http://www.garmin.com/xmlschemas/TrackPointExtension/v1"><gpxtpx:atemp>16</gpxtpx:atemp></gpxtpx:TrackPointExtension></extensions></trkpt><trkpt lat="42.283022" lon="22.719603"><ele>512.2</ele><time>2026-09-22T07:08:21.000Z</time><extensions><gpxtpx:TrackPointExtension xmlns:gpxtpx="http://www.garmin.com/xmlschemas/TrackPointExtension/v1"><gpxtpx:atemp>15</gpxtpx:atemp></gpxtpx:TrackPointExtension></extensions></trkpt><trkpt lat="42.284053" lon="22.720021"><ele>510.2</ele><time>2026-09-22T07:08:42.000Z</time><extensions><gpxtpx:TrackPointExtension xmlns:gpxtpx="http://www.garmin.com/xmlschemas/TrackPointExtension/v1"><gpxtpx:atemp>15</gpxtpx:atemp></gpxtpx:TrackPointExtension></extensions></trkpt><trkpt lat="42.284243" lon="22.720084"><ele>510</ele><time>2026-09-22T07:08:46.000Z</time><extensions><gpxtpx:TrackPointExtension xmlns:gpxtpx="http://www.garmin.com/xmlschemas/TrackPointExtension/v1"><gpxtpx:atemp>15</gpxtpx:atemp></gpxtpx:TrackPointExtension></extensions></trkpt><trkpt lat="42.287275" lon="22.721277"><ele>508.2</ele><time>2026-09-22T07:09:52.000Z</time><extensions><gpxtpx:TrackPointExtension xmlns:gpxtpx="http://www.garmin.com/xmlschemas/TrackPointExtension/v1"><gpxtpx:atemp>15</gpxtpx:atemp></gpxtpx:TrackPointExtension></extensions></trkpt><trkpt lat="42.287725" lon="22.721429"><ele>508.2</ele><time>2026-09-22T07:10:02.000Z</time><extensions><gpxtpx:TrackPointExtension xmlns:gpxtpx="http://www.garmin.com/xmlschemas/TrackPointExtension/v1"><gpxtpx:atemp>15</gpxtpx:atemp></gpxtpx:TrackPointExtension></extensions></trkpt><trkpt lat="42.288087" lon="22.72153"><ele>508.2</ele><time>2026-09-22T07:10:10.000Z</time><extensions><gpxtpx:TrackPointExtension xmlns:gpxtpx="http://www.garmin.com/xmlschemas/TrackPointExtension/v1"><gpxtpx:atemp>15</gpxtpx:atemp></gpxtpx:TrackPointExtension></extensions></trkpt><trkpt lat="42.288546" lon="22.721605"><ele>508.2</ele><time>2026-09-22T07:10:20.000Z</time><extensions><gpxtpx:TrackPointExtension xmlns:gpxtpx="http://www.garmin.com/xmlschemas/TrackPointExtension/v1"><gpxtpx:atemp>15</gpxtpx:atemp></gpxtpx:TrackPointExtension></extensions></trkpt><trkpt lat="42.288875" lon="22.721621"><ele>508</ele><time>2026-09-22T07:10:27.000Z</time><extensions><gpxtpx:TrackPointExtension xmlns:gpxtpx="http://www.garmin.com/xmlschemas/TrackPointExtension/v1"><gpxtpx:atemp>15</gpxtpx:atemp></gpxtpx:TrackPointExtension></extensions></trkpt><trkpt lat="42.289313" lon="22.721606"><ele>508</ele><time>2026-09-22T07:10:36.000Z</time><extensions><gpxtpx:TrackPointExtension xmlns:gpxtpx="http://www.garmin.com/xmlschemas/TrackPointExtension/v1"><gpxtpx:atemp>15</gpxtpx:atemp></gpxtpx:TrackPointExtension></extensions></trkpt><trkpt lat="42.28946" lon="22.721578"><ele>507.8</ele><time>2026-09-22T07:10:40.000Z</time><extensions><gpxtpx:TrackPointExtension xmlns:gpxtpx="http://www.garmin.com/xmlschemas/TrackPointExtension/v1"><gpxtpx:atemp>15</gpxtpx:atemp></gpxtpx:TrackPointExtension></extensions></trkpt><trkpt lat="42.289749" lon="22.721552"><ele>507.4</ele><time>2026-09-22T07:10:47.000Z</time><extensions><gpxtpx:TrackPointExtension xmlns:gpxtpx="http://www.garmin.com/xmlschemas/TrackPointExtension/v1"><gpxtpx:atemp>15</gpxtpx:atemp></gpxtpx:TrackPointExtension></extensions></trkpt><trkpt lat="42.289879" lon="22.721523"><ele>507.2</ele><time>2026-09-22T07:10:50.000Z</time><extensions><gpxtpx:TrackPointExtension xmlns:gpxtpx="http://www.garmin.com/xmlschemas/TrackPointExtension/v1"><gpxtpx:atemp>15</gpxtpx:atemp></gpxtpx:TrackPointExtension></extensions></trkpt><trkpt lat="42.290093" lon="22.721436"><ele>506.8</ele><time>2026-09-22T07:10:55.000Z</time><extensions><gpxtpx:TrackPointExtension xmlns:gpxtpx="http://www.garmin.com/xmlschemas/TrackPointExtension/v1"><gpxtpx:atemp>15</gpxtpx:atemp></gpxtpx:TrackPointExtension></extensions></trkpt><trkpt lat="42.290525" lon="22.721295"><ele>505.8</ele><time>2026-09-22T07:11:05.000Z</time><extensions><gpxtpx:TrackPointExtension xmlns:gpxtpx="http://www.garmin.com/xmlschemas/TrackPointExtension/v1"><gpxtpx:atemp>15</gpxtpx:atemp></gpxtpx:TrackPointExtension></extensions></trkpt><trkpt lat="42.292563" lon="22.720378"><ele>498</ele><time>2026-09-22T07:11:39.000Z</time><extensions><gpxtpx:TrackPointExtension xmlns:gpxtpx="http://www.garmin.com/xmlschemas/TrackPointExtension/v1"><gpxtpx:atemp>15</gpxtpx:atemp></gpxtpx:TrackPointExtension></extensions></trkpt><trkpt lat="42.292847" lon="22.720268"><ele>497.6</ele><time>2026-09-22T07:11:44.000Z</time><extensions><gpxtpx:TrackPointExtension xmlns:gpxtpx="http://www.garmin.com/xmlschemas/TrackPointExtension/v1"><gpxtpx:atemp>15</gpxtpx:atemp></gpxtpx:TrackPointExtension></extensions></trkpt><trkpt lat="42.293281" lon="22.720029"><ele>497.4</ele><time>2026-09-22T07:11:52.000Z</time><extensions><gpxtpx:TrackPointExtension xmlns:gpxtpx="http://www.garmin.com/xmlschemas/TrackPointExtension/v1"><gpxtpx:atemp>15</gpxtpx:atemp></gpxtpx:TrackPointExtension></extensions></trkpt><trkpt lat="42.293823" lon="22.719765"><ele>497.6</ele><time>2026-09-22T07:12:03.000Z</time><extensions><gpxtpx:TrackPointExtension xmlns:gpxtpx="http://www.garmin.com/xmlschemas/TrackPointExtension/v1"><gpxtpx:atemp>15</gpxtpx:atemp></gpxtpx:TrackPointExtension></extensions></trkpt><trkpt lat="42.293899" lon="22.719693"><ele>497.8</ele><time>2026-09-22T07:12:05.000Z</time><extensions><gpxtpx:TrackPointExtension xmlns:gpxtpx="http://www.garmin.com/xmlschemas/TrackPointExtension/v1"><gpxtpx:atemp>15</gpxtpx:atemp></gpxtpx:TrackPointExtension></extensions></trkpt><trkpt lat="42.293948" lon="22.71959"><ele>497.8</ele><time>2026-09-22T07:12:07.000Z</time><extensions><gpxtpx:TrackPointExtension xmlns:gpxtpx="http://www.garmin.com/xmlschemas/TrackPointExtension/v1"><gpxtpx:atemp>15</gpxtpx:atemp></gpxtpx:TrackPointExtension></extensions></trkpt><trkpt lat="42.293951" lon="22.719476"><ele>497.6</ele><time>2026-09-22T07:12:09.000Z</time><extensions><gpxtpx:TrackPointExtension xmlns:gpxtpx="http://www.garmin.com/xmlschemas/TrackPointExtension/v1"><gpxtpx:atemp>15</gpxtpx:atemp></gpxtpx:TrackPointExtension></extensions></trkpt><trkpt lat="42.293904" lon="22.71898"><ele>496.4</ele><time>2026-09-22T07:12:16.000Z</time><extensions><gpxtpx:TrackPointExtension xmlns:gpxtpx="http://www.garmin.com/xmlschemas/TrackPointExtension/v1"><gpxtpx:atemp>15</gpxtpx:atemp></gpxtpx:TrackPointExtension></extensions></trkpt><trkpt lat="42.293932" lon="22.718825"><ele>495.8</ele><time>2026-09-22T07:12:18.000Z</time><extensions><gpxtpx:TrackPointExtension xmlns:gpxtpx="http://www.garmin.com/xmlschemas/TrackPointExtension/v1"><gpxtpx:atemp>15</gpxtpx:atemp></gpxtpx:TrackPointExtension></extensions></trkpt><trkpt lat="42.293978" lon="22.718692"><ele>495.2</ele><time>2026-09-22T07:12:20.000Z</time><extensions><gpxtpx:TrackPointExtension xmlns:gpxtpx="http://www.garmin.com/xmlschemas/TrackPointExtension/v1"><gpxtpx:atemp>15</gpxtpx:atemp></gpxtpx:TrackPointExtension></extensions></trkpt><trkpt lat="42.294066" lon="22.718526"><ele>494.2</ele><time>2026-09-22T07:12:23.000Z</time><extensions><gpxtpx:TrackPointExtension xmlns:gpxtpx="http://www.garmin.com/xmlschemas/TrackPointExtension/v1"><gpxtpx:atemp>15</gpxtpx:atemp></gpxtpx:TrackPointExtension></extensions></trkpt><trkpt lat="42.294105" lon="22.718484"><ele>494</ele><time>2026-09-22T07:12:24.000Z</time><extensions><gpxtpx:TrackPointExtension xmlns:gpxtpx="http://www.garmin.com/xmlschemas/TrackPointExtension/v1"><gpxtpx:atemp>15</gpxtpx:atemp></gpxtpx:TrackPointExtension></extensions></trkpt><trkpt lat="42.2942" lon="22.718422"><ele>493.6</ele><time>2026-09-22T07:12:26.000Z</time><extensions><gpxtpx:TrackPointExtension xmlns:gpxtpx="http://www.garmin.com/xmlschemas/TrackPointExtension/v1"><gpxtpx:atemp>15</gpxtpx:atemp></gpxtpx:TrackPointExtension></extensions></trkpt><trkpt lat="42.294308" lon="22.718417"><ele>493</ele><time>2026-09-22T07:12:28.000Z</time><extensions><gpxtpx:TrackPointExtension xmlns:gpxtpx="http://www.garmin.com/xmlschemas/TrackPointExtension/v1"><gpxtpx:atemp>15</gpxtpx:atemp></gpxtpx:TrackPointExtension></extensions></trkpt><trkpt lat="42.294412" lon="22.718453"><ele>492.6</ele><time>2026-09-22T07:12:30.000Z</time><extensions><gpxtpx:TrackPointExtension xmlns:gpxtpx="http://www.garmin.com/xmlschemas/TrackPointExtension/v1"><gpxtpx:atemp>15</gpxtpx:atemp></gpxtpx:TrackPointExtension></extensions></trkpt><trkpt lat="42.294537" lon="22.718577"><ele>492.4</ele><time>2026-09-22T07:12:33.000Z</time><extensions><gpxtpx:TrackPointExtension xmlns:gpxtpx="http://www.garmin.com/xmlschemas/TrackPointExtension/v1"><gpxtpx:atemp>15</gpxtpx:atemp></gpxtpx:TrackPointExtension></extensions></trkpt><trkpt lat="42.294613" lon="22.718676"><ele>492.4</ele><time>2026-09-22T07:12:35.000Z</time><extensions><gpxtpx:TrackPointExtension xmlns:gpxtpx="http://www.garmin.com/xmlschemas/TrackPointExtension/v1"><gpxtpx:atemp>15</gpxtpx:atemp></gpxtpx:TrackPointExtension></extensions></trkpt><trkpt lat="42.294977" lon="22.719274"><ele>492</ele><time>2026-09-22T07:12:46.000Z</time><extensions><gpxtpx:TrackPointExtension xmlns:gpxtpx="http://www.garmin.com/xmlschemas/TrackPointExtension/v1"><gpxtpx:atemp>15</gpxtpx:atemp></gpxtpx:TrackPointExtension></extensions></trkpt><trkpt lat="42.295041" lon="22.719349"><ele>492</ele><time>2026-09-22T07:12:48.000Z</time><extensions><gpxtpx:TrackPointExtension xmlns:gpxtpx="http://www.garmin.com/xmlschemas/TrackPointExtension/v1"><gpxtpx:atemp>15</gpxtpx:atemp></gpxtpx:TrackPointExtension></extensions></trkpt><trkpt lat="42.295334" lon="22.719844"><ele>491.6</ele><time>2026-09-22T07:12:57.000Z</time><extensions><gpxtpx:TrackPointExtension xmlns:gpxtpx="http://www.garmin.com/xmlschemas/TrackPointExtension/v1"><gpxtpx:atemp>15</gpxtpx:atemp></gpxtpx:TrackPointExtension></extensions></trkpt><trkpt lat="42.296129" lon="22.721073"><ele>491.2</ele><time>2026-09-22T07:13:20.000Z</time><extensions><gpxtpx:TrackPointExtension xmlns:gpxtpx="http://www.garmin.com/xmlschemas/TrackPointExtension/v1"><gpxtpx:atemp>15</gpxtpx:atemp></gpxtpx:TrackPointExtension></extensions></trkpt><trkpt lat="42.296465" lon="22.72164"><ele>490.8</ele><time>2026-09-22T07:13:29.000Z</time><extensions><gpxtpx:TrackPointExtension xmlns:gpxtpx="http://www.garmin.com/xmlschemas/TrackPointExtension/v1"><gpxtpx:atemp>15</gpxtpx:atemp></gpxtpx:TrackPointExtension></extensions></trkpt><trkpt lat="42.302394" lon="22.731263"><ele>482.6</ele><time>2026-09-22T07:15:59.000Z</time><extensions><gpxtpx:TrackPointExtension xmlns:gpxtpx="http://www.garmin.com/xmlschemas/TrackPointExtension/v1"><gpxtpx:atemp>15</gpxtpx:atemp></gpxtpx:TrackPointExtension></extensions></trkpt><trkpt lat="42.304015" lon="22.73387"><ele>480.4</ele><time>2026-09-22T07:16:40.000Z</time><extensions><gpxtpx:TrackPointExtension xmlns:gpxtpx="http://www.garmin.com/xmlschemas/TrackPointExtension/v1"><gpxtpx:atemp>15</gpxtpx:atemp></gpxtpx:TrackPointExtension></extensions></trkpt><trkpt lat="42.304356" lon="22.734453"><ele>480.6</ele><time>2026-09-22T07:16:50.000Z</time><extensions><gpxtpx:TrackPointExtension xmlns:gpxtpx="http://www.garmin.com/xmlschemas/TrackPointExtension/v1"><gpxtpx:atemp>15</gpxtpx:atemp></gpxtpx:TrackPointExtension></extensions></trkpt><trkpt lat="42.305269" lon="22.735906"><ele>480.6</ele><time>2026-09-22T07:17:18.000Z</time><extensions><gpxtpx:TrackPointExtension xmlns:gpxtpx="http://www.garmin.com/xmlschemas/TrackPointExtension/v1"><gpxtpx:atemp>15</gpxtpx:atemp></gpxtpx:TrackPointExtension></extensions></trkpt><trkpt lat="42.306362" lon="22.737707"><ele>480.4</ele><time>2026-09-22T07:17:53.000Z</time><extensions><gpxtpx:TrackPointExtension xmlns:gpxtpx="http://www.garmin.com/xmlschemas/TrackPointExtension/v1"><gpxtpx:atemp>15</gpxtpx:atemp></gpxtpx:TrackPointExtension></extensions></trkpt><trkpt lat="42.30673" lon="22.738279"><ele>480.2</ele><time>2026-09-22T07:18:05.000Z</time><extensions><gpxtpx:TrackPointExtension xmlns:gpxtpx="http://www.garmin.com/xmlschemas/TrackPointExtension/v1"><gpxtpx:atemp>15</gpxtpx:atemp></gpxtpx:TrackPointExtension></extensions></trkpt><trkpt lat="42.306949" lon="22.738658"><ele>480.2</ele><time>2026-09-22T07:18:12.000Z</time><extensions><gpxtpx:TrackPointExtension xmlns:gpxtpx="http://www.garmin.com/xmlschemas/TrackPointExtension/v1"><gpxtpx:atemp>15</gpxtpx:atemp></gpxtpx:TrackPointExtension></extensions></trkpt><trkpt lat="42.307862" lon="22.740111"><ele>479</ele><time>2026-09-22T07:18:38.000Z</time><extensions><gpxtpx:TrackPointExtension xmlns:gpxtpx="http://www.garmin.com/xmlschemas/TrackPointExtension/v1"><gpxtpx:atemp>15</gpxtpx:atemp></gpxtpx:TrackPointExtension></extensions></trkpt><trkpt lat="42.308658" lon="22.741425"><ele>478.2</ele><time>2026-09-22T07:19:04.000Z</time><extensions><gpxtpx:TrackPointExtension xmlns:gpxtpx="http://www.garmin.com/xmlschemas/TrackPointExtension/v1"><gpxtpx:atemp>15</gpxtpx:atemp></gpxtpx:TrackPointExtension></extensions></trkpt><trkpt lat="42.312283" lon="22.747271"><ele>471.2</ele><time>2026-09-22T07:20:41.000Z</time><extensions><gpxtpx:TrackPointExtension xmlns:gpxtpx="http://www.garmin.com/xmlschemas/TrackPointExtension/v1"><gpxtpx:atemp>15</gpxtpx:atemp></gpxtpx:TrackPointExtension></extensions></trkpt><trkpt lat="42.312768" lon="22.748098"><ele>471</ele><time>2026-09-22T07:20:55.000Z</time><extensions><gpxtpx:TrackPointExtension xmlns:gpxtpx="http://www.garmin.com/xmlschemas/TrackPointExtension/v1"><gpxtpx:atemp>15</gpxtpx:atemp></gpxtpx:TrackPointExtension></extensions></trkpt><trkpt lat="42.313028" lon="22.748503"><ele>471</ele><time>2026-09-22T07:21:03.000Z</time><extensions><gpxtpx:TrackPointExtension xmlns:gpxtpx="http://www.garmin.com/xmlschemas/TrackPointExtension/v1"><gpxtpx:atemp>15</gpxtpx:atemp></gpxtpx:TrackPointExtension></extensions></trkpt><trkpt lat="42.313849" lon="22.749865"><ele>470.8</ele><time>2026-09-22T07:21:30.000Z</time><extensions><gpxtpx:TrackPointExtension xmlns:gpxtpx="http://www.garmin.com/xmlschemas/TrackPointExtension/v1"><gpxtpx:atemp>15</gpxtpx:atemp></gpxtpx:TrackPointExtension></extensions></trkpt><trkpt lat="42.314484" lon="22.750869"><ele>472.2</ele><time>2026-09-22T07:21:53.000Z</time><extensions><gpxtpx:TrackPointExtension xmlns:gpxtpx="http://www.garmin.com/xmlschemas/TrackPointExtension/v1"><gpxtpx:atemp>16</gpxtpx:atemp></gpxtpx:TrackPointExtension></extensions></trkpt><trkpt lat="42.314781" lon="22.751264"><ele>473.2</ele><time>2026-09-22T07:22:03.000Z</time><extensions><gpxtpx:TrackPointExtension xmlns:gpxtpx="http://www.garmin.com/xmlschemas/TrackPointExtension/v1"><gpxtpx:atemp>16</gpxtpx:atemp></gpxtpx:TrackPointExtension></extensions></trkpt><trkpt lat="42.315048" lon="22.751548"><ele>473.6</ele><time>2026-09-22T07:22:11.000Z</time><extensions><gpxtpx:TrackPointExtension xmlns:gpxtpx="http://www.garmin.com/xmlschemas/TrackPointExtension/v1"><gpxtpx:atemp>16</gpxtpx:atemp></gpxtpx:TrackPointExtension></extensions></trkpt><trkpt lat="42.315195" lon="22.751684"><ele>473.8</ele><time>2026-09-22T07:22:15.000Z</time><extensions><gpxtpx:TrackPointExtension xmlns:gpxtpx="http://www.garmin.com/xmlschemas/TrackPointExtension/v1"><gpxtpx:atemp>15</gpxtpx:atemp></gpxtpx:TrackPointExtension></extensions></trkpt><trkpt lat="42.315555" lon="22.751964"><ele>474</ele><time>2026-09-22T07:22:24.000Z</time><extensions><gpxtpx:TrackPointExtension xmlns:gpxtpx="http://www.garmin.com/xmlschemas/TrackPointExtension/v1"><gpxtpx:atemp>15</gpxtpx:atemp></gpxtpx:TrackPointExtension></extensions></trkpt><trkpt lat="42.317072" lon="22.752934"><ele>472.2</ele><time>2026-09-22T07:22:54.000Z</time><extensions><gpxtpx:TrackPointExtension xmlns:gpxtpx="http://www.garmin.com/xmlschemas/TrackPointExtension/v1"><gpxtpx:atemp>16</gpxtpx:atemp></gpxtpx:TrackPointExtension></extensions></trkpt><trkpt lat="42.317308" lon="22.753061"><ele>471.8</ele><time>2026-09-22T07:22:58.000Z</time><extensions><gpxtpx:TrackPointExtension xmlns:gpxtpx="http://www.garmin.com/xmlschemas/TrackPointExtension/v1"><gpxtpx:atemp>16</gpxtpx:atemp></gpxtpx:TrackPointExtension></extensions></trkpt><trkpt lat="42.31767" lon="22.753219"><ele>471.4</ele><time>2026-09-22T07:23:04.000Z</time><extensions><gpxtpx:TrackPointExtension xmlns:gpxtpx="http://www.garmin.com/xmlschemas/TrackPointExtension/v1"><gpxtpx:atemp>16</gpxtpx:atemp></gpxtpx:TrackPointExtension></extensions></trkpt><trkpt lat="42.317959" lon="22.753311"><ele>471</ele><time>2026-09-22T07:23:09.000Z</time><extensions><gpxtpx:TrackPointExtension xmlns:gpxtpx="http://www.garmin.com/xmlschemas/TrackPointExtension/v1"><gpxtpx:atemp>16</gpxtpx:atemp></gpxtpx:TrackPointExtension></extensions></trkpt><trkpt lat="42.318132" lon="22.753348"><ele>470.8</ele><time>2026-09-22T07:23:12.000Z</time><extensions><gpxtpx:TrackPointExtension xmlns:gpxtpx="http://www.garmin.com/xmlschemas/TrackPointExtension/v1"><gpxtpx:atemp>16</gpxtpx:atemp></gpxtpx:TrackPointExtension></extensions></trkpt><trkpt lat="42.31837" lon="22.753379"><ele>470.6</ele><time>2026-09-22T07:23:16.000Z</time><extensions><gpxtpx:TrackPointExtension xmlns:gpxtpx="http://www.garmin.com/xmlschemas/TrackPointExtension/v1"><gpxtpx:atemp>16</gpxtpx:atemp></gpxtpx:TrackPointExtension></extensions></trkpt><trkpt lat="42.318666" lon="22.753386"><ele>470.4</ele><time>2026-09-22T07:23:21.000Z</time><extensions><gpxtpx:TrackPointExtension xmlns:gpxtpx="http://www.garmin.com/xmlschemas/TrackPointExtension/v1"><gpxtpx:atemp>15</gpxtpx:atemp></gpxtpx:TrackPointExtension></extensions></trkpt><trkpt lat="42.318912" lon="22.753374"><ele>470</ele><time>2026-09-22T07:23:25.000Z</time><extensions><gpxtpx:TrackPointExtension xmlns:gpxtpx="http://www.garmin.com/xmlschemas/TrackPointExtension/v1"><gpxtpx:atemp>15</gpxtpx:atemp></gpxtpx:TrackPointExtension></extensions></trkpt><trkpt lat="42.319611" lon="22.753274"><ele>469.4</ele><time>2026-09-22T07:23:37.000Z</time><extensions><gpxtpx:TrackPointExtension xmlns:gpxtpx="http://www.garmin.com/xmlschemas/TrackPointExtension/v1"><gpxtpx:atemp>15</gpxtpx:atemp></gpxtpx:TrackPointExtension></extensions></trkpt><trkpt lat="42.319881" lon="22.753218"><ele>469.4</ele><time>2026-09-22T07:23:42.000Z</time><extensions><gpxtpx:TrackPointExtension xmlns:gpxtpx="http://www.garmin.com/xmlschemas/TrackPointExtension/v1"><gpxtpx:atemp>15</gpxtpx:atemp></gpxtpx:TrackPointExtension></extensions></trkpt><trkpt lat="42.320977" lon="22.753046"><ele>469.8</ele><time>2026-09-22T07:24:05.000Z</time><extensions><gpxtpx:TrackPointExtension xmlns:gpxtpx="http://www.garmin.com/xmlschemas/TrackPointExtension/v1"><gpxtpx:atemp>15</gpxtpx:atemp></gpxtpx:TrackPointExtension></extensions></trkpt><trkpt lat="42.321291" lon="22.753036"><ele>470</ele><time>2026-09-22T07:24:12.000Z</time><extensions><gpxtpx:TrackPointExtension xmlns:gpxtpx="http://www.garmin.com/xmlschemas/TrackPointExtension/v1"><gpxtpx:atemp>15</gpxtpx:atemp></gpxtpx:TrackPointExtension></extensions></trkpt><trkpt lat="42.321681" lon="22.75307"><ele>470.4</ele><time>2026-09-22T07:24:21.000Z</time><extensions><gpxtpx:TrackPointExtension xmlns:gpxtpx="http://www.garmin.com/xmlschemas/TrackPointExtension/v1"><gpxtpx:atemp>15</gpxtpx:atemp></gpxtpx:TrackPointExtension></extensions></trkpt><trkpt lat="42.32194" lon="22.753134"><ele>470.6</ele><time>2026-09-22T07:24:27.000Z</time><extensions><gpxtpx:TrackPointExtension xmlns:gpxtpx="http://www.garmin.com/xmlschemas/TrackPointExtension/v1"><gpxtpx:atemp>15</gpxtpx:atemp></gpxtpx:TrackPointExtension></extensions></trkpt><trkpt lat="42.322192" lon="22.75322"><ele>471</ele><time>2026-09-22T07:24:33.000Z</time><extensions><gpxtpx:TrackPointExtension xmlns:gpxtpx="http://www.garmin.com/xmlschemas/TrackPointExtension/v1"><gpxtpx:atemp>15</gpxtpx:atemp></gpxtpx:TrackPointExtension></extensions></trkpt><trkpt lat="42.322403" lon="22.75331"><ele>471.2</ele><time>2026-09-22T07:24:38.000Z</time><extensions><gpxtpx:TrackPointExtension xmlns:gpxtpx="http://www.garmin.com/xmlschemas/TrackPointExtension/v1"><gpxtpx:atemp>15</gpxtpx:atemp></gpxtpx:TrackPointExtension></extensions></trkpt><trkpt lat="42.322633" lon="22.753439"><ele>471.4</ele><time>2026-09-22T07:24:44.000Z</time><extensions><gpxtpx:TrackPointExtension xmlns:gpxtpx="http://www.garmin.com/xmlschemas/TrackPointExtension/v1"><gpxtpx:atemp>15</gpxtpx:atemp></gpxtpx:TrackPointExtension></extensions></trkpt><trkpt lat="42.322824" lon="22.753569"><ele>471.6</ele><time>2026-09-22T07:24:49.000Z</time><extensions><gpxtpx:TrackPointExtension xmlns:gpxtpx="http://www.garmin.com/xmlschemas/TrackPointExtension/v1"><gpxtpx:atemp>15</gpxtpx:atemp></gpxtpx:TrackPointExtension></extensions></trkpt><trkpt lat="42.323001" lon="22.753713"><ele>472.2</ele><time>2026-09-22T07:24:54.000Z</time><extensions><gpxtpx:TrackPointExtension xmlns:gpxtpx="http://www.garmin.com/xmlschemas/TrackPointExtension/v1"><gpxtpx:atemp>15</gpxtpx:atemp></gpxtpx:TrackPointExtension></extensions></trkpt><trkpt lat="42.323362" lon="22.754079"><ele>472.6</ele><time>2026-09-22T07:25:05.000Z</time><extensions><gpxtpx:TrackPointExtension xmlns:gpxtpx="http://www.garmin.com/xmlschemas/TrackPointExtension/v1"><gpxtpx:atemp>15</gpxtpx:atemp></gpxtpx:TrackPointExtension></extensions></trkpt><trkpt lat="42.323518" lon="22.754276"><ele>472.6</ele><time>2026-09-22T07:25:10.000Z</time><extensions><gpxtpx:TrackPointExtension xmlns:gpxtpx="http://www.garmin.com/xmlschemas/TrackPointExtension/v1"><gpxtpx:atemp>15</gpxtpx:atemp></gpxtpx:TrackPointExtension></extensions></trkpt><trkpt lat="42.32366" lon="22.754485"><ele>472.6</ele><time>2026-09-22T07:25:15.000Z</time><extensions><gpxtpx:TrackPointExtension xmlns:gpxtpx="http://www.garmin.com/xmlschemas/TrackPointExtension/v1"><gpxtpx:atemp>15</gpxtpx:atemp></gpxtpx:TrackPointExtension></extensions></trkpt><trkpt lat="42.323863" lon="22.754876"><ele>473.2</ele><time>2026-09-22T07:25:23.000Z</time><extensions><gpxtpx:TrackPointExtension xmlns:gpxtpx="http://www.garmin.com/xmlschemas/TrackPointExtension/v1"><gpxtpx:atemp>15</gpxtpx:atemp></gpxtpx:TrackPointExtension></extensions></trkpt><trkpt lat="42.324114" lon="22.755477"><ele>473.4</ele><time>2026-09-22T07:25:35.000Z</time><extensions><gpxtpx:TrackPointExtension xmlns:gpxtpx="http://www.garmin.com/xmlschemas/TrackPointExtension/v1"><gpxtpx:atemp>15</gpxtpx:atemp></gpxtpx:TrackPointExtension></extensions></trkpt><trkpt lat="42.324217" lon="22.755831"><ele>473.2</ele><time>2026-09-22T07:25:41.000Z</time><extensions><gpxtpx:TrackPointExtension xmlns:gpxtpx="http://www.garmin.com/xmlschemas/TrackPointExtension/v1"><gpxtpx:atemp>16</gpxtpx:atemp></gpxtpx:TrackPointExtension></extensions></trkpt><trkpt lat="42.324327" lon="22.756326"><ele>473.4</ele><time>2026-09-22T07:25:49.000Z</time><extensions><gpxtpx:TrackPointExtension xmlns:gpxtpx="http://www.garmin.com/xmlschemas/TrackPointExtension/v1"><gpxtpx:atemp>16</gpxtpx:atemp></gpxtpx:TrackPointExtension></extensions></trkpt><trkpt lat="42.324401" lon="22.756967"><ele>473.4</ele><time>2026-09-22T07:26:00.000Z</time><extensions><gpxtpx:TrackPointExtension xmlns:gpxtpx="http://www.garmin.com/xmlschemas/TrackPointExtension/v1"><gpxtpx:atemp>16</gpxtpx:atemp></gpxtpx:TrackPointExtension></extensions></trkpt><trkpt lat="42.324408" lon="22.75724"><ele>473.8</ele><time>2026-09-22T07:26:05.000Z</time><extensions><gpxtpx:TrackPointExtension xmlns:gpxtpx="http://www.garmin.com/xmlschemas/TrackPointExtension/v1"><gpxtpx:atemp>16</gpxtpx:atemp></gpxtpx:TrackPointExtension></extensions></trkpt><trkpt lat="42.32436" lon="22.757747"><ele>473.6</ele><time>2026-09-22T07:26:16.000Z</time><extensions><gpxtpx:TrackPointExtension xmlns:gpxtpx="http://www.garmin.com/xmlschemas/TrackPointExtension/v1"><gpxtpx:atemp>16</gpxtpx:atemp></gpxtpx:TrackPointExtension></extensions></trkpt><trkpt lat="42.324359" lon="22.757793"><ele>473.6</ele><time>2026-09-22T07:26:19.000Z</time><extensions><gpxtpx:TrackPointExtension xmlns:gpxtpx="http://www.garmin.com/xmlschemas/TrackPointExtension/v1"><gpxtpx:atemp>16</gpxtpx:atemp></gpxtpx:TrackPointExtension></extensions></trkpt><trkpt lat="42.324382" lon="22.75785"><ele>474.2</ele><time>2026-09-22T07:31:12.000Z</time><extensions><gpxtpx:TrackPointExtension xmlns:gpxtpx="http://www.garmin.com/xmlschemas/TrackPointExtension/v1"><gpxtpx:atemp>16</gpxtpx:atemp></gpxtpx:TrackPointExtension></extensions></trkpt><trkpt lat="42.324355" lon="22.758038"><ele>474.2</ele><time>2026-09-22T07:31:20.000Z</time><extensions><gpxtpx:TrackPointExtension xmlns:gpxtpx="http://www.garmin.com/xmlschemas/TrackPointExtension/v1"><gpxtpx:atemp>17</gpxtpx:atemp></gpxtpx:TrackPointExtension></extensions></trkpt><trkpt lat="42.324364" lon="22.758067"><ele>474.2</ele><time>2026-09-22T07:31:21.000Z</time><extensions><gpxtpx:TrackPointExtension xmlns:gpxtpx="http://www.garmin.com/xmlschemas/TrackPointExtension/v1"><gpxtpx:atemp>17</gpxtpx:atemp></gpxtpx:TrackPointExtension></extensions></trkpt><trkpt lat="42.324385" lon="22.758081"><ele>474.2</ele><time>2026-09-22T07:31:22.000Z</time><extensions><gpxtpx:TrackPointExtension xmlns:gpxtpx="http://www.garmin.com/xmlschemas/TrackPointExtension/v1"><gpxtpx:atemp>17</gpxtpx:atemp></gpxtpx:TrackPointExtension></extensions></trkpt><trkpt lat="42.324415" lon="22.758077"><ele>474.2</ele><time>2026-09-22T07:31:23.000Z</time><extensions><gpxtpx:TrackPointExtension xmlns:gpxtpx="http://www.garmin.com/xmlschemas/TrackPointExtension/v1"><gpxtpx:atemp>17</gpxtpx:atemp></gpxtpx:TrackPointExtension></extensions></trkpt><trkpt lat="42.324434" lon="22.758052"><ele>474.4</ele><time>2026-09-22T07:31:24.000Z</time><extensions><gpxtpx:TrackPointExtension xmlns:gpxtpx="http://www.garmin.com/xmlschemas/TrackPointExtension/v1"><gpxtpx:atemp>17</gpxtpx:atemp></gpxtpx:TrackPointExtension></extensions></trkpt><trkpt lat="42.324459" lon="22.757915"><ele>474.4</ele><time>2026-09-22T07:31:28.000Z</time><extensions><gpxtpx:TrackPointExtension xmlns:gpxtpx="http://www.garmin.com/xmlschemas/TrackPointExtension/v1"><gpxtpx:atemp>17</gpxtpx:atemp></gpxtpx:TrackPointExtension></extensions></trkpt><trkpt lat="42.324475" lon="22.757598"><ele>474.2</ele><time>2026-09-22T07:31:36.000Z</time><extensions><gpxtpx:TrackPointExtension xmlns:gpxtpx="http://www.garmin.com/xmlschemas/TrackPointExtension/v1"><gpxtpx:atemp>17</gpxtpx:atemp></gpxtpx:TrackPointExtension></extensions></trkpt><trkpt lat="42.324499" lon="22.757492"><ele>474</ele><time>2026-09-22T07:31:39.000Z</time><extensions><gpxtpx:TrackPointExtension xmlns:gpxtpx="http://www.garmin.com/xmlschemas/TrackPointExtension/v1"><gpxtpx:atemp>17</gpxtpx:atemp></gpxtpx:TrackPointExtension></extensions></trkpt><trkpt lat="42.324561" lon="22.757351"><ele>474.4</ele><time>2026-09-22T07:31:45.000Z</time><extensions><gpxtpx:TrackPointExtension xmlns:gpxtpx="http://www.garmin.com/xmlschemas/TrackPointExtension/v1"><gpxtpx:atemp>17</gpxtpx:atemp></gpxtpx:TrackPointExtension></extensions></trkpt><trkpt lat="42.324676" lon="22.757294"><ele>474.6</ele><time>2026-09-22T07:31:51.000Z</time><extensions><gpxtpx:TrackPointExtension xmlns:gpxtpx="http://www.garmin.com/xmlschemas/TrackPointExtension/v1"><gpxtpx:atemp>17</gpxtpx:atemp></gpxtpx:TrackPointExtension></extensions></trkpt><trkpt lat="42.324715" lon="22.757195"><ele>475</ele><time>2026-09-22T07:31:56.000Z</time><extensions><gpxtpx:TrackPointExtension xmlns:gpxtpx="http://www.garmin.com/xmlschemas/TrackPointExtension/v1"><gpxtpx:atemp>17</gpxtpx:atemp></gpxtpx:TrackPointExtension></extensions></trkpt><trkpt lat="42.32472" lon="22.757066"><ele>475</ele><time>2026-09-22T07:32:00.000Z</time><extensions><gpxtpx:TrackPointExtension xmlns:gpxtpx="http://www.garmin.com/xmlschemas/TrackPointExtension/v1"><gpxtpx:atemp>17</gpxtpx:atemp></gpxtpx:TrackPointExtension></extensions></trkpt><trkpt lat="42.324705" lon="22.757025"><ele>475</ele><time>2026-09-22T07:32:03.000Z</time><extensions><gpxtpx:TrackPointExtension xmlns:gpxtpx="http://www.garmin.com/xmlschemas/TrackPointExtension/v1"><gpxtpx:atemp>17</gpxtpx:atemp></gpxtpx:TrackPointExtension></extensions></trkpt><trkpt lat="42.324717" lon="22.757065"><ele>475.2</ele><time>2026-09-22T07:32:17.000Z</time><extensions><gpxtpx:TrackPointExtension xmlns:gpxtpx="http://www.garmin.com/xmlschemas/TrackPointExtension/v1"><gpxtpx:atemp>17</gpxtpx:atemp></gpxtpx:TrackPointExtension></extensions></trkpt><trkpt lat="42.324735" lon="22.757061"><ele>475.4</ele><time>2026-09-22T07:32:21.000Z</time><extensions><gpxtpx:TrackPointExtension xmlns:gpxtpx="http://www.garmin.com/xmlschemas/TrackPointExtension/v1"><gpxtpx:atemp>17</gpxtpx:atemp></gpxtpx:TrackPointExtension></extensions></trkpt><trkpt lat="42.324725" lon="22.757007"><ele>475.4</ele><time>2026-09-22T07:32:26.000Z</time><extensions><gpxtpx:TrackPointExtension xmlns:gpxtpx="http://www.garmin.com/xmlschemas/TrackPointExtension/v1"><gpxtpx:atemp>17</gpxtpx:atemp></gpxtpx:TrackPointExtension></extensions></trkpt><trkpt lat="42.324657" lon="22.756979"><ele>475.2</ele><time>2026-09-22T07:32:30.000Z</time><extensions><gpxtpx:TrackPointExtension xmlns:gpxtpx="http://www.garmin.com/xmlschemas/TrackPointExtension/v1"><gpxtpx:atemp>17</gpxtpx:atemp></gpxtpx:TrackPointExtension></extensions></trkpt><trkpt lat="42.324606" lon="22.756986"><ele>475</ele><time>2026-09-22T07:32:33.000Z</time><extensions><gpxtpx:TrackPointExtension xmlns:gpxtpx="http://www.garmin.com/xmlschemas/TrackPointExtension/v1"><gpxtpx:atemp>17</gpxtpx:atemp></gpxtpx:TrackPointExtension></extensions></trkpt><trkpt lat="42.324577" lon="22.757016"><ele>474.8</ele><time>2026-09-22T07:32:35.000Z</time><extensions><gpxtpx:TrackPointExtension xmlns:gpxtpx="http://www.garmin.com/xmlschemas/TrackPointExtension/v1"><gpxtpx:atemp>17</gpxtpx:atemp></gpxtpx:TrackPointExtension></extensions></trkpt><trkpt lat="42.324554" lon="22.757058"><ele>474.8</ele><time>2026-09-22T07:32:37.000Z</time><extensions><gpxtpx:TrackPointExtension xmlns:gpxtpx="http://www.garmin.com/xmlschemas/TrackPointExtension/v1"><gpxtpx:atemp>17</gpxtpx:atemp></gpxtpx:TrackPointExtension></extensions></trkpt><trkpt lat="42.32455" lon="22.757101"><ele>474</ele><time>2026-09-22T07:32:44.000Z</time><extensions><gpxtpx:TrackPointExtension xmlns:gpxtpx="http://www.garmin.com/xmlschemas/TrackPointExtension/v1"><gpxtpx:atemp>17</gpxtpx:atemp></gpxtpx:TrackPointExtension></extensions></trkpt><trkpt lat="42.324573" lon="22.757211"><ele>474.6</ele><time>2026-09-22T08:01:12.000Z</time><extensions><gpxtpx:TrackPointExtension xmlns:gpxtpx="http://www.garmin.com/xmlschemas/TrackPointExtension/v1"><gpxtpx:atemp>17</gpxtpx:atemp></gpxtpx:TrackPointExtension></extensions></trkpt><trkpt lat="42.324559" lon="22.757236"><ele>474.6</ele><time>2026-09-22T08:01:15.000Z</time><extensions><gpxtpx:TrackPointExtension xmlns:gpxtpx="http://www.garmin.com/xmlschemas/TrackPointExtension/v1"><gpxtpx:atemp>17</gpxtpx:atemp></gpxtpx:TrackPointExtension></extensions></trkpt><trkpt lat="42.32457" lon="22.757293"><ele>474.6</ele><time>2026-09-22T08:01:21.000Z</time><extensions><gpxtpx:TrackPointExtension xmlns:gpxtpx="http://www.garmin.com/xmlschemas/TrackPointExtension/v1"><gpxtpx:atemp>17</gpxtpx:atemp></gpxtpx:TrackPointExtension></extensions></trkpt><trkpt lat="42.324771" lon="22.757366"><ele>475</ele><time>2026-09-22T08:01:33.000Z</time><extensions><gpxtpx:TrackPointExtension xmlns:gpxtpx="http://www.garmin.com/xmlschemas/TrackPointExtension/v1"><gpxtpx:atemp>18</gpxtpx:atemp></gpxtpx:TrackPointExtension></extensions></trkpt><trkpt lat="42.324839" lon="22.757372"><ele>475.4</ele><time>2026-09-22T08:01:37.000Z</time><extensions><gpxtpx:TrackPointExtension xmlns:gpxtpx="http://www.garmin.com/xmlschemas/TrackPointExtension/v1"><gpxtpx:atemp>18</gpxtpx:atemp></gpxtpx:TrackPointExtension></extensions></trkpt><trkpt lat="42.324854" lon="22.757362"><ele>475.6</ele><time>2026-09-22T08:01:38.000Z</time><extensions><gpxtpx:TrackPointExtension xmlns:gpxtpx="http://www.garmin.com/xmlschemas/TrackPointExtension/v1"><gpxtpx:atemp>18</gpxtpx:atemp></gpxtpx:TrackPointExtension></extensions></trkpt><trkpt lat="42.324855" lon="22.757338"><ele>475.6</ele><time>2026-09-22T08:01:39.000Z</time><extensions><gpxtpx:TrackPointExtension xmlns:gpxtpx="http://www.garmin.com/xmlschemas/TrackPointExtension/v1"><gpxtpx:atemp>18</gpxtpx:atemp></gpxtpx:TrackPointExtension></extensions></trkpt><trkpt lat="42.324757" lon="22.757284"><ele>475.4</ele><time>2026-09-22T08:01:44.000Z</time><extensions><gpxtpx:TrackPointExtension xmlns:gpxtpx="http://www.garmin.com/xmlschemas/TrackPointExtension/v1"><gpxtpx:atemp>18</gpxtpx:atemp></gpxtpx:TrackPointExtension></extensions></trkpt><trkpt lat="42.324718" lon="22.757242"><ele>475.2</ele><time>2026-09-22T08:01:46.000Z</time><extensions><gpxtpx:TrackPointExtension xmlns:gpxtpx="http://www.garmin.com/xmlschemas/TrackPointExtension/v1"><gpxtpx:atemp>18</gpxtpx:atemp></gpxtpx:TrackPointExtension></extensions></trkpt><trkpt lat="42.324703" lon="22.75717"><ele>475</ele><time>2026-09-22T08:01:58.000Z</time><extensions><gpxtpx:TrackPointExtension xmlns:gpxtpx="http://www.garmin.com/xmlschemas/TrackPointExtension/v1"><gpxtpx:atemp>18</gpxtpx:atemp></gpxtpx:TrackPointExtension></extensions></trkpt><trkpt lat="42.324727" lon="22.757129"><ele>475.4</ele><time>2026-09-22T08:10:11.000Z</time><extensions><gpxtpx:TrackPointExtension xmlns:gpxtpx="http://www.garmin.com/xmlschemas/TrackPointExtension/v1"><gpxtpx:atemp>17</gpxtpx:atemp></gpxtpx:TrackPointExtension></extensions></trkpt><trkpt lat="42.324747" lon="22.757129"><ele>475.4</ele><time>2026-09-22T08:10:13.000Z</time><extensions><gpxtpx:TrackPointExtension xmlns:gpxtpx="http://www.garmin.com/xmlschemas/TrackPointExtension/v1"><gpxtpx:atemp>17</gpxtpx:atemp></gpxtpx:TrackPointExtension></extensions></trkpt><trkpt lat="42.32475" lon="22.757169"><ele>475.4</ele><time>2026-09-22T08:10:15.000Z</time><extensions><gpxtpx:TrackPointExtension xmlns:gpxtpx="http://www.garmin.com/xmlschemas/TrackPointExtension/v1"><gpxtpx:atemp>17</gpxtpx:atemp></gpxtpx:TrackPointExtension></extensions></trkpt><trkpt lat="42.324703" lon="22.757267"><ele>475.4</ele><time>2026-09-22T08:10:19.000Z</time><extensions><gpxtpx:TrackPointExtension xmlns:gpxtpx="http://www.garmin.com/xmlschemas/TrackPointExtension/v1"><gpxtpx:atemp>17</gpxtpx:atemp></gpxtpx:TrackPointExtension></extensions></trkpt><trkpt lat="42.324645" lon="22.757312"><ele>475.4</ele><time>2026-09-22T08:10:22.000Z</time><extensions><gpxtpx:TrackPointExtension xmlns:gpxtpx="http://www.garmin.com/xmlschemas/TrackPointExtension/v1"><gpxtpx:atemp>17</gpxtpx:atemp></gpxtpx:TrackPointExtension></extensions></trkpt><trkpt lat="42.324559" lon="22.757295"><ele>474.6</ele><time>2026-09-22T08:11:08.000Z</time><extensions><gpxtpx:TrackPointExtension xmlns:gpxtpx="http://www.garmin.com/xmlschemas/TrackPointExtension/v1"><gpxtpx:atemp>17</gpxtpx:atemp></gpxtpx:TrackPointExtension></extensions></trkpt><trkpt lat="42.324494" lon="22.757409"><ele>474.4</ele><time>2026-09-22T08:11:13.000Z</time><extensions><gpxtpx:TrackPointExtension xmlns:gpxtpx="http://www.garmin.com/xmlschemas/TrackPointExtension/v1"><gpxtpx:atemp>17</gpxtpx:atemp></gpxtpx:TrackPointExtension></extensions></trkpt><trkpt lat="42.324415" lon="22.757485"><ele>474</ele><time>2026-09-22T08:11:16.000Z</time><extensions><gpxtpx:TrackPointExtension xmlns:gpxtpx="http://www.garmin.com/xmlschemas/TrackPointExtension/v1"><gpxtpx:atemp>17</gpxtpx:atemp></gpxtpx:TrackPointExtension></extensions></trkpt><trkpt lat="42.324385" lon="22.757566"><ele>474</ele><time>2026-09-22T08:11:18.000Z</time><extensions><gpxtpx:TrackPointExtension xmlns:gpxtpx="http://www.garmin.com/xmlschemas/TrackPointExtension/v1"><gpxtpx:atemp>17</gpxtpx:atemp></gpxtpx:TrackPointExtension></extensions></trkpt><trkpt lat="42.324346" lon="22.758156"><ele>473.8</ele><time>2026-09-22T08:11:29.000Z</time><extensions><gpxtpx:TrackPointExtension xmlns:gpxtpx="http://www.garmin.com/xmlschemas/TrackPointExtension/v1"><gpxtpx:atemp>17</gpxtpx:atemp></gpxtpx:TrackPointExtension></extensions></trkpt><trkpt lat="42.324022" lon="22.760859"><ele>479.4</ele><time>2026-09-22T08:12:20.000Z</time><extensions><gpxtpx:TrackPointExtension xmlns:gpxtpx="http://www.garmin.com/xmlschemas/TrackPointExtension/v1"><gpxtpx:atemp>18</gpxtpx:atemp></gpxtpx:TrackPointExtension></extensions></trkpt><trkpt lat="42.323265" lon="22.76599"><ele>502.8</ele><time>2026-09-22T08:14:31.000Z</time><extensions><gpxtpx:TrackPointExtension xmlns:gpxtpx="http://www.garmin.com/xmlschemas/TrackPointExtension/v1"><gpxtpx:atemp>19</gpxtpx:atemp></gpxtpx:TrackPointExtension></extensions></trkpt><trkpt lat="42.323198" lon="22.766578"><ele>505.6</ele><time>2026-09-22T08:14:47.000Z</time><extensions><gpxtpx:TrackPointExtension xmlns:gpxtpx="http://www.garmin.com/xmlschemas/TrackPointExtension/v1"><gpxtpx:atemp>19</gpxtpx:atemp></gpxtpx:TrackPointExtension></extensions></trkpt><trkpt lat="42.323171" lon="22.767014"><ele>507.4</ele><time>2026-09-22T08:14:59.000Z</time><extensions><gpxtpx:TrackPointExtension xmlns:gpxtpx="http://www.garmin.com/xmlschemas/TrackPointExtension/v1"><gpxtpx:atemp>19</gpxtpx:atemp></gpxtpx:TrackPointExtension></extensions></trkpt><trkpt lat="42.323176" lon="22.767378"><ele>509</ele><time>2026-09-22T08:15:09.000Z</time><extensions><gpxtpx:TrackPointExtension xmlns:gpxtpx="http://www.garmin.com/xmlschemas/TrackPointExtension/v1"><gpxtpx:atemp>19</gpxtpx:atemp></gpxtpx:TrackPointExtension></extensions></trkpt><trkpt lat="42.3232" lon="22.767789"><ele>510.8</ele><time>2026-09-22T08:15:21.000Z</time><extensions><gpxtpx:TrackPointExtension xmlns:gpxtpx="http://www.garmin.com/xmlschemas/TrackPointExtension/v1"><gpxtpx:atemp>19</gpxtpx:atemp></gpxtpx:TrackPointExtension></extensions></trkpt><trkpt lat="42.323257" lon="22.768221"><ele>512.4</ele><time>2026-09-22T08:15:33.000Z</time><extensions><gpxtpx:TrackPointExtension xmlns:gpxtpx="http://www.garmin.com/xmlschemas/TrackPointExtension/v1"><gpxtpx:atemp>19</gpxtpx:atemp></gpxtpx:TrackPointExtension></extensions></trkpt><trkpt lat="42.32341" lon="22.768939"><ele>515.8</ele><time>2026-09-22T08:15:55.000Z</time><extensions><gpxtpx:TrackPointExtension xmlns:gpxtpx="http://www.garmin.com/xmlschemas/TrackPointExtension/v1"><gpxtpx:atemp>19</gpxtpx:atemp></gpxtpx:TrackPointExtension></extensions></trkpt><trkpt lat="42.323541" lon="22.769324"><ele>518.2</ele><time>2026-09-22T08:16:08.000Z</time><extensions><gpxtpx:TrackPointExtension xmlns:gpxtpx="http://www.garmin.com/xmlschemas/TrackPointExtension/v1"><gpxtpx:atemp>19</gpxtpx:atemp></gpxtpx:TrackPointExtension></extensions></trkpt><trkpt lat="42.323658" lon="22.769614"><ele>519.8</ele><time>2026-09-22T08:16:18.000Z</time><extensions><gpxtpx:TrackPointExtension xmlns:gpxtpx="http://www.garmin.com/xmlschemas/TrackPointExtension/v1"><gpxtpx:atemp>19</gpxtpx:atemp></gpxtpx:TrackPointExtension></extensions></trkpt><trkpt lat="42.323798" lon="22.769911"><ele>521.6</ele><time>2026-09-22T08:16:29.000Z</time><extensions><gpxtpx:TrackPointExtension xmlns:gpxtpx="http://www.garmin.com/xmlschemas/TrackPointExtension/v1"><gpxtpx:atemp>19</gpxtpx:atemp></gpxtpx:TrackPointExtension></extensions></trkpt><trkpt lat="42.324107" lon="22.770461"><ele>525</ele><time>2026-09-22T08:16:50.000Z</time><extensions><gpxtpx:TrackPointExtension xmlns:gpxtpx="http://www.garmin.com/xmlschemas/TrackPointExtension/v1"><gpxtpx:atemp>19</gpxtpx:atemp></gpxtpx:TrackPointExtension></extensions></trkpt><trkpt lat="42.326107" lon="22.77328"><ele>544.6</ele><time>2026-09-22T08:18:57.000Z</time><extensions><gpxtpx:TrackPointExtension xmlns:gpxtpx="http://www.garmin.com/xmlschemas/TrackPointExtension/v1"><gpxtpx:atemp>18</gpxtpx:atemp></gpxtpx:TrackPointExtension></extensions></trkpt><trkpt lat="42.326742" lon="22.774228"><ele>550.8</ele><time>2026-09-22T08:19:45.000Z</time><extensions><gpxtpx:TrackPointExtension xmlns:gpxtpx="http://www.garmin.com/xmlschemas/TrackPointExtension/v1"><gpxtpx:atemp>18</gpxtpx:atemp></gpxtpx:TrackPointExtension></extensions></trkpt><trkpt lat="42.32701" lon="22.774701"><ele>553.6</ele><time>2026-09-22T08:20:06.000Z</time><extensions><gpxtpx:TrackPointExtension xmlns:gpxtpx="http://www.garmin.com/xmlschemas/TrackPointExtension/v1"><gpxtpx:atemp>18</gpxtpx:atemp></gpxtpx:TrackPointExtension></extensions></trkpt><trkpt lat="42.327267" lon="22.775209"><ele>556.8</ele><time>2026-09-22T08:20:30.000Z</time><extensions><gpxtpx:TrackPointExtension xmlns:gpxtpx="http://www.garmin.com/xmlschemas/TrackPointExtension/v1"><gpxtpx:atemp>18</gpxtpx:atemp></gpxtpx:TrackPointExtension></extensions></trkpt><trkpt lat="42.327887" lon="22.77663"><ele>563.8</ele><time>2026-09-22T08:21:30.000Z</time><extensions><gpxtpx:TrackPointExtension xmlns:gpxtpx="http://www.garmin.com/xmlschemas/TrackPointExtension/v1"><gpxtpx:atemp>18</gpxtpx:atemp></gpxtpx:TrackPointExtension></extensions></trkpt><trkpt lat="42.328283" lon="22.777578"><ele>570.2</ele><time>2026-09-22T08:22:04.000Z</time><extensions><gpxtpx:TrackPointExtension xmlns:gpxtpx="http://www.garmin.com/xmlschemas/TrackPointExtension/v1"><gpxtpx:atemp>19</gpxtpx:atemp></gpxtpx:TrackPointExtension></extensions></trkpt><trkpt lat="42.328398" lon="22.777833"><ele>572</ele><time>2026-09-22T08:22:15.000Z</time><extensions><gpxtpx:TrackPointExtension xmlns:gpxtpx="http://www.garmin.com/xmlschemas/TrackPointExtension/v1"><gpxtpx:atemp>19</gpxtpx:atemp></gpxtpx:TrackPointExtension></extensions></trkpt><trkpt lat="42.328691" lon="22.778395"><ele>575.6</ele><time>2026-09-22T08:22:36.000Z</time><extensions><gpxtpx:TrackPointExtension xmlns:gpxtpx="http://www.garmin.com/xmlschemas/TrackPointExtension/v1"><gpxtpx:atemp>19</gpxtpx:atemp></gpxtpx:TrackPointExtension></extensions></trkpt><trkpt lat="42.329025" lon="22.778856"><ele>578.4</ele><time>2026-09-22T08:22:55.000Z</time><extensions><gpxtpx:TrackPointExtension xmlns:gpxtpx="http://www.garmin.com/xmlschemas/TrackPointExtension/v1"><gpxtpx:atemp>18</gpxtpx:atemp></gpxtpx:TrackPointExtension></extensions></trkpt><trkpt lat="42.329245" lon="22.779096"><ele>579.8</ele><time>2026-09-22T08:23:06.000Z</time><extensions><gpxtpx:TrackPointExtension xmlns:gpxtpx="http://www.garmin.com/xmlschemas/TrackPointExtension/v1"><gpxtpx:atemp>18</gpxtpx:atemp></gpxtpx:TrackPointExtension></extensions></trkpt><trkpt lat="42.329591" lon="22.779412"><ele>581.6</ele><time>2026-09-22T08:23:21.000Z</time><extensions><gpxtpx:TrackPointExtension xmlns:gpxtpx="http://www.garmin.com/xmlschemas/TrackPointExtension/v1"><gpxtpx:atemp>18</gpxtpx:atemp></gpxtpx:TrackPointExtension></extensions></trkpt><trkpt lat="42.3308" lon="22.780397"><ele>585.8</ele><time>2026-09-22T08:24:09.000Z</time><extensions><gpxtpx:TrackPointExtension xmlns:gpxtpx="http://www.garmin.com/xmlschemas/TrackPointExtension/v1"><gpxtpx:atemp>18</gpxtpx:atemp></gpxtpx:TrackPointExtension></extensions></trkpt><trkpt lat="42.331448" lon="22.780889"><ele>587.8</ele><time>2026-09-22T08:24:34.000Z</time><extensions><gpxtpx:TrackPointExtension xmlns:gpxtpx="http://www.garmin.com/xmlschemas/TrackPointExtension/v1"><gpxtpx:atemp>18</gpxtpx:atemp></gpxtpx:TrackPointExtension></extensions></trkpt><trkpt lat="42.331964" lon="22.781322"><ele>589.6</ele><time>2026-09-22T08:24:56.000Z</time><extensions><gpxtpx:TrackPointExtension xmlns:gpxtpx="http://www.garmin.com/xmlschemas/TrackPointExtension/v1"><gpxtpx:atemp>18</gpxtpx:atemp></gpxtpx:TrackPointExtension></extensions></trkpt><trkpt lat="42.332369" lon="22.781582"><ele>591.6</ele><time>2026-09-22T08:25:14.000Z</time><extensions><gpxtpx:TrackPointExtension xmlns:gpxtpx="http://www.garmin.com/xmlschemas/TrackPointExtension/v1"><gpxtpx:atemp>18</gpxtpx:atemp></gpxtpx:TrackPointExtension></extensions></trkpt><trkpt lat="42.332629" lon="22.781687"><ele>593</ele><time>2026-09-22T08:25:25.000Z</time><extensions><gpxtpx:TrackPointExtension xmlns:gpxtpx="http://www.garmin.com/xmlschemas/TrackPointExtension/v1"><gpxtpx:atemp>18</gpxtpx:atemp></gpxtpx:TrackPointExtension></extensions></trkpt><trkpt lat="42.332908" lon="22.781773"><ele>594.6</ele><time>2026-09-22T08:25:38.000Z</time><extensions><gpxtpx:TrackPointExtension xmlns:gpxtpx="http://www.garmin.com/xmlschemas/TrackPointExtension/v1"><gpxtpx:atemp>18</gpxtpx:atemp></gpxtpx:TrackPointExtension></extensions></trkpt><trkpt lat="42.333161" lon="22.781797"><ele>596.8</ele><time>2026-09-22T08:25:50.000Z</time><extensions><gpxtpx:TrackPointExtension xmlns:gpxtpx="http://www.garmin.com/xmlschemas/TrackPointExtension/v1"><gpxtpx:atemp>18</gpxtpx:atemp></gpxtpx:TrackPointExtension></extensions></trkpt><trkpt lat="42.333318" lon="22.781827"><ele>598</ele><time>2026-09-22T08:25:58.000Z</time><extensions><gpxtpx:TrackPointExtension xmlns:gpxtpx="http://www.garmin.com/xmlschemas/TrackPointExtension/v1"><gpxtpx:atemp>18</gpxtpx:atemp></gpxtpx:TrackPointExtension></extensions></trkpt><trkpt lat="42.333465" lon="22.781829"><ele>599.2</ele><time>2026-09-22T08:26:06.000Z</time><extensions><gpxtpx:TrackPointExtension xmlns:gpxtpx="http://www.garmin.com/xmlschemas/TrackPointExtension/v1"><gpxtpx:atemp>18</gpxtpx:atemp></gpxtpx:TrackPointExtension></extensions></trkpt><trkpt lat="42.333587" lon="22.781854"><ele>600.2</ele><time>2026-09-22T08:26:13.000Z</time><extensions><gpxtpx:TrackPointExtension xmlns:gpxtpx="http://www.garmin.com/xmlschemas/TrackPointExtension/v1"><gpxtpx:atemp>18</gpxtpx:atemp></gpxtpx:TrackPointExtension></extensions></trkpt><trkpt lat="42.333682" lon="22.781839"><ele>600.8</ele><time>2026-09-22T08:26:18.000Z</time><extensions><gpxtpx:TrackPointExtension xmlns:gpxtpx="http://www.garmin.com/xmlschemas/TrackPointExtension/v1"><gpxtpx:atemp>18</gpxtpx:atemp></gpxtpx:TrackPointExtension></extensions></trkpt><trkpt lat="42.333943" lon="22.781879"><ele>602</ele><time>2026-09-22T08:26:31.000Z</time><extensions><gpxtpx:TrackPointExtension xmlns:gpxtpx="http://www.garmin.com/xmlschemas/TrackPointExtension/v1"><gpxtpx:atemp>18</gpxtpx:atemp></gpxtpx:TrackPointExtension></extensions></trkpt><trkpt lat="42.33435" lon="22.781901"><ele>605.8</ele><time>2026-09-22T08:26:52.000Z</time><extensions><gpxtpx:TrackPointExtension xmlns:gpxtpx="http://www.garmin.com/xmlschemas/TrackPointExtension/v1"><gpxtpx:atemp>18</gpxtpx:atemp></gpxtpx:TrackPointExtension></extensions></trkpt><trkpt lat="42.334424" lon="22.781919"><ele>606.6</ele><time>2026-09-22T08:26:56.000Z</time><extensions><gpxtpx:TrackPointExtension xmlns:gpxtpx="http://www.garmin.com/xmlschemas/TrackPointExtension/v1"><gpxtpx:atemp>18</gpxtpx:atemp></gpxtpx:TrackPointExtension></extensions></trkpt><trkpt lat="42.3346" lon="22.781919"><ele>607.6</ele><time>2026-09-22T08:27:06.000Z</time><extensions><gpxtpx:TrackPointExtension xmlns:gpxtpx="http://www.garmin.com/xmlschemas/TrackPointExtension/v1"><gpxtpx:atemp>18</gpxtpx:atemp></gpxtpx:TrackPointExtension></extensions></trkpt><trkpt lat="42.335051" lon="22.781976"><ele>611</ele><time>2026-09-22T08:27:30.000Z</time><extensions><gpxtpx:TrackPointExtension xmlns:gpxtpx="http://www.garmin.com/xmlschemas/TrackPointExtension/v1"><gpxtpx:atemp>18</gpxtpx:atemp></gpxtpx:TrackPointExtension></extensions></trkpt><trkpt lat="42.335194" lon="22.78198"><ele>612.2</ele><time>2026-09-22T08:27:38.000Z</time><extensions><gpxtpx:TrackPointExtension xmlns:gpxtpx="http://www.garmin.com/xmlschemas/TrackPointExtension/v1"><gpxtpx:atemp>18</gpxtpx:atemp></gpxtpx:TrackPointExtension></extensions></trkpt><trkpt lat="42.335457" lon="22.782023"><ele>614.4</ele><time>2026-09-22T08:27:51.000Z</time><extensions><gpxtpx:TrackPointExtension xmlns:gpxtpx="http://www.garmin.com/xmlschemas/TrackPointExtension/v1"><gpxtpx:atemp>18</gpxtpx:atemp></gpxtpx:TrackPointExtension></extensions></trkpt><trkpt lat="42.335602" lon="22.782074"><ele>615.6</ele><time>2026-09-22T08:27:59.000Z</time><extensions><gpxtpx:TrackPointExtension xmlns:gpxtpx="http://www.garmin.com/xmlschemas/TrackPointExtension/v1"><gpxtpx:atemp>18</gpxtpx:atemp></gpxtpx:TrackPointExtension></extensions></trkpt><trkpt lat="42.335915" lon="22.782237"><ele>619.4</ele><time>2026-09-22T08:28:17.000Z</time><extensions><gpxtpx:TrackPointExtension xmlns:gpxtpx="http://www.garmin.com/xmlschemas/TrackPointExtension/v1"><gpxtpx:atemp>17</gpxtpx:atemp></gpxtpx:TrackPointExtension></extensions></trkpt><trkpt lat="42.336135" lon="22.782322"><ele>621.4</ele><time>2026-09-22T08:28:30.000Z</time><extensions><gpxtpx:TrackPointExtension xmlns:gpxtpx="http://www.garmin.com/xmlschemas/TrackPointExtension/v1"><gpxtpx:atemp>17</gpxtpx:atemp></gpxtpx:TrackPointExtension></extensions></trkpt><trkpt lat="42.336716" lon="22.782396"><ele>626.8</ele><time>2026-09-22T08:29:04.000Z</time><extensions><gpxtpx:TrackPointExtension xmlns:gpxtpx="http://www.garmin.com/xmlschemas/TrackPointExtension/v1"><gpxtpx:atemp>17</gpxtpx:atemp></gpxtpx:TrackPointExtension></extensions></trkpt><trkpt lat="42.336922" lon="22.782453"><ele>628.4</ele><time>2026-09-22T08:29:15.000Z</time><extensions><gpxtpx:TrackPointExtension xmlns:gpxtpx="http://www.garmin.com/xmlschemas/TrackPointExtension/v1"><gpxtpx:atemp>17</gpxtpx:atemp></gpxtpx:TrackPointExtension></extensions></trkpt><trkpt lat="42.337147" lon="22.782597"><ele>630.4</ele><time>2026-09-22T08:29:30.000Z</time><extensions><gpxtpx:TrackPointExtension xmlns:gpxtpx="http://www.garmin.com/xmlschemas/TrackPointExtension/v1"><gpxtpx:atemp>17</gpxtpx:atemp></gpxtpx:TrackPointExtension></extensions></trkpt><trkpt lat="42.337375" lon="22.782805"><ele>632.6</ele><time>2026-09-22T08:29:47.000Z</time><extensions><gpxtpx:TrackPointExtension xmlns:gpxtpx="http://www.garmin.com/xmlschemas/TrackPointExtension/v1"><gpxtpx:atemp>17</gpxtpx:atemp></gpxtpx:TrackPointExtension></extensions></trkpt><trkpt lat="42.337516" lon="22.782886"><ele>634.4</ele><time>2026-09-22T08:29:56.000Z</time><extensions><gpxtpx:TrackPointExtension xmlns:gpxtpx="http://www.garmin.com/xmlschemas/TrackPointExtension/v1"><gpxtpx:atemp>17</gpxtpx:atemp></gpxtpx:TrackPointExtension></extensions></trkpt><trkpt lat="42.337783" lon="22.782996"><ele>637.2</ele><time>2026-09-22T08:30:12.000Z</time><extensions><gpxtpx:TrackPointExtension xmlns:gpxtpx="http://www.garmin.com/xmlschemas/TrackPointExtension/v1"><gpxtpx:atemp>17</gpxtpx:atemp></gpxtpx:TrackPointExtension></extensions></trkpt><trkpt lat="42.338023" lon="22.783071"><ele>639.6</ele><time>2026-09-22T08:30:25.000Z</time><extensions><gpxtpx:TrackPointExtension xmlns:gpxtpx="http://www.garmin.com/xmlschemas/TrackPointExtension/v1"><gpxtpx:atemp>17</gpxtpx:atemp></gpxtpx:TrackPointExtension></extensions></trkpt><trkpt lat="42.338261" lon="22.783166"><ele>641.4</ele><time>2026-09-22T08:30:39.000Z</time><extensions><gpxtpx:TrackPointExtension xmlns:gpxtpx="http://www.garmin.com/xmlschemas/TrackPointExtension/v1"><gpxtpx:atemp>17</gpxtpx:atemp></gpxtpx:TrackPointExtension></extensions></trkpt><trkpt lat="42.33844" lon="22.783216"><ele>643.2</ele><time>2026-09-22T08:30:49.000Z</time><extensions><gpxtpx:TrackPointExtension xmlns:gpxtpx="http://www.garmin.com/xmlschemas/TrackPointExtension/v1"><gpxtpx:atemp>17</gpxtpx:atemp></gpxtpx:TrackPointExtension></extensions></trkpt><trkpt lat="42.338809" lon="22.783239"><ele>646.2</ele><time>2026-09-22T08:31:09.000Z</time><extensions><gpxtpx:TrackPointExtension xmlns:gpxtpx="http://www.garmin.com/xmlschemas/TrackPointExtension/v1"><gpxtpx:atemp>17</gpxtpx:atemp></gpxtpx:TrackPointExtension></extensions></trkpt><trkpt lat="42.339466" lon="22.783231"><ele>651</ele><time>2026-09-22T08:31:48.000Z</time><extensions><gpxtpx:TrackPointExtension xmlns:gpxtpx="http://www.garmin.com/xmlschemas/TrackPointExtension/v1"><gpxtpx:atemp>17</gpxtpx:atemp></gpxtpx:TrackPointExtension></extensions></trkpt><trkpt lat="42.339655" lon="22.783217"><ele>653.2</ele><time>2026-09-22T08:31:59.000Z</time><extensions><gpxtpx:TrackPointExtension xmlns:gpxtpx="http://www.garmin.com/xmlschemas/TrackPointExtension/v1"><gpxtpx:atemp>17</gpxtpx:atemp></gpxtpx:TrackPointExtension></extensions></trkpt><trkpt lat="42.339697" lon="22.783229"><ele>653.6</ele><time>2026-09-22T08:32:01.000Z</time><extensions><gpxtpx:TrackPointExtension xmlns:gpxtpx="http://www.garmin.com/xmlschemas/TrackPointExtension/v1"><gpxtpx:atemp>17</gpxtpx:atemp></gpxtpx:TrackPointExtension></extensions></trkpt><trkpt lat="42.339841" lon="22.783224"><ele>655.4</ele><time>2026-09-22T08:32:09.000Z</time><extensions><gpxtpx:TrackPointExtension xmlns:gpxtpx="http://www.garmin.com/xmlschemas/TrackPointExtension/v1"><gpxtpx:atemp>17</gpxtpx:atemp></gpxtpx:TrackPointExtension></extensions></trkpt><trkpt lat="42.340026" lon="22.78326"><ele>656.8</ele><time>2026-09-22T08:32:19.000Z</time><extensions><gpxtpx:TrackPointExtension xmlns:gpxtpx="http://www.garmin.com/xmlschemas/TrackPointExtension/v1"><gpxtpx:atemp>17</gpxtpx:atemp></gpxtpx:TrackPointExtension></extensions></trkpt><trkpt lat="42.340094" lon="22.783288"><ele>657.4</ele><time>2026-09-22T08:32:23.000Z</time><extensions><gpxtpx:TrackPointExtension xmlns:gpxtpx="http://www.garmin.com/xmlschemas/TrackPointExtension/v1"><gpxtpx:atemp>17</gpxtpx:atemp></gpxtpx:TrackPointExtension></extensions></trkpt><trkpt lat="42.340218" lon="22.783367"><ele>658.6</ele><time>2026-09-22T08:32:31.000Z</time><extensions><gpxtpx:TrackPointExtension xmlns:gpxtpx="http://www.garmin.com/xmlschemas/TrackPointExtension/v1"><gpxtpx:atemp>17</gpxtpx:atemp></gpxtpx:TrackPointExtension></extensions></trkpt><trkpt lat="42.340728" lon="22.783855"><ele>664.4</ele><time>2026-09-22T08:33:07.000Z</time><extensions><gpxtpx:TrackPointExtension xmlns:gpxtpx="http://www.garmin.com/xmlschemas/TrackPointExtension/v1"><gpxtpx:atemp>16</gpxtpx:atemp></gpxtpx:TrackPointExtension></extensions></trkpt><trkpt lat="42.340925" lon="22.784113"><ele>666.8</ele><time>2026-09-22T08:33:22.000Z</time><extensions><gpxtpx:TrackPointExtension xmlns:gpxtpx="http://www.garmin.com/xmlschemas/TrackPointExtension/v1"><gpxtpx:atemp>16</gpxtpx:atemp></gpxtpx:TrackPointExtension></extensions></trkpt><trkpt lat="42.341304" lon="22.78472"><ele>671.4</ele><time>2026-09-22T08:33:55.000Z</time><extensions><gpxtpx:TrackPointExtension xmlns:gpxtpx="http://www.garmin.com/xmlschemas/TrackPointExtension/v1"><gpxtpx:atemp>16</gpxtpx:atemp></gpxtpx:TrackPointExtension></extensions></trkpt><trkpt lat="42.341461" lon="22.784882"><ele>673.2</ele><time>2026-09-22T08:34:07.000Z</time><extensions><gpxtpx:TrackPointExtension xmlns:gpxtpx="http://www.garmin.com/xmlschemas/TrackPointExtension/v1"><gpxtpx:atemp>16</gpxtpx:atemp></gpxtpx:TrackPointExtension></extensions></trkpt><trkpt lat="42.341536" lon="22.784935"><ele>674.4</ele><time>2026-09-22T08:34:12.000Z</time><extensions><gpxtpx:TrackPointExtension xmlns:gpxtpx="http://www.garmin.com/xmlschemas/TrackPointExtension/v1"><gpxtpx:atemp>16</gpxtpx:atemp></gpxtpx:TrackPointExtension></extensions></trkpt><trkpt lat="42.341671" lon="22.785001"><ele>676</ele><time>2026-09-22T08:34:20.000Z</time><extensions><gpxtpx:TrackPointExtension xmlns:gpxtpx="http://www.garmin.com/xmlschemas/TrackPointExtension/v1"><gpxtpx:atemp>16</gpxtpx:atemp></gpxtpx:TrackPointExtension></extensions></trkpt><trkpt lat="42.342101" lon="22.78509"><ele>679.6</ele><time>2026-09-22T08:34:44.000Z</time><extensions><gpxtpx:TrackPointExtension xmlns:gpxtpx="http://www.garmin.com/xmlschemas/TrackPointExtension/v1"><gpxtpx:atemp>16</gpxtpx:atemp></gpxtpx:TrackPointExtension></extensions></trkpt><trkpt lat="42.342312" lon="22.785188"><ele>681.4</ele><time>2026-09-22T08:34:57.000Z</time><extensions><gpxtpx:TrackPointExtension xmlns:gpxtpx="http://www.garmin.com/xmlschemas/TrackPointExtension/v1"><gpxtpx:atemp>16</gpxtpx:atemp></gpxtpx:TrackPointExtension></extensions></trkpt><trkpt lat="42.342507" lon="22.785393"><ele>685.4</ele><time>2026-09-22T08:35:12.000Z</time><extensions><gpxtpx:TrackPointExtension xmlns:gpxtpx="http://www.garmin.com/xmlschemas/TrackPointExtension/v1"><gpxtpx:atemp>16</gpxtpx:atemp></gpxtpx:TrackPointExtension></extensions></trkpt><trkpt lat="42.342821" lon="22.785842"><ele>688.2</ele><time>2026-09-22T08:35:40.000Z</time><extensions><gpxtpx:TrackPointExtension xmlns:gpxtpx="http://www.garmin.com/xmlschemas/TrackPointExtension/v1"><gpxtpx:atemp>16</gpxtpx:atemp></gpxtpx:TrackPointExtension></extensions></trkpt><trkpt lat="42.342952" lon="22.785969"><ele>689.6</ele><time>2026-09-22T08:35:52.000Z</time><extensions><gpxtpx:TrackPointExtension xmlns:gpxtpx="http://www.garmin.com/xmlschemas/TrackPointExtension/v1"><gpxtpx:atemp>16</gpxtpx:atemp></gpxtpx:TrackPointExtension></extensions></trkpt><trkpt lat="42.343025" lon="22.786016"><ele>690.8</ele><time>2026-09-22T08:35:57.000Z</time><extensions><gpxtpx:TrackPointExtension xmlns:gpxtpx="http://www.garmin.com/xmlschemas/TrackPointExtension/v1"><gpxtpx:atemp>16</gpxtpx:atemp></gpxtpx:TrackPointExtension></extensions></trkpt><trkpt lat="42.34351" lon="22.786211"><ele>694.8</ele><time>2026-09-22T08:36:27.000Z</time><extensions><gpxtpx:TrackPointExtension xmlns:gpxtpx="http://www.garmin.com/xmlschemas/TrackPointExtension/v1"><gpxtpx:atemp>16</gpxtpx:atemp></gpxtpx:TrackPointExtension></extensions></trkpt><trkpt lat="42.343631" lon="22.786274"><ele>695.8</ele><time>2026-09-22T08:36:35.000Z</time><extensions><gpxtpx:TrackPointExtension xmlns:gpxtpx="http://www.garmin.com/xmlschemas/TrackPointExtension/v1"><gpxtpx:atemp>16</gpxtpx:atemp></gpxtpx:TrackPointExtension></extensions></trkpt><trkpt lat="42.343785" lon="22.786394"><ele>697.4</ele><time>2026-09-22T08:36:45.000Z</time><extensions><gpxtpx:TrackPointExtension xmlns:gpxtpx="http://www.garmin.com/xmlschemas/TrackPointExtension/v1"><gpxtpx:atemp>16</gpxtpx:atemp></gpxtpx:TrackPointExtension></extensions></trkpt><trkpt lat="42.343952" lon="22.786569"><ele>699.8</ele><time>2026-09-22T08:36:57.000Z</time><extensions><gpxtpx:TrackPointExtension xmlns:gpxtpx="http://www.garmin.com/xmlschemas/TrackPointExtension/v1"><gpxtpx:atemp>16</gpxtpx:atemp></gpxtpx:TrackPointExtension></extensions></trkpt><trkpt lat="42.344462" lon="22.787509"><ele>708.4</ele><time>2026-09-22T08:37:46.000Z</time><extensions><gpxtpx:TrackPointExtension xmlns:gpxtpx="http://www.garmin.com/xmlschemas/TrackPointExtension/v1"><gpxtpx:atemp>16</gpxtpx:atemp></gpxtpx:TrackPointExtension></extensions></trkpt><trkpt lat="42.344809" lon="22.787963"><ele>712.4</ele><time>2026-09-22T08:38:12.000Z</time><extensions><gpxtpx:TrackPointExtension xmlns:gpxtpx="http://www.garmin.com/xmlschemas/TrackPointExtension/v1"><gpxtpx:atemp>16</gpxtpx:atemp></gpxtpx:TrackPointExtension></extensions></trkpt><trkpt lat="42.344938" lon="22.788161"><ele>713.6</ele><time>2026-09-22T08:38:22.000Z</time><extensions><gpxtpx:TrackPointExtension xmlns:gpxtpx="http://www.garmin.com/xmlschemas/TrackPointExtension/v1"><gpxtpx:atemp>16</gpxtpx:atemp></gpxtpx:TrackPointExtension></extensions></trkpt><trkpt lat="42.34504" lon="22.78835"><ele>714.8</ele><time>2026-09-22T08:38:31.000Z</time><extensions><gpxtpx:TrackPointExtension xmlns:gpxtpx="http://www.garmin.com/xmlschemas/TrackPointExtension/v1"><gpxtpx:atemp>16</gpxtpx:atemp></gpxtpx:TrackPointExtension></extensions></trkpt><trkpt lat="42.345207" lon="22.788765"><ele>717</ele><time>2026-09-22T08:38:50.000Z</time><extensions><gpxtpx:TrackPointExtension xmlns:gpxtpx="http://www.garmin.com/xmlschemas/TrackPointExtension/v1"><gpxtpx:atemp>15</gpxtpx:atemp></gpxtpx:TrackPointExtension></extensions></trkpt><trkpt lat="42.345252" lon="22.788913"><ele>717.8</ele><time>2026-09-22T08:38:57.000Z</time><extensions><gpxtpx:TrackPointExtension xmlns:gpxtpx="http://www.garmin.com/xmlschemas/TrackPointExtension/v1"><gpxtpx:atemp>15</gpxtpx:atemp></gpxtpx:TrackPointExtension></extensions></trkpt><trkpt lat="42.345312" lon="22.789146"><ele>719</ele><time>2026-09-22T08:39:07.000Z</time><extensions><gpxtpx:TrackPointExtension xmlns:gpxtpx="http://www.garmin.com/xmlschemas/TrackPointExtension/v1"><gpxtpx:atemp>15</gpxtpx:atemp></gpxtpx:TrackPointExtension></extensions></trkpt><trkpt lat="42.345338" lon="22.789463"><ele>721.4</ele><time>2026-09-22T08:39:20.000Z</time><extensions><gpxtpx:TrackPointExtension xmlns:gpxtpx="http://www.garmin.com/xmlschemas/TrackPointExtension/v1"><gpxtpx:atemp>15</gpxtpx:atemp></gpxtpx:TrackPointExtension></extensions></trkpt><trkpt lat="42.345331" lon="22.789625"><ele>722.6</ele><time>2026-09-22T08:39:27.000Z</time><extensions><gpxtpx:TrackPointExtension xmlns:gpxtpx="http://www.garmin.com/xmlschemas/TrackPointExtension/v1"><gpxtpx:atemp>15</gpxtpx:atemp></gpxtpx:TrackPointExtension></extensions></trkpt><trkpt lat="42.345298" lon="22.789833"><ele>724.2</ele><time>2026-09-22T08:39:37.000Z</time><extensions><gpxtpx:TrackPointExtension xmlns:gpxtpx="http://www.garmin.com/xmlschemas/TrackPointExtension/v1"><gpxtpx:atemp>15</gpxtpx:atemp></gpxtpx:TrackPointExtension></extensions></trkpt><trkpt lat="42.345256" lon="22.789983"><ele>725.2</ele><time>2026-09-22T08:39:44.000Z</time><extensions><gpxtpx:TrackPointExtension xmlns:gpxtpx="http://www.garmin.com/xmlschemas/TrackPointExtension/v1"><gpxtpx:atemp>15</gpxtpx:atemp></gpxtpx:TrackPointExtension></extensions></trkpt><trkpt lat="42.345211" lon="22.79024"><ele>726.8</ele><time>2026-09-22T08:39:55.000Z</time><extensions><gpxtpx:TrackPointExtension xmlns:gpxtpx="http://www.garmin.com/xmlschemas/TrackPointExtension/v1"><gpxtpx:atemp>15</gpxtpx:atemp></gpxtpx:TrackPointExtension></extensions></trkpt><trkpt lat="42.344998" lon="22.791094"><ele>732.4</ele><time>2026-09-22T08:40:30.000Z</time><extensions><gpxtpx:TrackPointExtension xmlns:gpxtpx="http://www.garmin.com/xmlschemas/TrackPointExtension/v1"><gpxtpx:atemp>15</gpxtpx:atemp></gpxtpx:TrackPointExtension></extensions></trkpt><trkpt lat="42.344904" lon="22.791372"><ele>733.8</ele><time>2026-09-22T08:40:40.000Z</time><extensions><gpxtpx:TrackPointExtension xmlns:gpxtpx="http://www.garmin.com/xmlschemas/TrackPointExtension/v1"><gpxtpx:atemp>15</gpxtpx:atemp></gpxtpx:TrackPointExtension></extensions></trkpt><trkpt lat="42.344847" lon="22.791491"><ele>734.6</ele><time>2026-09-22T08:40:45.000Z</time><extensions><gpxtpx:TrackPointExtension xmlns:gpxtpx="http://www.garmin.com/xmlschemas/TrackPointExtension/v1"><gpxtpx:atemp>15</gpxtpx:atemp></gpxtpx:TrackPointExtension></extensions></trkpt><trkpt lat="42.344733" lon="22.791696"><ele>735.8</ele><time>2026-09-22T08:40:54.000Z</time><extensions><gpxtpx:TrackPointExtension xmlns:gpxtpx="http://www.garmin.com/xmlschemas/TrackPointExtension/v1"><gpxtpx:atemp>15</gpxtpx:atemp></gpxtpx:TrackPointExtension></extensions></trkpt><trkpt lat="42.344551" lon="22.791948"><ele>736.6</ele><time>2026-09-22T08:41:04.000Z</time><extensions><gpxtpx:TrackPointExtension xmlns:gpxtpx="http://www.garmin.com/xmlschemas/TrackPointExtension/v1"><gpxtpx:atemp>15</gpxtpx:atemp></gpxtpx:TrackPointExtension></extensions></trkpt><trkpt lat="42.344421" lon="22.792202"><ele>737.2</ele><time>2026-09-22T08:41:13.000Z</time><extensions><gpxtpx:TrackPointExtension xmlns:gpxtpx="http://www.garmin.com/xmlschemas/TrackPointExtension/v1"><gpxtpx:atemp>15</gpxtpx:atemp></gpxtpx:TrackPointExtension></extensions></trkpt><trkpt lat="42.344356" lon="22.792246"><ele>737.4</ele><time>2026-09-22T08:41:20.000Z</time><extensions><gpxtpx:TrackPointExtension xmlns:gpxtpx="http://www.garmin.com/xmlschemas/TrackPointExtension/v1"><gpxtpx:atemp>15</gpxtpx:atemp></gpxtpx:TrackPointExtension></extensions></trkpt><trkpt lat="42.344391" lon="22.792231"><ele>737.4</ele><time>2026-09-22T08:45:46.000Z</time><extensions><gpxtpx:TrackPointExtension xmlns:gpxtpx="http://www.garmin.com/xmlschemas/TrackPointExtension/v1"><gpxtpx:atemp>15</gpxtpx:atemp></gpxtpx:TrackPointExtension></extensions></trkpt><trkpt lat="42.344398" lon="22.792271"><ele>737.4</ele><time>2026-09-22T08:45:55.000Z</time><extensions><gpxtpx:TrackPointExtension xmlns:gpxtpx="http://www.garmin.com/xmlschemas/TrackPointExtension/v1"><gpxtpx:atemp>15</gpxtpx:atemp></gpxtpx:TrackPointExtension></extensions></trkpt><trkpt lat="42.344212" lon="22.792551"><ele>737.4</ele><time>2026-09-22T08:46:05.000Z</time><extensions><gpxtpx:TrackPointExtension xmlns:gpxtpx="http://www.garmin.com/xmlschemas/TrackPointExtension/v1"><gpxtpx:atemp>15</gpxtpx:atemp></gpxtpx:TrackPointExtension></extensions></trkpt><trkpt lat="42.344054" lon="22.792733"><ele>737.4</ele><time>2026-09-22T08:46:11.000Z</time><extensions><gpxtpx:TrackPointExtension xmlns:gpxtpx="http://www.garmin.com/xmlschemas/TrackPointExtension/v1"><gpxtpx:atemp>15</gpxtpx:atemp></gpxtpx:TrackPointExtension></extensions></trkpt><trkpt lat="42.343617" lon="22.793076"><ele>737.4</ele><time>2026-09-22T08:46:24.000Z</time><extensions><gpxtpx:TrackPointExtension xmlns:gpxtpx="http://www.garmin.com/xmlschemas/TrackPointExtension/v1"><gpxtpx:atemp>15</gpxtpx:atemp></gpxtpx:TrackPointExtension></extensions></trkpt><trkpt lat="42.343513" lon="22.793182"><ele>737.4</ele><time>2026-09-22T08:46:27.000Z</time><extensions><gpxtpx:TrackPointExtension xmlns:gpxtpx="http://www.garmin.com/xmlschemas/TrackPointExtension/v1"><gpxtpx:atemp>15</gpxtpx:atemp></gpxtpx:TrackPointExtension></extensions></trkpt><trkpt lat="42.343388" lon="22.793359"><ele>737.4</ele><time>2026-09-22T08:46:31.000Z</time><extensions><gpxtpx:TrackPointExtension xmlns:gpxtpx="http://www.garmin.com/xmlschemas/TrackPointExtension/v1"><gpxtpx:atemp>16</gpxtpx:atemp></gpxtpx:TrackPointExtension></extensions></trkpt><trkpt lat="42.343326" lon="22.793513"><ele>737.6</ele><time>2026-09-22T08:46:34.000Z</time><extensions><gpxtpx:TrackPointExtension xmlns:gpxtpx="http://www.garmin.com/xmlschemas/TrackPointExtension/v1"><gpxtpx:atemp>16</gpxtpx:atemp></gpxtpx:TrackPointExtension></extensions></trkpt><trkpt lat="42.343302" lon="22.793623"><ele>737.6</ele><time>2026-09-22T08:46:36.000Z</time><extensions><gpxtpx:TrackPointExtension xmlns:gpxtpx="http://www.garmin.com/xmlschemas/TrackPointExtension/v1"><gpxtpx:atemp>16</gpxtpx:atemp></gpxtpx:TrackPointExtension></extensions></trkpt><trkpt lat="42.343297" lon="22.793795"><ele>737.8</ele><time>2026-09-22T08:46:39.000Z</time><extensions><gpxtpx:TrackPointExtension xmlns:gpxtpx="http://www.garmin.com/xmlschemas/TrackPointExtension/v1"><gpxtpx:atemp>16</gpxtpx:atemp></gpxtpx:TrackPointExtension></extensions></trkpt><trkpt lat="42.343318" lon="22.79391"><ele>738</ele><time>2026-09-22T08:46:41.000Z</time><extensions><gpxtpx:TrackPointExtension xmlns:gpxtpx="http://www.garmin.com/xmlschemas/TrackPointExtension/v1"><gpxtpx:atemp>16</gpxtpx:atemp></gpxtpx:TrackPointExtension></extensions></trkpt><trkpt lat="42.343436" lon="22.794307"><ele>738.2</ele><time>2026-09-22T08:46:48.000Z</time><extensions><gpxtpx:TrackPointExtension xmlns:gpxtpx="http://www.garmin.com/xmlschemas/TrackPointExtension/v1"><gpxtpx:atemp>16</gpxtpx:atemp></gpxtpx:TrackPointExtension></extensions></trkpt><trkpt lat="42.343505" lon="22.794472"><ele>737.8</ele><time>2026-09-22T08:46:51.000Z</time><extensions><gpxtpx:TrackPointExtension xmlns:gpxtpx="http://www.garmin.com/xmlschemas/TrackPointExtension/v1"><gpxtpx:atemp>16</gpxtpx:atemp></gpxtpx:TrackPointExtension></extensions></trkpt><trkpt lat="42.343619" lon="22.79466"><ele>737.2</ele><time>2026-09-22T08:46:55.000Z</time><extensions><gpxtpx:TrackPointExtension xmlns:gpxtpx="http://www.garmin.com/xmlschemas/TrackPointExtension/v1"><gpxtpx:atemp>16</gpxtpx:atemp></gpxtpx:TrackPointExtension></extensions></trkpt><trkpt lat="42.344355" lon="22.795505"><ele>737.4</ele><time>2026-09-22T08:47:19.000Z</time><extensions><gpxtpx:TrackPointExtension xmlns:gpxtpx="http://www.garmin.com/xmlschemas/TrackPointExtension/v1"><gpxtpx:atemp>16</gpxtpx:atemp></gpxtpx:TrackPointExtension></extensions></trkpt><trkpt lat="42.344427" lon="22.795567"><ele>737.8</ele><time>2026-09-22T08:47:22.000Z</time><extensions><gpxtpx:TrackPointExtension xmlns:gpxtpx="http://www.garmin.com/xmlschemas/TrackPointExtension/v1"><gpxtpx:atemp>16</gpxtpx:atemp></gpxtpx:TrackPointExtension></extensions></trkpt><trkpt lat="42.344769" lon="22.795767"><ele>739.6</ele><time>2026-09-22T08:47:35.000Z</time><extensions><gpxtpx:TrackPointExtension xmlns:gpxtpx="http://www.garmin.com/xmlschemas/TrackPointExtension/v1"><gpxtpx:atemp>16</gpxtpx:atemp></gpxtpx:TrackPointExtension></extensions></trkpt><trkpt lat="42.344835" lon="22.795819"><ele>740.2</ele><time>2026-09-22T08:47:38.000Z</time><extensions><gpxtpx:TrackPointExtension xmlns:gpxtpx="http://www.garmin.com/xmlschemas/TrackPointExtension/v1"><gpxtpx:atemp>16</gpxtpx:atemp></gpxtpx:TrackPointExtension></extensions></trkpt><trkpt lat="42.345348" lon="22.796102"><ele>744</ele><time>2026-09-22T08:48:02.000Z</time><extensions><gpxtpx:TrackPointExtension xmlns:gpxtpx="http://www.garmin.com/xmlschemas/TrackPointExtension/v1"><gpxtpx:atemp>16</gpxtpx:atemp></gpxtpx:TrackPointExtension></extensions></trkpt><trkpt lat="42.345586" lon="22.796206"><ele>746.2</ele><time>2026-09-22T08:48:15.000Z</time><extensions><gpxtpx:TrackPointExtension xmlns:gpxtpx="http://www.garmin.com/xmlschemas/TrackPointExtension/v1"><gpxtpx:atemp>16</gpxtpx:atemp></gpxtpx:TrackPointExtension></extensions></trkpt><trkpt lat="42.346246" lon="22.796318"><ele>750.6</ele><time>2026-09-22T08:48:48.000Z</time><extensions><gpxtpx:TrackPointExtension xmlns:gpxtpx="http://www.garmin.com/xmlschemas/TrackPointExtension/v1"><gpxtpx:atemp>17</gpxtpx:atemp></gpxtpx:TrackPointExtension></extensions></trkpt><trkpt lat="42.346343" lon="22.796317"><ele>751.2</ele><time>2026-09-22T08:48:53.000Z</time><extensions><gpxtpx:TrackPointExtension xmlns:gpxtpx="http://www.garmin.com/xmlschemas/TrackPointExtension/v1"><gpxtpx:atemp>17</gpxtpx:atemp></gpxtpx:TrackPointExtension></extensions></trkpt><trkpt lat="42.346535" lon="22.79635"><ele>752</ele><time>2026-09-22T08:49:02.000Z</time><extensions><gpxtpx:TrackPointExtension xmlns:gpxtpx="http://www.garmin.com/xmlschemas/TrackPointExtension/v1"><gpxtpx:atemp>17</gpxtpx:atemp></gpxtpx:TrackPointExtension></extensions></trkpt><trkpt lat="42.346778" lon="22.796452"><ele>753.4</ele><time>2026-09-22T08:49:13.000Z</time><extensions><gpxtpx:TrackPointExtension xmlns:gpxtpx="http://www.garmin.com/xmlschemas/TrackPointExtension/v1"><gpxtpx:atemp>17</gpxtpx:atemp></gpxtpx:TrackPointExtension></extensions></trkpt><trkpt lat="42.346911" lon="22.79657"><ele>754.6</ele><time>2026-09-22T08:49:20.000Z</time><extensions><gpxtpx:TrackPointExtension xmlns:gpxtpx="http://www.garmin.com/xmlschemas/TrackPointExtension/v1"><gpxtpx:atemp>17</gpxtpx:atemp></gpxtpx:TrackPointExtension></extensions></trkpt><trkpt lat="42.347051" lon="22.796769"><ele>756.2</ele><time>2026-09-22T08:49:30.000Z</time><extensions><gpxtpx:TrackPointExtension xmlns:gpxtpx="http://www.garmin.com/xmlschemas/TrackPointExtension/v1"><gpxtpx:atemp>17</gpxtpx:atemp></gpxtpx:TrackPointExtension></extensions></trkpt><trkpt lat="42.347565" lon="22.797782"><ele>760.8</ele><time>2026-09-22T08:50:06.000Z</time><extensions><gpxtpx:TrackPointExtension xmlns:gpxtpx="http://www.garmin.com/xmlschemas/TrackPointExtension/v1"><gpxtpx:atemp>17</gpxtpx:atemp></gpxtpx:TrackPointExtension></extensions></trkpt><trkpt lat="42.347666" lon="22.797892"><ele>761.4</ele><time>2026-09-22T08:50:11.000Z</time><extensions><gpxtpx:TrackPointExtension xmlns:gpxtpx="http://www.garmin.com/xmlschemas/TrackPointExtension/v1"><gpxtpx:atemp>17</gpxtpx:atemp></gpxtpx:TrackPointExtension></extensions></trkpt><trkpt lat="42.347768" lon="22.797938"><ele>762.2</ele><time>2026-09-22T08:50:15.000Z</time><extensions><gpxtpx:TrackPointExtension xmlns:gpxtpx="http://www.garmin.com/xmlschemas/TrackPointExtension/v1"><gpxtpx:atemp>17</gpxtpx:atemp></gpxtpx:TrackPointExtension></extensions></trkpt><trkpt lat="42.347826" lon="22.797946"><ele>762.4</ele><time>2026-09-22T08:50:17.000Z</time><extensions><gpxtpx:TrackPointExtension xmlns:gpxtpx="http://www.garmin.com/xmlschemas/TrackPointExtension/v1"><gpxtpx:atemp>17</gpxtpx:atemp></gpxtpx:TrackPointExtension></extensions></trkpt><trkpt lat="42.347976" lon="22.797906"><ele>763.2</ele><time>2026-09-22T08:50:22.000Z</time><extensions><gpxtpx:TrackPointExtension xmlns:gpxtpx="http://www.garmin.com/xmlschemas/TrackPointExtension/v1"><gpxtpx:atemp>17</gpxtpx:atemp></gpxtpx:TrackPointExtension></extensions></trkpt><trkpt lat="42.348117" lon="22.797803"><ele>763.6</ele><time>2026-09-22T08:50:27.000Z</time><extensions><gpxtpx:TrackPointExtension xmlns:gpxtpx="http://www.garmin.com/xmlschemas/TrackPointExtension/v1"><gpxtpx:atemp>17</gpxtpx:atemp></gpxtpx:TrackPointExtension></extensions></trkpt><trkpt lat="42.348166" lon="22.79775"><ele>764</ele><time>2026-09-22T08:50:29.000Z</time><extensions><gpxtpx:TrackPointExtension xmlns:gpxtpx="http://www.garmin.com/xmlschemas/TrackPointExtension/v1"><gpxtpx:atemp>17</gpxtpx:atemp></gpxtpx:TrackPointExtension></extensions></trkpt><trkpt lat="42.348261" lon="22.79758"><ele>764.4</ele><time>2026-09-22T08:50:34.000Z</time><extensions><gpxtpx:TrackPointExtension xmlns:gpxtpx="http://www.garmin.com/xmlschemas/TrackPointExtension/v1"><gpxtpx:atemp>17</gpxtpx:atemp></gpxtpx:TrackPointExtension></extensions></trkpt><trkpt lat="42.348339" lon="22.797352"><ele>764.8</ele><time>2026-09-22T08:50:40.000Z</time><extensions><gpxtpx:TrackPointExtension xmlns:gpxtpx="http://www.garmin.com/xmlschemas/TrackPointExtension/v1"><gpxtpx:atemp>17</gpxtpx:atemp></gpxtpx:TrackPointExtension></extensions></trkpt><trkpt lat="42.348447" lon="22.797102"><ele>765.2</ele><time>2026-09-22T08:50:47.000Z</time><extensions><gpxtpx:TrackPointExtension xmlns:gpxtpx="http://www.garmin.com/xmlschemas/TrackPointExtension/v1"><gpxtpx:atemp>17</gpxtpx:atemp></gpxtpx:TrackPointExtension></extensions></trkpt><trkpt lat="42.348567" lon="22.796945"><ele>765.6</ele><time>2026-09-22T08:50:52.000Z</time><extensions><gpxtpx:TrackPointExtension xmlns:gpxtpx="http://www.garmin.com/xmlschemas/TrackPointExtension/v1"><gpxtpx:atemp>17</gpxtpx:atemp></gpxtpx:TrackPointExtension></extensions></trkpt><trkpt lat="42.348684" lon="22.796873"><ele>766</ele><time>2026-09-22T08:50:56.000Z</time><extensions><gpxtpx:TrackPointExtension xmlns:gpxtpx="http://www.garmin.com/xmlschemas/TrackPointExtension/v1"><gpxtpx:atemp>17</gpxtpx:atemp></gpxtpx:TrackPointExtension></extensions></trkpt><trkpt lat="42.349217" lon="22.796711"><ele>766.8</ele><time>2026-09-22T08:51:13.000Z</time><extensions><gpxtpx:TrackPointExtension xmlns:gpxtpx="http://www.garmin.com/xmlschemas/TrackPointExtension/v1"><gpxtpx:atemp>17</gpxtpx:atemp></gpxtpx:TrackPointExtension></extensions></trkpt><trkpt lat="42.349353" lon="22.796624"><ele>767.2</ele><time>2026-09-22T08:51:18.000Z</time><extensions><gpxtpx:TrackPointExtension xmlns:gpxtpx="http://www.garmin.com/xmlschemas/TrackPointExtension/v1"><gpxtpx:atemp>17</gpxtpx:atemp></gpxtpx:TrackPointExtension></extensions></trkpt><trkpt lat="42.349538" lon="22.796444"><ele>767.6</ele><time>2026-09-22T08:51:25.000Z</time><extensions><gpxtpx:TrackPointExtension xmlns:gpxtpx="http://www.garmin.com/xmlschemas/TrackPointExtension/v1"><gpxtpx:atemp>17</gpxtpx:atemp></gpxtpx:TrackPointExtension></extensions></trkpt><trkpt lat="42.349828" lon="22.796049"><ele>768.2</ele><time>2026-09-22T08:51:36.000Z</time><extensions><gpxtpx:TrackPointExtension xmlns:gpxtpx="http://www.garmin.com/xmlschemas/TrackPointExtension/v1"><gpxtpx:atemp>17</gpxtpx:atemp></gpxtpx:TrackPointExtension></extensions></trkpt><trkpt lat="42.34998" lon="22.795918"><ele>768.6</ele><time>2026-09-22T08:51:41.000Z</time><extensions><gpxtpx:TrackPointExtension xmlns:gpxtpx="http://www.garmin.com/xmlschemas/TrackPointExtension/v1"><gpxtpx:atemp>17</gpxtpx:atemp></gpxtpx:TrackPointExtension></extensions></trkpt><trkpt lat="42.350142" lon="22.795847"><ele>769</ele><time>2026-09-22T08:51:46.000Z</time><extensions><gpxtpx:TrackPointExtension xmlns:gpxtpx="http://www.garmin.com/xmlschemas/TrackPointExtension/v1"><gpxtpx:atemp>17</gpxtpx:atemp></gpxtpx:TrackPointExtension></extensions></trkpt><trkpt lat="42.350369" lon="22.795808"><ele>769.4</ele><time>2026-09-22T08:51:53.000Z</time><extensions><gpxtpx:TrackPointExtension xmlns:gpxtpx="http://www.garmin.com/xmlschemas/TrackPointExtension/v1"><gpxtpx:atemp>17</gpxtpx:atemp></gpxtpx:TrackPointExtension></extensions></trkpt><trkpt lat="42.350939" lon="22.795837"><ele>772.2</ele><time>2026-09-22T08:52:13.000Z</time><extensions><gpxtpx:TrackPointExtension xmlns:gpxtpx="http://www.garmin.com/xmlschemas/TrackPointExtension/v1"><gpxtpx:atemp>16</gpxtpx:atemp></gpxtpx:TrackPointExtension></extensions></trkpt><trkpt lat="42.351064" lon="22.795855"><ele>772.6</ele><time>2026-09-22T08:52:17.000Z</time><extensions><gpxtpx:TrackPointExtension xmlns:gpxtpx="http://www.garmin.com/xmlschemas/TrackPointExtension/v1"><gpxtpx:atemp>16</gpxtpx:atemp></gpxtpx:TrackPointExtension></extensions></trkpt><trkpt lat="42.351568" lon="22.795815"><ele>774.6</ele><time>2026-09-22T08:52:37.000Z</time><extensions><gpxtpx:TrackPointExtension xmlns:gpxtpx="http://www.garmin.com/xmlschemas/TrackPointExtension/v1"><gpxtpx:atemp>16</gpxtpx:atemp></gpxtpx:TrackPointExtension></extensions></trkpt><trkpt lat="42.351912" lon="22.795764"><ele>776.4</ele><time>2026-09-22T08:52:52.000Z</time><extensions><gpxtpx:TrackPointExtension xmlns:gpxtpx="http://www.garmin.com/xmlschemas/TrackPointExtension/v1"><gpxtpx:atemp>16</gpxtpx:atemp></gpxtpx:TrackPointExtension></extensions></trkpt><trkpt lat="42.352023" lon="22.795731"><ele>777</ele><time>2026-09-22T08:52:57.000Z</time><extensions><gpxtpx:TrackPointExtension xmlns:gpxtpx="http://www.garmin.com/xmlschemas/TrackPointExtension/v1"><gpxtpx:atemp>16</gpxtpx:atemp></gpxtpx:TrackPointExtension></extensions></trkpt><trkpt lat="42.35303" lon="22.795245"><ele>782.8</ele><time>2026-09-22T08:53:46.000Z</time><extensions><gpxtpx:TrackPointExtension xmlns:gpxtpx="http://www.garmin.com/xmlschemas/TrackPointExtension/v1"><gpxtpx:atemp>16</gpxtpx:atemp></gpxtpx:TrackPointExtension></extensions></trkpt><trkpt lat="42.353264" lon="22.795158"><ele>784.2</ele><time>2026-09-22T08:53:57.000Z</time><extensions><gpxtpx:TrackPointExtension xmlns:gpxtpx="http://www.garmin.com/xmlschemas/TrackPointExtension/v1"><gpxtpx:atemp>16</gpxtpx:atemp></gpxtpx:TrackPointExtension></extensions></trkpt><trkpt lat="42.353457" lon="22.795113"><ele>785.4</ele><time>2026-09-22T08:54:06.000Z</time><extensions><gpxtpx:TrackPointExtension xmlns:gpxtpx="http://www.garmin.com/xmlschemas/TrackPointExtension/v1"><gpxtpx:atemp>16</gpxtpx:atemp></gpxtpx:TrackPointExtension></extensions></trkpt><trkpt lat="42.35365" lon="22.795125"><ele>786.6</ele><time>2026-09-22T08:54:15.000Z</time><extensions><gpxtpx:TrackPointExtension xmlns:gpxtpx="http://www.garmin.com/xmlschemas/TrackPointExtension/v1"><gpxtpx:atemp>16</gpxtpx:atemp></gpxtpx:TrackPointExtension></extensions></trkpt><trkpt lat="42.353769" lon="22.795194"><ele>787.4</ele><time>2026-09-22T08:54:21.000Z</time><extensions><gpxtpx:TrackPointExtension xmlns:gpxtpx="http://www.garmin.com/xmlschemas/TrackPointExtension/v1"><gpxtpx:atemp>16</gpxtpx:atemp></gpxtpx:TrackPointExtension></extensions></trkpt><trkpt lat="42.353906" lon="22.79535"><ele>788.6</ele><time>2026-09-22T08:54:29.000Z</time><extensions><gpxtpx:TrackPointExtension xmlns:gpxtpx="http://www.garmin.com/xmlschemas/TrackPointExtension/v1"><gpxtpx:atemp>16</gpxtpx:atemp></gpxtpx:TrackPointExtension></extensions></trkpt><trkpt lat="42.354144" lon="22.79572"><ele>790.4</ele><time>2026-09-22T08:54:45.000Z</time><extensions><gpxtpx:TrackPointExtension xmlns:gpxtpx="http://www.garmin.com/xmlschemas/TrackPointExtension/v1"><gpxtpx:atemp>16</gpxtpx:atemp></gpxtpx:TrackPointExtension></extensions></trkpt><trkpt lat="42.35439" lon="22.796068"><ele>792.8</ele><time>2026-09-22T08:55:01.000Z</time><extensions><gpxtpx:TrackPointExtension xmlns:gpxtpx="http://www.garmin.com/xmlschemas/TrackPointExtension/v1"><gpxtpx:atemp>16</gpxtpx:atemp></gpxtpx:TrackPointExtension></extensions></trkpt><trkpt lat="42.354645" lon="22.796316"><ele>795.4</ele><time>2026-09-22T08:55:16.000Z</time><extensions><gpxtpx:TrackPointExtension xmlns:gpxtpx="http://www.garmin.com/xmlschemas/TrackPointExtension/v1"><gpxtpx:atemp>16</gpxtpx:atemp></gpxtpx:TrackPointExtension></extensions></trkpt><trkpt lat="42.354783" lon="22.79639"><ele>796.8</ele><time>2026-09-22T08:55:24.000Z</time><extensions><gpxtpx:TrackPointExtension xmlns:gpxtpx="http://www.garmin.com/xmlschemas/TrackPointExtension/v1"><gpxtpx:atemp>16</gpxtpx:atemp></gpxtpx:TrackPointExtension></extensions></trkpt><trkpt lat="42.354868" lon="22.796394"><ele>797.4</ele><time>2026-09-22T08:55:28.000Z</time><extensions><gpxtpx:TrackPointExtension xmlns:gpxtpx="http://www.garmin.com/xmlschemas/TrackPointExtension/v1"><gpxtpx:atemp>16</gpxtpx:atemp></gpxtpx:TrackPointExtension></extensions></trkpt><trkpt lat="42.354934" lon="22.79638"><ele>798</ele><time>2026-09-22T08:55:31.000Z</time><extensions><gpxtpx:TrackPointExtension xmlns:gpxtpx="http://www.garmin.com/xmlschemas/TrackPointExtension/v1"><gpxtpx:atemp>16</gpxtpx:atemp></gpxtpx:TrackPointExtension></extensions></trkpt><trkpt lat="42.355251" lon="22.796243"><ele>800.4</ele><time>2026-09-22T08:55:47.000Z</time><extensions><gpxtpx:TrackPointExtension xmlns:gpxtpx="http://www.garmin.com/xmlschemas/TrackPointExtension/v1"><gpxtpx:atemp>16</gpxtpx:atemp></gpxtpx:TrackPointExtension></extensions></trkpt><trkpt lat="42.355491" lon="22.796168"><ele>802</ele><time>2026-09-22T08:55:59.000Z</time><extensions><gpxtpx:TrackPointExtension xmlns:gpxtpx="http://www.garmin.com/xmlschemas/TrackPointExtension/v1"><gpxtpx:atemp>16</gpxtpx:atemp></gpxtpx:TrackPointExtension></extensions></trkpt><trkpt lat="42.355796" lon="22.796117"><ele>804.6</ele><time>2026-09-22T08:56:15.000Z</time><extensions><gpxtpx:TrackPointExtension xmlns:gpxtpx="http://www.garmin.com/xmlschemas/TrackPointExtension/v1"><gpxtpx:atemp>16</gpxtpx:atemp></gpxtpx:TrackPointExtension></extensions></trkpt><trkpt lat="42.356081" lon="22.796042"><ele>807</ele><time>2026-09-22T08:56:30.000Z</time><extensions><gpxtpx:TrackPointExtension xmlns:gpxtpx="http://www.garmin.com/xmlschemas/TrackPointExtension/v1"><gpxtpx:atemp>16</gpxtpx:atemp></gpxtpx:TrackPointExtension></extensions></trkpt><trkpt lat="42.356537" lon="22.795948"><ele>810.6</ele><time>2026-09-22T08:56:54.000Z</time><extensions><gpxtpx:TrackPointExtension xmlns:gpxtpx="http://www.garmin.com/xmlschemas/TrackPointExtension/v1"><gpxtpx:atemp>16</gpxtpx:atemp></gpxtpx:TrackPointExtension></extensions></trkpt><trkpt lat="42.356692" lon="22.795955"><ele>811.8</ele><time>2026-09-22T08:57:02.000Z</time><extensions><gpxtpx:TrackPointExtension xmlns:gpxtpx="http://www.garmin.com/xmlschemas/TrackPointExtension/v1"><gpxtpx:atemp>16</gpxtpx:atemp></gpxtpx:TrackPointExtension></extensions></trkpt><trkpt lat="42.356815" lon="22.796007"><ele>812.2</ele><time>2026-09-22T08:57:09.000Z</time><extensions><gpxtpx:TrackPointExtension xmlns:gpxtpx="http://www.garmin.com/xmlschemas/TrackPointExtension/v1"><gpxtpx:atemp>16</gpxtpx:atemp></gpxtpx:TrackPointExtension></extensions></trkpt><trkpt lat="42.356984" lon="22.796111"><ele>813.2</ele><time>2026-09-22T08:57:19.000Z</time><extensions><gpxtpx:TrackPointExtension xmlns:gpxtpx="http://www.garmin.com/xmlschemas/TrackPointExtension/v1"><gpxtpx:atemp>16</gpxtpx:atemp></gpxtpx:TrackPointExtension></extensions></trkpt><trkpt lat="42.357906" lon="22.796733"><ele>819.4</ele><time>2026-09-22T08:58:11.000Z</time><extensions><gpxtpx:TrackPointExtension xmlns:gpxtpx="http://www.garmin.com/xmlschemas/TrackPointExtension/v1"><gpxtpx:atemp>17</gpxtpx:atemp></gpxtpx:TrackPointExtension></extensions></trkpt><trkpt lat="42.358128" lon="22.79683"><ele>821</ele><time>2026-09-22T08:58:24.000Z</time><extensions><gpxtpx:TrackPointExtension xmlns:gpxtpx="http://www.garmin.com/xmlschemas/TrackPointExtension/v1"><gpxtpx:atemp>17</gpxtpx:atemp></gpxtpx:TrackPointExtension></extensions></trkpt><trkpt lat="42.358332" lon="22.79689"><ele>822.8</ele><time>2026-09-22T08:58:36.000Z</time><extensions><gpxtpx:TrackPointExtension xmlns:gpxtpx="http://www.garmin.com/xmlschemas/TrackPointExtension/v1"><gpxtpx:atemp>17</gpxtpx:atemp></gpxtpx:TrackPointExtension></extensions></trkpt><trkpt lat="42.358851" lon="22.797081"><ele>827.4</ele><time>2026-09-22T08:59:06.000Z</time><extensions><gpxtpx:TrackPointExtension xmlns:gpxtpx="http://www.garmin.com/xmlschemas/TrackPointExtension/v1"><gpxtpx:atemp>18</gpxtpx:atemp></gpxtpx:TrackPointExtension></extensions></trkpt><trkpt lat="42.359069" lon="22.797121"><ele>829.4</ele><time>2026-09-22T08:59:18.000Z</time><extensions><gpxtpx:TrackPointExtension xmlns:gpxtpx="http://www.garmin.com/xmlschemas/TrackPointExtension/v1"><gpxtpx:atemp>18</gpxtpx:atemp></gpxtpx:TrackPointExtension></extensions></trkpt><trkpt lat="42.359394" lon="22.797068"><ele>832.4</ele><time>2026-09-22T08:59:35.000Z</time><extensions><gpxtpx:TrackPointExtension xmlns:gpxtpx="http://www.garmin.com/xmlschemas/TrackPointExtension/v1"><gpxtpx:atemp>18</gpxtpx:atemp></gpxtpx:TrackPointExtension></extensions></trkpt><trkpt lat="42.359572" lon="22.797001"><ele>834</ele><time>2026-09-22T08:59:44.000Z</time><extensions><gpxtpx:TrackPointExtension xmlns:gpxtpx="http://www.garmin.com/xmlschemas/TrackPointExtension/v1"><gpxtpx:atemp>18</gpxtpx:atemp></gpxtpx:TrackPointExtension></extensions></trkpt><trkpt lat="42.359757" lon="22.796879"><ele>835.2</ele><time>2026-09-22T08:59:53.000Z</time><extensions><gpxtpx:TrackPointExtension xmlns:gpxtpx="http://www.garmin.com/xmlschemas/TrackPointExtension/v1"><gpxtpx:atemp>18</gpxtpx:atemp></gpxtpx:TrackPointExtension></extensions></trkpt><trkpt lat="42.360614" lon="22.796209"><ele>840.8</ele><time>2026-09-22T09:00:35.000Z</time><extensions><gpxtpx:TrackPointExtension xmlns:gpxtpx="http://www.garmin.com/xmlschemas/TrackPointExtension/v1"><gpxtpx:atemp>18</gpxtpx:atemp></gpxtpx:TrackPointExtension></extensions></trkpt><trkpt lat="42.360885" lon="22.796059"><ele>842.8</ele><time>2026-09-22T09:00:48.000Z</time><extensions><gpxtpx:TrackPointExtension xmlns:gpxtpx="http://www.garmin.com/xmlschemas/TrackPointExtension/v1"><gpxtpx:atemp>18</gpxtpx:atemp></gpxtpx:TrackPointExtension></extensions></trkpt><trkpt lat="42.360967" lon="22.796021"><ele>843.4</ele><time>2026-09-22T09:00:52.000Z</time><extensions><gpxtpx:TrackPointExtension xmlns:gpxtpx="http://www.garmin.com/xmlschemas/TrackPointExtension/v1"><gpxtpx:atemp>18</gpxtpx:atemp></gpxtpx:TrackPointExtension></extensions></trkpt><trkpt lat="42.361295" lon="22.79592"><ele>845.2</ele><time>2026-09-22T09:01:07.000Z</time><extensions><gpxtpx:TrackPointExtension xmlns:gpxtpx="http://www.garmin.com/xmlschemas/TrackPointExtension/v1"><gpxtpx:atemp>18</gpxtpx:atemp></gpxtpx:TrackPointExtension></extensions></trkpt><trkpt lat="42.361747" lon="22.795811"><ele>847.8</ele><time>2026-09-22T09:01:27.000Z</time><extensions><gpxtpx:TrackPointExtension xmlns:gpxtpx="http://www.garmin.com/xmlschemas/TrackPointExtension/v1"><gpxtpx:atemp>18</gpxtpx:atemp></gpxtpx:TrackPointExtension></extensions></trkpt><trkpt lat="42.362184" lon="22.795778"><ele>851.2</ele><time>2026-09-22T09:01:50.000Z</time><extensions><gpxtpx:TrackPointExtension xmlns:gpxtpx="http://www.garmin.com/xmlschemas/TrackPointExtension/v1"><gpxtpx:atemp>18</gpxtpx:atemp></gpxtpx:TrackPointExtension></extensions></trkpt><trkpt lat="42.362363" lon="22.795782"><ele>852.2</ele><time>2026-09-22T09:01:59.000Z</time><extensions><gpxtpx:TrackPointExtension xmlns:gpxtpx="http://www.garmin.com/xmlschemas/TrackPointExtension/v1"><gpxtpx:atemp>17</gpxtpx:atemp></gpxtpx:TrackPointExtension></extensions></trkpt><trkpt lat="42.36264" lon="22.795765"><ele>854</ele><time>2026-09-22T09:02:14.000Z</time><extensions><gpxtpx:TrackPointExtension xmlns:gpxtpx="http://www.garmin.com/xmlschemas/TrackPointExtension/v1"><gpxtpx:atemp>17</gpxtpx:atemp></gpxtpx:TrackPointExtension></extensions></trkpt><trkpt lat="42.362962" lon="22.79578"><ele>856.4</ele><time>2026-09-22T09:02:32.000Z</time><extensions><gpxtpx:TrackPointExtension xmlns:gpxtpx="http://www.garmin.com/xmlschemas/TrackPointExtension/v1"><gpxtpx:atemp>17</gpxtpx:atemp></gpxtpx:TrackPointExtension></extensions></trkpt><trkpt lat="42.363153" lon="22.795815"><ele>857.8</ele><time>2026-09-22T09:02:43.000Z</time><extensions><gpxtpx:TrackPointExtension xmlns:gpxtpx="http://www.garmin.com/xmlschemas/TrackPointExtension/v1"><gpxtpx:atemp>17</gpxtpx:atemp></gpxtpx:TrackPointExtension></extensions></trkpt><trkpt lat="42.363261" lon="22.795859"><ele>858.6</ele><time>2026-09-22T09:02:49.000Z</time><extensions><gpxtpx:TrackPointExtension xmlns:gpxtpx="http://www.garmin.com/xmlschemas/TrackPointExtension/v1"><gpxtpx:atemp>17</gpxtpx:atemp></gpxtpx:TrackPointExtension></extensions></trkpt><trkpt lat="42.36387" lon="22.796023"><ele>863.4</ele><time>2026-09-22T09:03:24.000Z</time><extensions><gpxtpx:TrackPointExtension xmlns:gpxtpx="http://www.garmin.com/xmlschemas/TrackPointExtension/v1"><gpxtpx:atemp>17</gpxtpx:atemp></gpxtpx:TrackPointExtension></extensions></trkpt><trkpt lat="42.364348" lon="22.796225"><ele>866</ele><time>2026-09-22T09:03:54.000Z</time><extensions><gpxtpx:TrackPointExtension xmlns:gpxtpx="http://www.garmin.com/xmlschemas/TrackPointExtension/v1"><gpxtpx:atemp>18</gpxtpx:atemp></gpxtpx:TrackPointExtension></extensions></trkpt><trkpt lat="42.36457" lon="22.796355"><ele>867.4</ele><time>2026-09-22T09:04:09.000Z</time><extensions><gpxtpx:TrackPointExtension xmlns:gpxtpx="http://www.garmin.com/xmlschemas/TrackPointExtension/v1"><gpxtpx:atemp>18</gpxtpx:atemp></gpxtpx:TrackPointExtension></extensions></trkpt><trkpt lat="42.364676" lon="22.7964"><ele>868.4</ele><time>2026-09-22T09:04:15.000Z</time><extensions><gpxtpx:TrackPointExtension xmlns:gpxtpx="http://www.garmin.com/xmlschemas/TrackPointExtension/v1"><gpxtpx:atemp>18</gpxtpx:atemp></gpxtpx:TrackPointExtension></extensions></trkpt><trkpt lat="42.365604" lon="22.796902"><ele>876.8</ele><time>2026-09-22T09:05:10.000Z</time><extensions><gpxtpx:TrackPointExtension xmlns:gpxtpx="http://www.garmin.com/xmlschemas/TrackPointExtension/v1"><gpxtpx:atemp>18</gpxtpx:atemp></gpxtpx:TrackPointExtension></extensions></trkpt><trkpt lat="42.365903" lon="22.797081"><ele>878.4</ele><time>2026-09-22T09:05:24.000Z</time><extensions><gpxtpx:TrackPointExtension xmlns:gpxtpx="http://www.garmin.com/xmlschemas/TrackPointExtension/v1"><gpxtpx:atemp>18</gpxtpx:atemp></gpxtpx:TrackPointExtension></extensions></trkpt><trkpt lat="42.366037" lon="22.797186"><ele>879.6</ele><time>2026-09-22T09:05:38.000Z</time><extensions><gpxtpx:TrackPointExtension xmlns:gpxtpx="http://www.garmin.com/xmlschemas/TrackPointExtension/v1"><gpxtpx:atemp>18</gpxtpx:atemp></gpxtpx:TrackPointExtension></extensions></trkpt><trkpt lat="42.366159" lon="22.797296"><ele>880.4</ele><time>2026-09-22T09:05:44.000Z</time><extensions><gpxtpx:TrackPointExtension xmlns:gpxtpx="http://www.garmin.com/xmlschemas/TrackPointExtension/v1"><gpxtpx:atemp>18</gpxtpx:atemp></gpxtpx:TrackPointExtension></extensions></trkpt><trkpt lat="42.366346" lon="22.797513"><ele>881.4</ele><time>2026-09-22T09:05:53.000Z</time><extensions><gpxtpx:TrackPointExtension xmlns:gpxtpx="http://www.garmin.com/xmlschemas/TrackPointExtension/v1"><gpxtpx:atemp>18</gpxtpx:atemp></gpxtpx:TrackPointExtension></extensions></trkpt><trkpt lat="42.366586" lon="22.797826"><ele>883</ele><time>2026-09-22T09:06:05.000Z</time><extensions><gpxtpx:TrackPointExtension xmlns:gpxtpx="http://www.garmin.com/xmlschemas/TrackPointExtension/v1"><gpxtpx:atemp>18</gpxtpx:atemp></gpxtpx:TrackPointExtension></extensions></trkpt><trkpt lat="42.366646" lon="22.797925"><ele>883.4</ele><time>2026-09-22T09:06:09.000Z</time><extensions><gpxtpx:TrackPointExtension xmlns:gpxtpx="http://www.garmin.com/xmlschemas/TrackPointExtension/v1"><gpxtpx:atemp>18</gpxtpx:atemp></gpxtpx:TrackPointExtension></extensions></trkpt><trkpt lat="42.366744" lon="22.798027"><ele>884</ele><time>2026-09-22T09:06:14.000Z</time><extensions><gpxtpx:TrackPointExtension xmlns:gpxtpx="http://www.garmin.com/xmlschemas/TrackPointExtension/v1"><gpxtpx:atemp>18</gpxtpx:atemp></gpxtpx:TrackPointExtension></extensions></trkpt><trkpt lat="42.366965" lon="22.798315"><ele>885.2</ele><time>2026-09-22T09:06:25.000Z</time><extensions><gpxtpx:TrackPointExtension xmlns:gpxtpx="http://www.garmin.com/xmlschemas/TrackPointExtension/v1"><gpxtpx:atemp>18</gpxtpx:atemp></gpxtpx:TrackPointExtension></extensions></trkpt><trkpt lat="42.36701" lon="22.798417"><ele>885.4</ele><time>2026-09-22T09:06:28.000Z</time><extensions><gpxtpx:TrackPointExtension xmlns:gpxtpx="http://www.garmin.com/xmlschemas/TrackPointExtension/v1"><gpxtpx:atemp>18</gpxtpx:atemp></gpxtpx:TrackPointExtension></extensions></trkpt><trkpt lat="42.36704" lon="22.798534"><ele>885.6</ele><time>2026-09-22T09:06:31.000Z</time><extensions><gpxtpx:TrackPointExtension xmlns:gpxtpx="http://www.garmin.com/xmlschemas/TrackPointExtension/v1"><gpxtpx:atemp>18</gpxtpx:atemp></gpxtpx:TrackPointExtension></extensions></trkpt><trkpt lat="42.367041" lon="22.798899"><ele>886.8</ele><time>2026-09-22T09:06:41.000Z</time><extensions><gpxtpx:TrackPointExtension xmlns:gpxtpx="http://www.garmin.com/xmlschemas/TrackPointExtension/v1"><gpxtpx:atemp>18</gpxtpx:atemp></gpxtpx:TrackPointExtension></extensions></trkpt><trkpt lat="42.366937" lon="22.79949"><ele>889.4</ele><time>2026-09-22T09:06:58.000Z</time><extensions><gpxtpx:TrackPointExtension xmlns:gpxtpx="http://www.garmin.com/xmlschemas/TrackPointExtension/v1"><gpxtpx:atemp>18</gpxtpx:atemp></gpxtpx:TrackPointExtension></extensions></trkpt><trkpt lat="42.366931" lon="22.799688"><ele>890.2</ele><time>2026-09-22T09:07:04.000Z</time><extensions><gpxtpx:TrackPointExtension xmlns:gpxtpx="http://www.garmin.com/xmlschemas/TrackPointExtension/v1"><gpxtpx:atemp>18</gpxtpx:atemp></gpxtpx:TrackPointExtension></extensions></trkpt><trkpt lat="42.367098" lon="22.800527"><ele>893.6</ele><time>2026-09-22T09:07:32.000Z</time><extensions><gpxtpx:TrackPointExtension xmlns:gpxtpx="http://www.garmin.com/xmlschemas/TrackPointExtension/v1"><gpxtpx:atemp>18</gpxtpx:atemp></gpxtpx:TrackPointExtension></extensions></trkpt><trkpt lat="42.367368" lon="22.80157"><ele>899.2</ele><time>2026-09-22T09:08:17.000Z</time><extensions><gpxtpx:TrackPointExtension xmlns:gpxtpx="http://www.garmin.com/xmlschemas/TrackPointExtension/v1"><gpxtpx:atemp>17</gpxtpx:atemp></gpxtpx:TrackPointExtension></extensions></trkpt><trkpt lat="42.367454" lon="22.802081"><ele>902.2</ele><time>2026-09-22T09:08:38.000Z</time><extensions><gpxtpx:TrackPointExtension xmlns:gpxtpx="http://www.garmin.com/xmlschemas/TrackPointExtension/v1"><gpxtpx:atemp>17</gpxtpx:atemp></gpxtpx:TrackPointExtension></extensions></trkpt><trkpt lat="42.367468" lon="22.802259"><ele>903.4</ele><time>2026-09-22T09:08:46.000Z</time><extensions><gpxtpx:TrackPointExtension xmlns:gpxtpx="http://www.garmin.com/xmlschemas/TrackPointExtension/v1"><gpxtpx:atemp>17</gpxtpx:atemp></gpxtpx:TrackPointExtension></extensions></trkpt><trkpt lat="42.367439" lon="22.80284"><ele>906.4</ele><time>2026-09-22T09:09:12.000Z</time><extensions><gpxtpx:TrackPointExtension xmlns:gpxtpx="http://www.garmin.com/xmlschemas/TrackPointExtension/v1"><gpxtpx:atemp>17</gpxtpx:atemp></gpxtpx:TrackPointExtension></extensions></trkpt><trkpt lat="42.367451" lon="22.803079"><ele>907.6</ele><time>2026-09-22T09:09:24.000Z</time><extensions><gpxtpx:TrackPointExtension xmlns:gpxtpx="http://www.garmin.com/xmlschemas/TrackPointExtension/v1"><gpxtpx:atemp>17</gpxtpx:atemp></gpxtpx:TrackPointExtension></extensions></trkpt><trkpt lat="42.367441" lon="22.803329"><ele>908.6</ele><time>2026-09-22T09:09:34.000Z</time><extensions><gpxtpx:TrackPointExtension xmlns:gpxtpx="http://www.garmin.com/xmlschemas/TrackPointExtension/v1"><gpxtpx:atemp>17</gpxtpx:atemp></gpxtpx:TrackPointExtension></extensions></trkpt><trkpt lat="42.367406" lon="22.803732"><ele>910.6</ele><time>2026-09-22T09:09:50.000Z</time><extensions><gpxtpx:TrackPointExtension xmlns:gpxtpx="http://www.garmin.com/xmlschemas/TrackPointExtension/v1"><gpxtpx:atemp>17</gpxtpx:atemp></gpxtpx:TrackPointExtension></extensions></trkpt><trkpt lat="42.367329" lon="22.805405"><ele>920</ele><time>2026-09-22T09:10:59.000Z</time><extensions><gpxtpx:TrackPointExtension xmlns:gpxtpx="http://www.garmin.com/xmlschemas/TrackPointExtension/v1"><gpxtpx:atemp>17</gpxtpx:atemp></gpxtpx:TrackPointExtension></extensions></trkpt><trkpt lat="42.367286" lon="22.806014"><ele>923.6</ele><time>2026-09-22T09:11:26.000Z</time><extensions><gpxtpx:TrackPointExtension xmlns:gpxtpx="http://www.garmin.com/xmlschemas/TrackPointExtension/v1"><gpxtpx:atemp>18</gpxtpx:atemp></gpxtpx:TrackPointExtension></extensions></trkpt><trkpt lat="42.367269" lon="22.806579"><ele>927.6</ele><time>2026-09-22T09:11:48.000Z</time><extensions><gpxtpx:TrackPointExtension xmlns:gpxtpx="http://www.garmin.com/xmlschemas/TrackPointExtension/v1"><gpxtpx:atemp>18</gpxtpx:atemp></gpxtpx:TrackPointExtension></extensions></trkpt><trkpt lat="42.36722" lon="22.807267"><ele>931.6</ele><time>2026-09-22T09:12:17.000Z</time><extensions><gpxtpx:TrackPointExtension xmlns:gpxtpx="http://www.garmin.com/xmlschemas/TrackPointExtension/v1"><gpxtpx:atemp>18</gpxtpx:atemp></gpxtpx:TrackPointExtension></extensions></trkpt><trkpt lat="42.367209" lon="22.807804"><ele>934.6</ele><time>2026-09-22T09:12:40.000Z</time><extensions><gpxtpx:TrackPointExtension xmlns:gpxtpx="http://www.garmin.com/xmlschemas/TrackPointExtension/v1"><gpxtpx:atemp>18</gpxtpx:atemp></gpxtpx:TrackPointExtension></extensions></trkpt><trkpt lat="42.367162" lon="22.808148"><ele>936.6</ele><time>2026-09-22T09:12:55.000Z</time><extensions><gpxtpx:TrackPointExtension xmlns:gpxtpx="http://www.garmin.com/xmlschemas/TrackPointExtension/v1"><gpxtpx:atemp>18</gpxtpx:atemp></gpxtpx:TrackPointExtension></extensions></trkpt><trkpt lat="42.367154" lon="22.808466"><ele>938.6</ele><time>2026-09-22T09:13:09.000Z</time><extensions><gpxtpx:TrackPointExtension xmlns:gpxtpx="http://www.garmin.com/xmlschemas/TrackPointExtension/v1"><gpxtpx:atemp>18</gpxtpx:atemp></gpxtpx:TrackPointExtension></extensions></trkpt><trkpt lat="42.367166" lon="22.808651"><ele>940</ele><time>2026-09-22T09:13:17.000Z</time><extensions><gpxtpx:TrackPointExtension xmlns:gpxtpx="http://www.garmin.com/xmlschemas/TrackPointExtension/v1"><gpxtpx:atemp>18</gpxtpx:atemp></gpxtpx:TrackPointExtension></extensions></trkpt><trkpt lat="42.367128" lon="22.809359"><ele>943.8</ele><time>2026-09-22T09:13:47.000Z</time><extensions><gpxtpx:TrackPointExtension xmlns:gpxtpx="http://www.garmin.com/xmlschemas/TrackPointExtension/v1"><gpxtpx:atemp>18</gpxtpx:atemp></gpxtpx:TrackPointExtension></extensions></trkpt><trkpt lat="42.36714" lon="22.809916"><ele>947.2</ele><time>2026-09-22T09:14:09.000Z</time><extensions><gpxtpx:TrackPointExtension xmlns:gpxtpx="http://www.garmin.com/xmlschemas/TrackPointExtension/v1"><gpxtpx:atemp>18</gpxtpx:atemp></gpxtpx:TrackPointExtension></extensions></trkpt><trkpt lat="42.367211" lon="22.810539"><ele>950.6</ele><time>2026-09-22T09:14:34.000Z</time><extensions><gpxtpx:TrackPointExtension xmlns:gpxtpx="http://www.garmin.com/xmlschemas/TrackPointExtension/v1"><gpxtpx:atemp>18</gpxtpx:atemp></gpxtpx:TrackPointExtension></extensions></trkpt><trkpt lat="42.367236" lon="22.810649"><ele>951.4</ele><time>2026-09-22T09:14:39.000Z</time><extensions><gpxtpx:TrackPointExtension xmlns:gpxtpx="http://www.garmin.com/xmlschemas/TrackPointExtension/v1"><gpxtpx:atemp>18</gpxtpx:atemp></gpxtpx:TrackPointExtension></extensions></trkpt><trkpt lat="42.367255" lon="22.811027"><ele>953.4</ele><time>2026-09-22T09:14:55.000Z</time><extensions><gpxtpx:TrackPointExtension xmlns:gpxtpx="http://www.garmin.com/xmlschemas/TrackPointExtension/v1"><gpxtpx:atemp>18</gpxtpx:atemp></gpxtpx:TrackPointExtension></extensions></trkpt><trkpt lat="42.367215" lon="22.81127"><ele>955</ele><time>2026-09-22T09:15:06.000Z</time><extensions><gpxtpx:TrackPointExtension xmlns:gpxtpx="http://www.garmin.com/xmlschemas/TrackPointExtension/v1"><gpxtpx:atemp>18</gpxtpx:atemp></gpxtpx:TrackPointExtension></extensions></trkpt><trkpt lat="42.367084" lon="22.811493"><ele>956.4</ele><time>2026-09-22T09:15:17.000Z</time><extensions><gpxtpx:TrackPointExtension xmlns:gpxtpx="http://www.garmin.com/xmlschemas/TrackPointExtension/v1"><gpxtpx:atemp>18</gpxtpx:atemp></gpxtpx:TrackPointExtension></extensions></trkpt><trkpt lat="42.366931" lon="22.811679"><ele>957.8</ele><time>2026-09-22T09:15:29.000Z</time><extensions><gpxtpx:TrackPointExtension xmlns:gpxtpx="http://www.garmin.com/xmlschemas/TrackPointExtension/v1"><gpxtpx:atemp>18</gpxtpx:atemp></gpxtpx:TrackPointExtension></extensions></trkpt><trkpt lat="42.366727" lon="22.811829"><ele>959.4</ele><time>2026-09-22T09:15:43.000Z</time><extensions><gpxtpx:TrackPointExtension xmlns:gpxtpx="http://www.garmin.com/xmlschemas/TrackPointExtension/v1"><gpxtpx:atemp>18</gpxtpx:atemp></gpxtpx:TrackPointExtension></extensions></trkpt><trkpt lat="42.366606" lon="22.811952"><ele>960.2</ele><time>2026-09-22T09:15:52.000Z</time><extensions><gpxtpx:TrackPointExtension xmlns:gpxtpx="http://www.garmin.com/xmlschemas/TrackPointExtension/v1"><gpxtpx:atemp>18</gpxtpx:atemp></gpxtpx:TrackPointExtension></extensions></trkpt><trkpt lat="42.366543" lon="22.812089"><ele>962.4</ele><time>2026-09-22T09:16:27.000Z</time><extensions><gpxtpx:TrackPointExtension xmlns:gpxtpx="http://www.garmin.com/xmlschemas/TrackPointExtension/v1"><gpxtpx:atemp>18</gpxtpx:atemp></gpxtpx:TrackPointExtension></extensions></trkpt><trkpt lat="42.366363" lon="22.812287"><ele>963.6</ele><time>2026-09-22T09:16:36.000Z</time><extensions><gpxtpx:TrackPointExtension xmlns:gpxtpx="http://www.garmin.com/xmlschemas/TrackPointExtension/v1"><gpxtpx:atemp>18</gpxtpx:atemp></gpxtpx:TrackPointExtension></extensions></trkpt><trkpt lat="42.366284" lon="22.812416"><ele>964</ele><time>2026-09-22T09:16:40.000Z</time><extensions><gpxtpx:TrackPointExtension xmlns:gpxtpx="http://www.garmin.com/xmlschemas/TrackPointExtension/v1"><gpxtpx:atemp>18</gpxtpx:atemp></gpxtpx:TrackPointExtension></extensions></trkpt><trkpt lat="42.366233" lon="22.812569"><ele>964.6</ele><time>2026-09-22T09:16:44.000Z</time><extensions><gpxtpx:TrackPointExtension xmlns:gpxtpx="http://www.garmin.com/xmlschemas/TrackPointExtension/v1"><gpxtpx:atemp>18</gpxtpx:atemp></gpxtpx:TrackPointExtension></extensions></trkpt><trkpt lat="42.366224" lon="22.812704"><ele>964.8</ele><time>2026-09-22T09:16:47.000Z</time><extensions><gpxtpx:TrackPointExtension xmlns:gpxtpx="http://www.garmin.com/xmlschemas/TrackPointExtension/v1"><gpxtpx:atemp>18</gpxtpx:atemp></gpxtpx:TrackPointExtension></extensions></trkpt><trkpt lat="42.366242" lon="22.812827"><ele>965.2</ele><time>2026-09-22T09:16:50.000Z</time><extensions><gpxtpx:TrackPointExtension xmlns:gpxtpx="http://www.garmin.com/xmlschemas/TrackPointExtension/v1"><gpxtpx:atemp>18</gpxtpx:atemp></gpxtpx:TrackPointExtension></extensions></trkpt><trkpt lat="42.366272" lon="22.812903"><ele>965.4</ele><time>2026-09-22T09:16:52.000Z</time><extensions><gpxtpx:TrackPointExtension xmlns:gpxtpx="http://www.garmin.com/xmlschemas/TrackPointExtension/v1"><gpxtpx:atemp>18</gpxtpx:atemp></gpxtpx:TrackPointExtension></extensions></trkpt><trkpt lat="42.366316" lon="22.812959"><ele>965.6</ele><time>2026-09-22T09:16:54.000Z</time><extensions><gpxtpx:TrackPointExtension xmlns:gpxtpx="http://www.garmin.com/xmlschemas/TrackPointExtension/v1"><gpxtpx:atemp>18</gpxtpx:atemp></gpxtpx:TrackPointExtension></extensions></trkpt><trkpt lat="42.366405" lon="22.813009"><ele>965.8</ele><time>2026-09-22T09:16:57.000Z</time><extensions><gpxtpx:TrackPointExtension xmlns:gpxtpx="http://www.garmin.com/xmlschemas/TrackPointExtension/v1"><gpxtpx:atemp>18</gpxtpx:atemp></gpxtpx:TrackPointExtension></extensions></trkpt><trkpt lat="42.366521" lon="22.813037"><ele>966.4</ele><time>2026-09-22T09:17:01.000Z</time><extensions><gpxtpx:TrackPointExtension xmlns:gpxtpx="http://www.garmin.com/xmlschemas/TrackPointExtension/v1"><gpxtpx:atemp>18</gpxtpx:atemp></gpxtpx:TrackPointExtension></extensions></trkpt><trkpt lat="42.366601" lon="22.81303"><ele>966.8</ele><time>2026-09-22T09:17:04.000Z</time><extensions><gpxtpx:TrackPointExtension xmlns:gpxtpx="http://www.garmin.com/xmlschemas/TrackPointExtension/v1"><gpxtpx:atemp>18</gpxtpx:atemp></gpxtpx:TrackPointExtension></extensions></trkpt><trkpt lat="42.366653" lon="22.813003"><ele>967</ele><time>2026-09-22T09:17:06.000Z</time><extensions><gpxtpx:TrackPointExtension xmlns:gpxtpx="http://www.garmin.com/xmlschemas/TrackPointExtension/v1"><gpxtpx:atemp>18</gpxtpx:atemp></gpxtpx:TrackPointExtension></extensions></trkpt><trkpt lat="42.367302" lon="22.812288"><ele>969.6</ele><time>2026-09-22T09:17:33.000Z</time><extensions><gpxtpx:TrackPointExtension xmlns:gpxtpx="http://www.garmin.com/xmlschemas/TrackPointExtension/v1"><gpxtpx:atemp>17</gpxtpx:atemp></gpxtpx:TrackPointExtension></extensions></trkpt><trkpt lat="42.367458" lon="22.812044"><ele>970.6</ele><time>2026-09-22T09:17:41.000Z</time><extensions><gpxtpx:TrackPointExtension xmlns:gpxtpx="http://www.garmin.com/xmlschemas/TrackPointExtension/v1"><gpxtpx:atemp>17</gpxtpx:atemp></gpxtpx:TrackPointExtension></extensions></trkpt><trkpt lat="42.367519" lon="22.811851"><ele>970.4</ele><time>2026-09-22T09:17:46.000Z</time><extensions><gpxtpx:TrackPointExtension xmlns:gpxtpx="http://www.garmin.com/xmlschemas/TrackPointExtension/v1"><gpxtpx:atemp>17</gpxtpx:atemp></gpxtpx:TrackPointExtension></extensions></trkpt><trkpt lat="42.367565" lon="22.811644"><ele>970.6</ele><time>2026-09-22T09:17:51.000Z</time><extensions><gpxtpx:TrackPointExtension xmlns:gpxtpx="http://www.garmin.com/xmlschemas/TrackPointExtension/v1"><gpxtpx:atemp>17</gpxtpx:atemp></gpxtpx:TrackPointExtension></extensions></trkpt><trkpt lat="42.367687" lon="22.810866"><ele>972.4</ele><time>2026-09-22T09:18:12.000Z</time><extensions><gpxtpx:TrackPointExtension xmlns:gpxtpx="http://www.garmin.com/xmlschemas/TrackPointExtension/v1"><gpxtpx:atemp>18</gpxtpx:atemp></gpxtpx:TrackPointExtension></extensions></trkpt><trkpt lat="42.367723" lon="22.810264"><ele>974.6</ele><time>2026-09-22T09:18:32.000Z</time><extensions><gpxtpx:TrackPointExtension xmlns:gpxtpx="http://www.garmin.com/xmlschemas/TrackPointExtension/v1"><gpxtpx:atemp>18</gpxtpx:atemp></gpxtpx:TrackPointExtension></extensions></trkpt><trkpt lat="42.367716" lon="22.809672"><ele>977.2</ele><time>2026-09-22T09:18:53.000Z</time><extensions><gpxtpx:TrackPointExtension xmlns:gpxtpx="http://www.garmin.com/xmlschemas/TrackPointExtension/v1"><gpxtpx:atemp>18</gpxtpx:atemp></gpxtpx:TrackPointExtension></extensions></trkpt><trkpt lat="42.367753" lon="22.80939"><ele>978</ele><time>2026-09-22T09:19:03.000Z</time><extensions><gpxtpx:TrackPointExtension xmlns:gpxtpx="http://www.garmin.com/xmlschemas/TrackPointExtension/v1"><gpxtpx:atemp>18</gpxtpx:atemp></gpxtpx:TrackPointExtension></extensions></trkpt><trkpt lat="42.36784" lon="22.809117"><ele>979.2</ele><time>2026-09-22T09:19:13.000Z</time><extensions><gpxtpx:TrackPointExtension xmlns:gpxtpx="http://www.garmin.com/xmlschemas/TrackPointExtension/v1"><gpxtpx:atemp>19</gpxtpx:atemp></gpxtpx:TrackPointExtension></extensions></trkpt><trkpt lat="42.36799" lon="22.808907"><ele>981.8</ele><time>2026-09-22T09:19:23.000Z</time><extensions><gpxtpx:TrackPointExtension xmlns:gpxtpx="http://www.garmin.com/xmlschemas/TrackPointExtension/v1"><gpxtpx:atemp>19</gpxtpx:atemp></gpxtpx:TrackPointExtension></extensions></trkpt><trkpt lat="42.368156" lon="22.8088"><ele>983.4</ele><time>2026-09-22T09:19:31.000Z</time><extensions><gpxtpx:TrackPointExtension xmlns:gpxtpx="http://www.garmin.com/xmlschemas/TrackPointExtension/v1"><gpxtpx:atemp>19</gpxtpx:atemp></gpxtpx:TrackPointExtension></extensions></trkpt><trkpt lat="42.368252" lon="22.808771"><ele>984</ele><time>2026-09-22T09:19:35.000Z</time><extensions><gpxtpx:TrackPointExtension xmlns:gpxtpx="http://www.garmin.com/xmlschemas/TrackPointExtension/v1"><gpxtpx:atemp>19</gpxtpx:atemp></gpxtpx:TrackPointExtension></extensions></trkpt><trkpt lat="42.368367" lon="22.808768"><ele>985</ele><time>2026-09-22T09:19:40.000Z</time><extensions><gpxtpx:TrackPointExtension xmlns:gpxtpx="http://www.garmin.com/xmlschemas/TrackPointExtension/v1"><gpxtpx:atemp>19</gpxtpx:atemp></gpxtpx:TrackPointExtension></extensions></trkpt><trkpt lat="42.368515" lon="22.808805"><ele>985.8</ele><time>2026-09-22T09:19:47.000Z</time><extensions><gpxtpx:TrackPointExtension xmlns:gpxtpx="http://www.garmin.com/xmlschemas/TrackPointExtension/v1"><gpxtpx:atemp>19</gpxtpx:atemp></gpxtpx:TrackPointExtension></extensions></trkpt><trkpt lat="42.368809" lon="22.808993"><ele>988.6</ele><time>2026-09-22T09:20:04.000Z</time><extensions><gpxtpx:TrackPointExtension xmlns:gpxtpx="http://www.garmin.com/xmlschemas/TrackPointExtension/v1"><gpxtpx:atemp>19</gpxtpx:atemp></gpxtpx:TrackPointExtension></extensions></trkpt><trkpt lat="42.369592" lon="22.809583"><ele>995.2</ele><time>2026-09-22T09:20:45.000Z</time><extensions><gpxtpx:TrackPointExtension xmlns:gpxtpx="http://www.garmin.com/xmlschemas/TrackPointExtension/v1"><gpxtpx:atemp>19</gpxtpx:atemp></gpxtpx:TrackPointExtension></extensions></trkpt><trkpt lat="42.369723" lon="22.809666"><ele>996.2</ele><time>2026-09-22T09:20:51.000Z</time><extensions><gpxtpx:TrackPointExtension xmlns:gpxtpx="http://www.garmin.com/xmlschemas/TrackPointExtension/v1"><gpxtpx:atemp>19</gpxtpx:atemp></gpxtpx:TrackPointExtension></extensions></trkpt><trkpt lat="42.36989" lon="22.809741"><ele>997.6</ele><time>2026-09-22T09:20:59.000Z</time><extensions><gpxtpx:TrackPointExtension xmlns:gpxtpx="http://www.garmin.com/xmlschemas/TrackPointExtension/v1"><gpxtpx:atemp>19</gpxtpx:atemp></gpxtpx:TrackPointExtension></extensions></trkpt><trkpt lat="42.369977" lon="22.80975"><ele>998.2</ele><time>2026-09-22T09:21:03.000Z</time><extensions><gpxtpx:TrackPointExtension xmlns:gpxtpx="http://www.garmin.com/xmlschemas/TrackPointExtension/v1"><gpxtpx:atemp>19</gpxtpx:atemp></gpxtpx:TrackPointExtension></extensions></trkpt><trkpt lat="42.370069" lon="22.809735"><ele>998.8</ele><time>2026-09-22T09:21:07.000Z</time><extensions><gpxtpx:TrackPointExtension xmlns:gpxtpx="http://www.garmin.com/xmlschemas/TrackPointExtension/v1"><gpxtpx:atemp>18</gpxtpx:atemp></gpxtpx:TrackPointExtension></extensions></trkpt><trkpt lat="42.370174" lon="22.809675"><ele>999.8</ele><time>2026-09-22T09:21:12.000Z</time><extensions><gpxtpx:TrackPointExtension xmlns:gpxtpx="http://www.garmin.com/xmlschemas/TrackPointExtension/v1"><gpxtpx:atemp>18</gpxtpx:atemp></gpxtpx:TrackPointExtension></extensions></trkpt><trkpt lat="42.37023" lon="22.809614"><ele>1000.4</ele><time>2026-09-22T09:21:15.000Z</time><extensions><gpxtpx:TrackPointExtension xmlns:gpxtpx="http://www.garmin.com/xmlschemas/TrackPointExtension/v1"><gpxtpx:atemp>18</gpxtpx:atemp></gpxtpx:TrackPointExtension></extensions></trkpt><trkpt lat="42.370322" lon="22.809434"><ele>1000.8</ele><time>2026-09-22T09:21:22.000Z</time><extensions><gpxtpx:TrackPointExtension xmlns:gpxtpx="http://www.garmin.com/xmlschemas/TrackPointExtension/v1"><gpxtpx:atemp>18</gpxtpx:atemp></gpxtpx:TrackPointExtension></extensions></trkpt><trkpt lat="42.370353" lon="22.809279"><ele>1001</ele><time>2026-09-22T09:21:27.000Z</time><extensions><gpxtpx:TrackPointExtension xmlns:gpxtpx="http://www.garmin.com/xmlschemas/TrackPointExtension/v1"><gpxtpx:atemp>18</gpxtpx:atemp></gpxtpx:TrackPointExtension></extensions></trkpt><trkpt lat="42.370338" lon="22.808647"><ele>1003</ele><time>2026-09-22T09:21:47.000Z</time><extensions><gpxtpx:TrackPointExtension xmlns:gpxtpx="http://www.garmin.com/xmlschemas/TrackPointExtension/v1"><gpxtpx:atemp>19</gpxtpx:atemp></gpxtpx:TrackPointExtension></extensions></trkpt><trkpt lat="42.370363" lon="22.808471"><ele>1003.6</ele><time>2026-09-22T09:21:53.000Z</time><extensions><gpxtpx:TrackPointExtension xmlns:gpxtpx="http://www.garmin.com/xmlschemas/TrackPointExtension/v1"><gpxtpx:atemp>19</gpxtpx:atemp></gpxtpx:TrackPointExtension></extensions></trkpt><trkpt lat="42.370388" lon="22.808391"><ele>1003.8</ele><time>2026-09-22T09:21:56.000Z</time><extensions><gpxtpx:TrackPointExtension xmlns:gpxtpx="http://www.garmin.com/xmlschemas/TrackPointExtension/v1"><gpxtpx:atemp>19</gpxtpx:atemp></gpxtpx:TrackPointExtension></extensions></trkpt><trkpt lat="42.370463" lon="22.808259"><ele>1004.6</ele><time>2026-09-22T09:22:01.000Z</time><extensions><gpxtpx:TrackPointExtension xmlns:gpxtpx="http://www.garmin.com/xmlschemas/TrackPointExtension/v1"><gpxtpx:atemp>19</gpxtpx:atemp></gpxtpx:TrackPointExtension></extensions></trkpt><trkpt lat="42.370617" lon="22.808107"><ele>1006.4</ele><time>2026-09-22T09:22:09.000Z</time><extensions><gpxtpx:TrackPointExtension xmlns:gpxtpx="http://www.garmin.com/xmlschemas/TrackPointExtension/v1"><gpxtpx:atemp>19</gpxtpx:atemp></gpxtpx:TrackPointExtension></extensions></trkpt><trkpt lat="42.370795" lon="22.807999"><ele>1007.4</ele><time>2026-09-22T09:22:18.000Z</time><extensions><gpxtpx:TrackPointExtension xmlns:gpxtpx="http://www.garmin.com/xmlschemas/TrackPointExtension/v1"><gpxtpx:atemp>19</gpxtpx:atemp></gpxtpx:TrackPointExtension></extensions></trkpt><trkpt lat="42.370877" lon="22.807976"><ele>1007.8</ele><time>2026-09-22T09:22:22.000Z</time><extensions><gpxtpx:TrackPointExtension xmlns:gpxtpx="http://www.garmin.com/xmlschemas/TrackPointExtension/v1"><gpxtpx:atemp>19</gpxtpx:atemp></gpxtpx:TrackPointExtension></extensions></trkpt><trkpt lat="42.37106" lon="22.807985"><ele>1008.8</ele><time>2026-09-22T09:22:31.000Z</time><extensions><gpxtpx:TrackPointExtension xmlns:gpxtpx="http://www.garmin.com/xmlschemas/TrackPointExtension/v1"><gpxtpx:atemp>19</gpxtpx:atemp></gpxtpx:TrackPointExtension></extensions></trkpt><trkpt lat="42.371467" lon="22.807966"><ele>1011.6</ele><time>2026-09-22T09:22:52.000Z</time><extensions><gpxtpx:TrackPointExtension xmlns:gpxtpx="http://www.garmin.com/xmlschemas/TrackPointExtension/v1"><gpxtpx:atemp>19</gpxtpx:atemp></gpxtpx:TrackPointExtension></extensions></trkpt><trkpt lat="42.371527" lon="22.807979"><ele>1012.2</ele><time>2026-09-22T09:22:55.000Z</time><extensions><gpxtpx:TrackPointExtension xmlns:gpxtpx="http://www.garmin.com/xmlschemas/TrackPointExtension/v1"><gpxtpx:atemp>19</gpxtpx:atemp></gpxtpx:TrackPointExtension></extensions></trkpt><trkpt lat="42.371812" lon="22.807979"><ele>1013.6</ele><time>2026-09-22T09:23:07.000Z</time><extensions><gpxtpx:TrackPointExtension xmlns:gpxtpx="http://www.garmin.com/xmlschemas/TrackPointExtension/v1"><gpxtpx:atemp>19</gpxtpx:atemp></gpxtpx:TrackPointExtension></extensions></trkpt><trkpt lat="42.372548" lon="22.808012"><ele>1019.2</ele><time>2026-09-22T09:23:41.000Z</time><extensions><gpxtpx:TrackPointExtension xmlns:gpxtpx="http://www.garmin.com/xmlschemas/TrackPointExtension/v1"><gpxtpx:atemp>18</gpxtpx:atemp></gpxtpx:TrackPointExtension></extensions></trkpt><trkpt lat="42.37274" lon="22.808001"><ele>1020.2</ele><time>2026-09-22T09:23:50.000Z</time><extensions><gpxtpx:TrackPointExtension xmlns:gpxtpx="http://www.garmin.com/xmlschemas/TrackPointExtension/v1"><gpxtpx:atemp>18</gpxtpx:atemp></gpxtpx:TrackPointExtension></extensions></trkpt><trkpt lat="42.373189" lon="22.808019"><ele>1022.2</ele><time>2026-09-22T09:24:09.000Z</time><extensions><gpxtpx:TrackPointExtension xmlns:gpxtpx="http://www.garmin.com/xmlschemas/TrackPointExtension/v1"><gpxtpx:atemp>18</gpxtpx:atemp></gpxtpx:TrackPointExtension></extensions></trkpt><trkpt lat="42.373437" lon="22.807988"><ele>1023.4</ele><time>2026-09-22T09:24:19.000Z</time><extensions><gpxtpx:TrackPointExtension xmlns:gpxtpx="http://www.garmin.com/xmlschemas/TrackPointExtension/v1"><gpxtpx:atemp>18</gpxtpx:atemp></gpxtpx:TrackPointExtension></extensions></trkpt><trkpt lat="42.37373" lon="22.807895"><ele>1024.8</ele><time>2026-09-22T09:24:32.000Z</time><extensions><gpxtpx:TrackPointExtension xmlns:gpxtpx="http://www.garmin.com/xmlschemas/TrackPointExtension/v1"><gpxtpx:atemp>18</gpxtpx:atemp></gpxtpx:TrackPointExtension></extensions></trkpt><trkpt lat="42.373882" lon="22.807916"><ele>1025.4</ele><time>2026-09-22T09:24:40.000Z</time><extensions><gpxtpx:TrackPointExtension xmlns:gpxtpx="http://www.garmin.com/xmlschemas/TrackPointExtension/v1"><gpxtpx:atemp>18</gpxtpx:atemp></gpxtpx:TrackPointExtension></extensions></trkpt><trkpt lat="42.37394" lon="22.807975"><ele>1025.6</ele><time>2026-09-22T09:24:45.000Z</time><extensions><gpxtpx:TrackPointExtension xmlns:gpxtpx="http://www.garmin.com/xmlschemas/TrackPointExtension/v1"><gpxtpx:atemp>18</gpxtpx:atemp></gpxtpx:TrackPointExtension></extensions></trkpt><trkpt lat="42.374069" lon="22.808027"><ele>1026.4</ele><time>2026-09-22T09:27:23.000Z</time><extensions><gpxtpx:TrackPointExtension xmlns:gpxtpx="http://www.garmin.com/xmlschemas/TrackPointExtension/v1"><gpxtpx:atemp>17</gpxtpx:atemp></gpxtpx:TrackPointExtension></extensions></trkpt><trkpt lat="42.374073" lon="22.80798"><ele>1026.4</ele><time>2026-09-22T09:27:26.000Z</time><extensions><gpxtpx:TrackPointExtension xmlns:gpxtpx="http://www.garmin.com/xmlschemas/TrackPointExtension/v1"><gpxtpx:atemp>17</gpxtpx:atemp></gpxtpx:TrackPointExtension></extensions></trkpt><trkpt lat="42.373968" lon="22.807904"><ele>1026.2</ele><time>2026-09-22T09:27:30.000Z</time><extensions><gpxtpx:TrackPointExtension xmlns:gpxtpx="http://www.garmin.com/xmlschemas/TrackPointExtension/v1"><gpxtpx:atemp>17</gpxtpx:atemp></gpxtpx:TrackPointExtension></extensions></trkpt><trkpt lat="42.373941" lon="22.807855"><ele>1026</ele><time>2026-09-22T09:27:31.000Z</time><extensions><gpxtpx:TrackPointExtension xmlns:gpxtpx="http://www.garmin.com/xmlschemas/TrackPointExtension/v1"><gpxtpx:atemp>17</gpxtpx:atemp></gpxtpx:TrackPointExtension></extensions></trkpt><trkpt lat="42.373935" lon="22.807784"><ele>1025.6</ele><time>2026-09-22T09:27:32.000Z</time><extensions><gpxtpx:TrackPointExtension xmlns:gpxtpx="http://www.garmin.com/xmlschemas/TrackPointExtension/v1"><gpxtpx:atemp>17</gpxtpx:atemp></gpxtpx:TrackPointExtension></extensions></trkpt><trkpt lat="42.373948" lon="22.807715"><ele>1025.4</ele><time>2026-09-22T09:27:33.000Z</time><extensions><gpxtpx:TrackPointExtension xmlns:gpxtpx="http://www.garmin.com/xmlschemas/TrackPointExtension/v1"><gpxtpx:atemp>17</gpxtpx:atemp></gpxtpx:TrackPointExtension></extensions></trkpt><trkpt lat="42.374024" lon="22.807557"><ele>1024.6</ele><time>2026-09-22T09:27:36.000Z</time><extensions><gpxtpx:TrackPointExtension xmlns:gpxtpx="http://www.garmin.com/xmlschemas/TrackPointExtension/v1"><gpxtpx:atemp>17</gpxtpx:atemp></gpxtpx:TrackPointExtension></extensions></trkpt><trkpt lat="42.374212" lon="22.807246"><ele>1024.6</ele><time>2026-09-22T09:27:43.000Z</time><extensions><gpxtpx:TrackPointExtension xmlns:gpxtpx="http://www.garmin.com/xmlschemas/TrackPointExtension/v1"><gpxtpx:atemp>17</gpxtpx:atemp></gpxtpx:TrackPointExtension></extensions></trkpt><trkpt lat="42.374385" lon="22.806874"><ele>1024.4</ele><time>2026-09-22T09:27:51.000Z</time><extensions><gpxtpx:TrackPointExtension xmlns:gpxtpx="http://www.garmin.com/xmlschemas/TrackPointExtension/v1"><gpxtpx:atemp>17</gpxtpx:atemp></gpxtpx:TrackPointExtension></extensions></trkpt><trkpt lat="42.37455" lon="22.806586"><ele>1023.6</ele><time>2026-09-22T09:27:57.000Z</time><extensions><gpxtpx:TrackPointExtension xmlns:gpxtpx="http://www.garmin.com/xmlschemas/TrackPointExtension/v1"><gpxtpx:atemp>17</gpxtpx:atemp></gpxtpx:TrackPointExtension></extensions></trkpt><trkpt lat="42.374713" lon="22.806391"><ele>1022.8</ele><time>2026-09-22T09:28:01.000Z</time><extensions><gpxtpx:TrackPointExtension xmlns:gpxtpx="http://www.garmin.com/xmlschemas/TrackPointExtension/v1"><gpxtpx:atemp>17</gpxtpx:atemp></gpxtpx:TrackPointExtension></extensions></trkpt><trkpt lat="42.374817" lon="22.806296"><ele>1022.4</ele><time>2026-09-22T09:28:03.000Z</time><extensions><gpxtpx:TrackPointExtension xmlns:gpxtpx="http://www.garmin.com/xmlschemas/TrackPointExtension/v1"><gpxtpx:atemp>17</gpxtpx:atemp></gpxtpx:TrackPointExtension></extensions></trkpt><trkpt lat="42.374939" lon="22.80621"><ele>1022</ele><time>2026-09-22T09:28:05.000Z</time><extensions><gpxtpx:TrackPointExtension xmlns:gpxtpx="http://www.garmin.com/xmlschemas/TrackPointExtension/v1"><gpxtpx:atemp>17</gpxtpx:atemp></gpxtpx:TrackPointExtension></extensions></trkpt><trkpt lat="42.375157" lon="22.806128"><ele>1021.2</ele><time>2026-09-22T09:28:08.000Z</time><extensions><gpxtpx:TrackPointExtension xmlns:gpxtpx="http://www.garmin.com/xmlschemas/TrackPointExtension/v1"><gpxtpx:atemp>17</gpxtpx:atemp></gpxtpx:TrackPointExtension></extensions></trkpt><trkpt lat="42.375407" lon="22.806112"><ele>1020.4</ele><time>2026-09-22T09:28:11.000Z</time><extensions><gpxtpx:TrackPointExtension xmlns:gpxtpx="http://www.garmin.com/xmlschemas/TrackPointExtension/v1"><gpxtpx:atemp>17</gpxtpx:atemp></gpxtpx:TrackPointExtension></extensions></trkpt><trkpt lat="42.375667" lon="22.806162"><ele>1019</ele><time>2026-09-22T09:28:14.000Z</time><extensions><gpxtpx:TrackPointExtension xmlns:gpxtpx="http://www.garmin.com/xmlschemas/TrackPointExtension/v1"><gpxtpx:atemp>17</gpxtpx:atemp></gpxtpx:TrackPointExtension></extensions></trkpt><trkpt lat="42.375926" lon="22.806302"><ele>1017.4</ele><time>2026-09-22T09:28:17.000Z</time><extensions><gpxtpx:TrackPointExtension xmlns:gpxtpx="http://www.garmin.com/xmlschemas/TrackPointExtension/v1"><gpxtpx:atemp>16</gpxtpx:atemp></gpxtpx:TrackPointExtension></extensions></trkpt><trkpt lat="42.377504" lon="22.807359"><ele>1007.2</ele><time>2026-09-22T09:28:34.000Z</time><extensions><gpxtpx:TrackPointExtension xmlns:gpxtpx="http://www.garmin.com/xmlschemas/TrackPointExtension/v1"><gpxtpx:atemp>16</gpxtpx:atemp></gpxtpx:TrackPointExtension></extensions></trkpt><trkpt lat="42.377953" lon="22.807704"><ele>999</ele><time>2026-09-22T09:30:00.000Z</time><extensions><gpxtpx:TrackPointExtension xmlns:gpxtpx="http://www.garmin.com/xmlschemas/TrackPointExtension/v1"><gpxtpx:atemp>17</gpxtpx:atemp></gpxtpx:TrackPointExtension></extensions></trkpt><trkpt lat="42.378086" lon="22.80775"><ele>999.2</ele><time>2026-09-22T09:30:05.000Z</time><extensions><gpxtpx:TrackPointExtension xmlns:gpxtpx="http://www.garmin.com/xmlschemas/TrackPointExtension/v1"><gpxtpx:atemp>17</gpxtpx:atemp></gpxtpx:TrackPointExtension></extensions></trkpt><trkpt lat="42.378169" lon="22.807804"><ele>998.8</ele><time>2026-09-22T09:30:07.000Z</time><extensions><gpxtpx:TrackPointExtension xmlns:gpxtpx="http://www.garmin.com/xmlschemas/TrackPointExtension/v1"><gpxtpx:atemp>17</gpxtpx:atemp></gpxtpx:TrackPointExtension></extensions></trkpt><trkpt lat="42.37837" lon="22.807956"><ele>997.8</ele><time>2026-09-22T09:30:11.000Z</time><extensions><gpxtpx:TrackPointExtension xmlns:gpxtpx="http://www.garmin.com/xmlschemas/TrackPointExtension/v1"><gpxtpx:atemp>17</gpxtpx:atemp></gpxtpx:TrackPointExtension></extensions></trkpt><trkpt lat="42.378609" lon="22.808179"><ele>996.2</ele><time>2026-09-22T09:30:15.000Z</time><extensions><gpxtpx:TrackPointExtension xmlns:gpxtpx="http://www.garmin.com/xmlschemas/TrackPointExtension/v1"><gpxtpx:atemp>17</gpxtpx:atemp></gpxtpx:TrackPointExtension></extensions></trkpt><trkpt lat="42.378773" lon="22.808423"><ele>995</ele><time>2026-09-22T09:30:18.000Z</time><extensions><gpxtpx:TrackPointExtension xmlns:gpxtpx="http://www.garmin.com/xmlschemas/TrackPointExtension/v1"><gpxtpx:atemp>17</gpxtpx:atemp></gpxtpx:TrackPointExtension></extensions></trkpt><trkpt lat="42.378909" lon="22.808743"><ele>993.6</ele><time>2026-09-22T09:30:21.000Z</time><extensions><gpxtpx:TrackPointExtension xmlns:gpxtpx="http://www.garmin.com/xmlschemas/TrackPointExtension/v1"><gpxtpx:atemp>17</gpxtpx:atemp></gpxtpx:TrackPointExtension></extensions></trkpt><trkpt lat="42.37901" lon="22.809102"><ele>992.4</ele><time>2026-09-22T09:30:24.000Z</time><extensions><gpxtpx:TrackPointExtension xmlns:gpxtpx="http://www.garmin.com/xmlschemas/TrackPointExtension/v1"><gpxtpx:atemp>17</gpxtpx:atemp></gpxtpx:TrackPointExtension></extensions></trkpt><trkpt lat="42.379255" lon="22.810104"><ele>987.6</ele><time>2026-09-22T09:30:32.000Z</time><extensions><gpxtpx:TrackPointExtension xmlns:gpxtpx="http://www.garmin.com/xmlschemas/TrackPointExtension/v1"><gpxtpx:atemp>17</gpxtpx:atemp></gpxtpx:TrackPointExtension></extensions></trkpt><trkpt lat="42.379328" lon="22.810344"><ele>986</ele><time>2026-09-22T09:30:34.000Z</time><extensions><gpxtpx:TrackPointExtension xmlns:gpxtpx="http://www.garmin.com/xmlschemas/TrackPointExtension/v1"><gpxtpx:atemp>17</gpxtpx:atemp></gpxtpx:TrackPointExtension></extensions></trkpt><trkpt lat="42.379436" lon="22.810565"><ele>984.8</ele><time>2026-09-22T09:30:36.000Z</time><extensions><gpxtpx:TrackPointExtension xmlns:gpxtpx="http://www.garmin.com/xmlschemas/TrackPointExtension/v1"><gpxtpx:atemp>17</gpxtpx:atemp></gpxtpx:TrackPointExtension></extensions></trkpt><trkpt lat="42.379581" lon="22.810734"><ele>983.6</ele><time>2026-09-22T09:30:38.000Z</time><extensions><gpxtpx:TrackPointExtension xmlns:gpxtpx="http://www.garmin.com/xmlschemas/TrackPointExtension/v1"><gpxtpx:atemp>17</gpxtpx:atemp></gpxtpx:TrackPointExtension></extensions></trkpt><trkpt lat="42.379665" lon="22.810793"><ele>983.2</ele><time>2026-09-22T09:30:39.000Z</time><extensions><gpxtpx:TrackPointExtension xmlns:gpxtpx="http://www.garmin.com/xmlschemas/TrackPointExtension/v1"><gpxtpx:atemp>17</gpxtpx:atemp></gpxtpx:TrackPointExtension></extensions></trkpt><trkpt lat="42.379852" lon="22.810864"><ele>982</ele><time>2026-09-22T09:30:41.000Z</time><extensions><gpxtpx:TrackPointExtension xmlns:gpxtpx="http://www.garmin.com/xmlschemas/TrackPointExtension/v1"><gpxtpx:atemp>17</gpxtpx:atemp></gpxtpx:TrackPointExtension></extensions></trkpt><trkpt lat="42.379949" lon="22.810871"><ele>981.6</ele><time>2026-09-22T09:30:42.000Z</time><extensions><gpxtpx:TrackPointExtension xmlns:gpxtpx="http://www.garmin.com/xmlschemas/TrackPointExtension/v1"><gpxtpx:atemp>17</gpxtpx:atemp></gpxtpx:TrackPointExtension></extensions></trkpt><trkpt lat="42.380045" lon="22.810856"><ele>981</ele><time>2026-09-22T09:30:43.000Z</time><extensions><gpxtpx:TrackPointExtension xmlns:gpxtpx="http://www.garmin.com/xmlschemas/TrackPointExtension/v1"><gpxtpx:atemp>17</gpxtpx:atemp></gpxtpx:TrackPointExtension></extensions></trkpt><trkpt lat="42.380236" lon="22.810776"><ele>980</ele><time>2026-09-22T09:30:45.000Z</time><extensions><gpxtpx:TrackPointExtension xmlns:gpxtpx="http://www.garmin.com/xmlschemas/TrackPointExtension/v1"><gpxtpx:atemp>17</gpxtpx:atemp></gpxtpx:TrackPointExtension></extensions></trkpt><trkpt lat="42.380329" lon="22.810722"><ele>979.4</ele><time>2026-09-22T09:30:46.000Z</time><extensions><gpxtpx:TrackPointExtension xmlns:gpxtpx="http://www.garmin.com/xmlschemas/TrackPointExtension/v1"><gpxtpx:atemp>17</gpxtpx:atemp></gpxtpx:TrackPointExtension></extensions></trkpt><trkpt lat="42.380819" lon="22.810399"><ele>975.8</ele><time>2026-09-22T09:30:51.000Z</time><extensions><gpxtpx:TrackPointExtension xmlns:gpxtpx="http://www.garmin.com/xmlschemas/TrackPointExtension/v1"><gpxtpx:atemp>17</gpxtpx:atemp></gpxtpx:TrackPointExtension></extensions></trkpt><trkpt lat="42.380924" lon="22.810343"><ele>975</ele><time>2026-09-22T09:30:52.000Z</time><extensions><gpxtpx:TrackPointExtension xmlns:gpxtpx="http://www.garmin.com/xmlschemas/TrackPointExtension/v1"><gpxtpx:atemp>17</gpxtpx:atemp></gpxtpx:TrackPointExtension></extensions></trkpt><trkpt lat="42.381032" lon="22.810299"><ele>974.4</ele><time>2026-09-22T09:30:53.000Z</time><extensions><gpxtpx:TrackPointExtension xmlns:gpxtpx="http://www.garmin.com/xmlschemas/TrackPointExtension/v1"><gpxtpx:atemp>17</gpxtpx:atemp></gpxtpx:TrackPointExtension></extensions></trkpt><trkpt lat="42.381138" lon="22.810277"><ele>973.6</ele><time>2026-09-22T09:30:54.000Z</time><extensions><gpxtpx:TrackPointExtension xmlns:gpxtpx="http://www.garmin.com/xmlschemas/TrackPointExtension/v1"><gpxtpx:atemp>17</gpxtpx:atemp></gpxtpx:TrackPointExtension></extensions></trkpt><trkpt lat="42.381245" lon="22.810281"><ele>973</ele><time>2026-09-22T09:30:55.000Z</time><extensions><gpxtpx:TrackPointExtension xmlns:gpxtpx="http://www.garmin.com/xmlschemas/TrackPointExtension/v1"><gpxtpx:atemp>17</gpxtpx:atemp></gpxtpx:TrackPointExtension></extensions></trkpt><trkpt lat="42.381347" lon="22.810305"><ele>972.2</ele><time>2026-09-22T09:30:56.000Z</time><extensions><gpxtpx:TrackPointExtension xmlns:gpxtpx="http://www.garmin.com/xmlschemas/TrackPointExtension/v1"><gpxtpx:atemp>17</gpxtpx:atemp></gpxtpx:TrackPointExtension></extensions></trkpt><trkpt lat="42.381444" lon="22.810353"><ele>971.4</ele><time>2026-09-22T09:30:57.000Z</time><extensions><gpxtpx:TrackPointExtension xmlns:gpxtpx="http://www.garmin.com/xmlschemas/TrackPointExtension/v1"><gpxtpx:atemp>17</gpxtpx:atemp></gpxtpx:TrackPointExtension></extensions></trkpt><trkpt lat="42.381537" lon="22.810421"><ele>970.8</ele><time>2026-09-22T09:30:58.000Z</time><extensions><gpxtpx:TrackPointExtension xmlns:gpxtpx="http://www.garmin.com/xmlschemas/TrackPointExtension/v1"><gpxtpx:atemp>17</gpxtpx:atemp></gpxtpx:TrackPointExtension></extensions></trkpt><trkpt lat="42.381624" lon="22.810509"><ele>970</ele><time>2026-09-22T09:30:59.000Z</time><extensions><gpxtpx:TrackPointExtension xmlns:gpxtpx="http://www.garmin.com/xmlschemas/TrackPointExtension/v1"><gpxtpx:atemp>17</gpxtpx:atemp></gpxtpx:TrackPointExtension></extensions></trkpt><trkpt lat="42.381692" lon="22.810619"><ele>969.2</ele><time>2026-09-22T09:31:00.000Z</time><extensions><gpxtpx:TrackPointExtension xmlns:gpxtpx="http://www.garmin.com/xmlschemas/TrackPointExtension/v1"><gpxtpx:atemp>17</gpxtpx:atemp></gpxtpx:TrackPointExtension></extensions></trkpt><trkpt lat="42.381779" lon="22.810878"><ele>967.8</ele><time>2026-09-22T09:31:02.000Z</time><extensions><gpxtpx:TrackPointExtension xmlns:gpxtpx="http://www.garmin.com/xmlschemas/TrackPointExtension/v1"><gpxtpx:atemp>17</gpxtpx:atemp></gpxtpx:TrackPointExtension></extensions></trkpt><trkpt lat="42.381802" lon="22.811018"><ele>966.8</ele><time>2026-09-22T09:31:03.000Z</time><extensions><gpxtpx:TrackPointExtension xmlns:gpxtpx="http://www.garmin.com/xmlschemas/TrackPointExtension/v1"><gpxtpx:atemp>17</gpxtpx:atemp></gpxtpx:TrackPointExtension></extensions></trkpt><trkpt lat="42.381864" lon="22.811881"><ele>962.6</ele><time>2026-09-22T09:31:09.000Z</time><extensions><gpxtpx:TrackPointExtension xmlns:gpxtpx="http://www.garmin.com/xmlschemas/TrackPointExtension/v1"><gpxtpx:atemp>17</gpxtpx:atemp></gpxtpx:TrackPointExtension></extensions></trkpt><trkpt lat="42.38191" lon="22.812148"><ele>961</ele><time>2026-09-22T09:31:11.000Z</time><extensions><gpxtpx:TrackPointExtension xmlns:gpxtpx="http://www.garmin.com/xmlschemas/TrackPointExtension/v1"><gpxtpx:atemp>17</gpxtpx:atemp></gpxtpx:TrackPointExtension></extensions></trkpt><trkpt lat="42.381988" lon="22.812391"><ele>959.8</ele><time>2026-09-22T09:31:13.000Z</time><extensions><gpxtpx:TrackPointExtension xmlns:gpxtpx="http://www.garmin.com/xmlschemas/TrackPointExtension/v1"><gpxtpx:atemp>17</gpxtpx:atemp></gpxtpx:TrackPointExtension></extensions></trkpt><trkpt lat="42.382086" lon="22.812613"><ele>958.4</ele><time>2026-09-22T09:31:15.000Z</time><extensions><gpxtpx:TrackPointExtension xmlns:gpxtpx="http://www.garmin.com/xmlschemas/TrackPointExtension/v1"><gpxtpx:atemp>17</gpxtpx:atemp></gpxtpx:TrackPointExtension></extensions></trkpt><trkpt lat="42.382208" lon="22.81281"><ele>957.4</ele><time>2026-09-22T09:31:17.000Z</time><extensions><gpxtpx:TrackPointExtension xmlns:gpxtpx="http://www.garmin.com/xmlschemas/TrackPointExtension/v1"><gpxtpx:atemp>17</gpxtpx:atemp></gpxtpx:TrackPointExtension></extensions></trkpt><trkpt lat="42.382413" lon="22.813061"><ele>955.8</ele><time>2026-09-22T09:31:20.000Z</time><extensions><gpxtpx:TrackPointExtension xmlns:gpxtpx="http://www.garmin.com/xmlschemas/TrackPointExtension/v1"><gpxtpx:atemp>17</gpxtpx:atemp></gpxtpx:TrackPointExtension></extensions></trkpt><trkpt lat="42.382571" lon="22.813195"><ele>954.8</ele><time>2026-09-22T09:31:22.000Z</time><extensions><gpxtpx:TrackPointExtension xmlns:gpxtpx="http://www.garmin.com/xmlschemas/TrackPointExtension/v1"><gpxtpx:atemp>17</gpxtpx:atemp></gpxtpx:TrackPointExtension></extensions></trkpt><trkpt lat="42.382739" lon="22.813295"><ele>953.6</ele><time>2026-09-22T09:31:24.000Z</time><extensions><gpxtpx:TrackPointExtension xmlns:gpxtpx="http://www.garmin.com/xmlschemas/TrackPointExtension/v1"><gpxtpx:atemp>17</gpxtpx:atemp></gpxtpx:TrackPointExtension></extensions></trkpt><trkpt lat="42.38283" lon="22.813331"><ele>953</ele><time>2026-09-22T09:31:25.000Z</time><extensions><gpxtpx:TrackPointExtension xmlns:gpxtpx="http://www.garmin.com/xmlschemas/TrackPointExtension/v1"><gpxtpx:atemp>17</gpxtpx:atemp></gpxtpx:TrackPointExtension></extensions></trkpt><trkpt lat="42.38311" lon="22.813405"><ele>951.2</ele><time>2026-09-22T09:31:28.000Z</time><extensions><gpxtpx:TrackPointExtension xmlns:gpxtpx="http://www.garmin.com/xmlschemas/TrackPointExtension/v1"><gpxtpx:atemp>17</gpxtpx:atemp></gpxtpx:TrackPointExtension></extensions></trkpt><trkpt lat="42.383408" lon="22.813432"><ele>949.6</ele><time>2026-09-22T09:31:31.000Z</time><extensions><gpxtpx:TrackPointExtension xmlns:gpxtpx="http://www.garmin.com/xmlschemas/TrackPointExtension/v1"><gpxtpx:atemp>17</gpxtpx:atemp></gpxtpx:TrackPointExtension></extensions></trkpt><trkpt lat="42.384827" lon="22.813482"><ele>940.6</ele><time>2026-09-22T09:31:45.000Z</time><extensions><gpxtpx:TrackPointExtension xmlns:gpxtpx="http://www.garmin.com/xmlschemas/TrackPointExtension/v1"><gpxtpx:atemp>17</gpxtpx:atemp></gpxtpx:TrackPointExtension></extensions></trkpt><trkpt lat="42.385123" lon="22.813513"><ele>938.8</ele><time>2026-09-22T09:31:48.000Z</time><extensions><gpxtpx:TrackPointExtension xmlns:gpxtpx="http://www.garmin.com/xmlschemas/TrackPointExtension/v1"><gpxtpx:atemp>17</gpxtpx:atemp></gpxtpx:TrackPointExtension></extensions></trkpt><trkpt lat="42.385319" lon="22.813579"><ele>937.6</ele><time>2026-09-22T09:31:50.000Z</time><extensions><gpxtpx:TrackPointExtension xmlns:gpxtpx="http://www.garmin.com/xmlschemas/TrackPointExtension/v1"><gpxtpx:atemp>16</gpxtpx:atemp></gpxtpx:TrackPointExtension></extensions></trkpt><trkpt lat="42.38549" lon="22.813707"><ele>936.6</ele><time>2026-09-22T09:31:52.000Z</time><extensions><gpxtpx:TrackPointExtension xmlns:gpxtpx="http://www.garmin.com/xmlschemas/TrackPointExtension/v1"><gpxtpx:atemp>16</gpxtpx:atemp></gpxtpx:TrackPointExtension></extensions></trkpt><trkpt lat="42.385563" lon="22.813792"><ele>936</ele><time>2026-09-22T09:31:53.000Z</time><extensions><gpxtpx:TrackPointExtension xmlns:gpxtpx="http://www.garmin.com/xmlschemas/TrackPointExtension/v1"><gpxtpx:atemp>16</gpxtpx:atemp></gpxtpx:TrackPointExtension></extensions></trkpt><trkpt lat="42.385615" lon="22.813898"><ele>935.4</ele><time>2026-09-22T09:31:54.000Z</time><extensions><gpxtpx:TrackPointExtension xmlns:gpxtpx="http://www.garmin.com/xmlschemas/TrackPointExtension/v1"><gpxtpx:atemp>16</gpxtpx:atemp></gpxtpx:TrackPointExtension></extensions></trkpt><trkpt lat="42.38567" lon="22.814147"><ele>934.6</ele><time>2026-09-22T09:31:56.000Z</time><extensions><gpxtpx:TrackPointExtension xmlns:gpxtpx="http://www.garmin.com/xmlschemas/TrackPointExtension/v1"><gpxtpx:atemp>16</gpxtpx:atemp></gpxtpx:TrackPointExtension></extensions></trkpt><trkpt lat="42.385671" lon="22.814408"><ele>933.4</ele><time>2026-09-22T09:31:58.000Z</time><extensions><gpxtpx:TrackPointExtension xmlns:gpxtpx="http://www.garmin.com/xmlschemas/TrackPointExtension/v1"><gpxtpx:atemp>16</gpxtpx:atemp></gpxtpx:TrackPointExtension></extensions></trkpt><trkpt lat="42.385655" lon="22.814533"><ele>933</ele><time>2026-09-22T09:31:59.000Z</time><extensions><gpxtpx:TrackPointExtension xmlns:gpxtpx="http://www.garmin.com/xmlschemas/TrackPointExtension/v1"><gpxtpx:atemp>16</gpxtpx:atemp></gpxtpx:TrackPointExtension></extensions></trkpt><trkpt lat="42.38558" lon="22.814764"><ele>931.8</ele><time>2026-09-22T09:32:01.000Z</time><extensions><gpxtpx:TrackPointExtension xmlns:gpxtpx="http://www.garmin.com/xmlschemas/TrackPointExtension/v1"><gpxtpx:atemp>16</gpxtpx:atemp></gpxtpx:TrackPointExtension></extensions></trkpt><trkpt lat="42.385519" lon="22.814865"><ele>931.2</ele><time>2026-09-22T09:32:02.000Z</time><extensions><gpxtpx:TrackPointExtension xmlns:gpxtpx="http://www.garmin.com/xmlschemas/TrackPointExtension/v1"><gpxtpx:atemp>16</gpxtpx:atemp></gpxtpx:TrackPointExtension></extensions></trkpt><trkpt lat="42.385444" lon="22.814949"><ele>930.6</ele><time>2026-09-22T09:32:03.000Z</time><extensions><gpxtpx:TrackPointExtension xmlns:gpxtpx="http://www.garmin.com/xmlschemas/TrackPointExtension/v1"><gpxtpx:atemp>16</gpxtpx:atemp></gpxtpx:TrackPointExtension></extensions></trkpt><trkpt lat="42.385357" lon="22.815017"><ele>930.2</ele><time>2026-09-22T09:32:04.000Z</time><extensions><gpxtpx:TrackPointExtension xmlns:gpxtpx="http://www.garmin.com/xmlschemas/TrackPointExtension/v1"><gpxtpx:atemp>16</gpxtpx:atemp></gpxtpx:TrackPointExtension></extensions></trkpt><trkpt lat="42.385263" lon="22.815063"><ele>929.6</ele><time>2026-09-22T09:32:05.000Z</time><extensions><gpxtpx:TrackPointExtension xmlns:gpxtpx="http://www.garmin.com/xmlschemas/TrackPointExtension/v1"><gpxtpx:atemp>16</gpxtpx:atemp></gpxtpx:TrackPointExtension></extensions></trkpt><trkpt lat="42.385066" lon="22.815107"><ele>928.4</ele><time>2026-09-22T09:32:07.000Z</time><extensions><gpxtpx:TrackPointExtension xmlns:gpxtpx="http://www.garmin.com/xmlschemas/TrackPointExtension/v1"><gpxtpx:atemp>16</gpxtpx:atemp></gpxtpx:TrackPointExtension></extensions></trkpt><trkpt lat="42.384216" lon="22.815044"><ele>923.6</ele><time>2026-09-22T09:32:15.000Z</time><extensions><gpxtpx:TrackPointExtension xmlns:gpxtpx="http://www.garmin.com/xmlschemas/TrackPointExtension/v1"><gpxtpx:atemp>16</gpxtpx:atemp></gpxtpx:TrackPointExtension></extensions></trkpt><trkpt lat="42.383891" lon="22.815075"><ele>921.8</ele><time>2026-09-22T09:32:18.000Z</time><extensions><gpxtpx:TrackPointExtension xmlns:gpxtpx="http://www.garmin.com/xmlschemas/TrackPointExtension/v1"><gpxtpx:atemp>16</gpxtpx:atemp></gpxtpx:TrackPointExtension></extensions></trkpt><trkpt lat="42.383682" lon="22.815143"><ele>920.6</ele><time>2026-09-22T09:32:20.000Z</time><extensions><gpxtpx:TrackPointExtension xmlns:gpxtpx="http://www.garmin.com/xmlschemas/TrackPointExtension/v1"><gpxtpx:atemp>16</gpxtpx:atemp></gpxtpx:TrackPointExtension></extensions></trkpt><trkpt lat="42.383487" lon="22.815256"><ele>919</ele><time>2026-09-22T09:32:22.000Z</time><extensions><gpxtpx:TrackPointExtension xmlns:gpxtpx="http://www.garmin.com/xmlschemas/TrackPointExtension/v1"><gpxtpx:atemp>16</gpxtpx:atemp></gpxtpx:TrackPointExtension></extensions></trkpt><trkpt lat="42.383297" lon="22.815406"><ele>917.8</ele><time>2026-09-22T09:32:24.000Z</time><extensions><gpxtpx:TrackPointExtension xmlns:gpxtpx="http://www.garmin.com/xmlschemas/TrackPointExtension/v1"><gpxtpx:atemp>16</gpxtpx:atemp></gpxtpx:TrackPointExtension></extensions></trkpt><trkpt lat="42.382654" lon="22.816064"><ele>913</ele><time>2026-09-22T09:32:31.000Z</time><extensions><gpxtpx:TrackPointExtension xmlns:gpxtpx="http://www.garmin.com/xmlschemas/TrackPointExtension/v1"><gpxtpx:atemp>16</gpxtpx:atemp></gpxtpx:TrackPointExtension></extensions></trkpt><trkpt lat="42.382443" lon="22.816244"><ele>911.6</ele><time>2026-09-22T09:32:33.000Z</time><extensions><gpxtpx:TrackPointExtension xmlns:gpxtpx="http://www.garmin.com/xmlschemas/TrackPointExtension/v1"><gpxtpx:atemp>16</gpxtpx:atemp></gpxtpx:TrackPointExtension></extensions></trkpt><trkpt lat="42.382325" lon="22.816324"><ele>910.8</ele><time>2026-09-22T09:32:34.000Z</time><extensions><gpxtpx:TrackPointExtension xmlns:gpxtpx="http://www.garmin.com/xmlschemas/TrackPointExtension/v1"><gpxtpx:atemp>16</gpxtpx:atemp></gpxtpx:TrackPointExtension></extensions></trkpt><trkpt lat="42.381953" lon="22.816492"><ele>908.6</ele><time>2026-09-22T09:32:37.000Z</time><extensions><gpxtpx:TrackPointExtension xmlns:gpxtpx="http://www.garmin.com/xmlschemas/TrackPointExtension/v1"><gpxtpx:atemp>16</gpxtpx:atemp></gpxtpx:TrackPointExtension></extensions></trkpt><trkpt lat="42.38133" lon="22.816683"><ele>904.8</ele><time>2026-09-22T09:32:42.000Z</time><extensions><gpxtpx:TrackPointExtension xmlns:gpxtpx="http://www.garmin.com/xmlschemas/TrackPointExtension/v1"><gpxtpx:atemp>16</gpxtpx:atemp></gpxtpx:TrackPointExtension></extensions></trkpt><trkpt lat="42.381104" lon="22.816795"><ele>904</ele><time>2026-09-22T09:32:44.000Z</time><extensions><gpxtpx:TrackPointExtension xmlns:gpxtpx="http://www.garmin.com/xmlschemas/TrackPointExtension/v1"><gpxtpx:atemp>16</gpxtpx:atemp></gpxtpx:TrackPointExtension></extensions></trkpt><trkpt lat="42.380914" lon="22.816943"><ele>903.2</ele><time>2026-09-22T09:32:46.000Z</time><extensions><gpxtpx:TrackPointExtension xmlns:gpxtpx="http://www.garmin.com/xmlschemas/TrackPointExtension/v1"><gpxtpx:atemp>16</gpxtpx:atemp></gpxtpx:TrackPointExtension></extensions></trkpt><trkpt lat="42.380748" lon="22.817125"><ele>902.6</ele><time>2026-09-22T09:32:48.000Z</time><extensions><gpxtpx:TrackPointExtension xmlns:gpxtpx="http://www.garmin.com/xmlschemas/TrackPointExtension/v1"><gpxtpx:atemp>16</gpxtpx:atemp></gpxtpx:TrackPointExtension></extensions></trkpt><trkpt lat="42.38061" lon="22.817334"><ele>902</ele><time>2026-09-22T09:32:50.000Z</time><extensions><gpxtpx:TrackPointExtension xmlns:gpxtpx="http://www.garmin.com/xmlschemas/TrackPointExtension/v1"><gpxtpx:atemp>16</gpxtpx:atemp></gpxtpx:TrackPointExtension></extensions></trkpt><trkpt lat="42.380499" lon="22.817555"><ele>901.6</ele><time>2026-09-22T09:32:52.000Z</time><extensions><gpxtpx:TrackPointExtension xmlns:gpxtpx="http://www.garmin.com/xmlschemas/TrackPointExtension/v1"><gpxtpx:atemp>16</gpxtpx:atemp></gpxtpx:TrackPointExtension></extensions></trkpt><trkpt lat="42.380425" lon="22.817776"><ele>901</ele><time>2026-09-22T09:32:54.000Z</time><extensions><gpxtpx:TrackPointExtension xmlns:gpxtpx="http://www.garmin.com/xmlschemas/TrackPointExtension/v1"><gpxtpx:atemp>16</gpxtpx:atemp></gpxtpx:TrackPointExtension></extensions></trkpt><trkpt lat="42.380376" lon="22.818"><ele>900.6</ele><time>2026-09-22T09:32:56.000Z</time><extensions><gpxtpx:TrackPointExtension xmlns:gpxtpx="http://www.garmin.com/xmlschemas/TrackPointExtension/v1"><gpxtpx:atemp>16</gpxtpx:atemp></gpxtpx:TrackPointExtension></extensions></trkpt><trkpt lat="42.380361" lon="22.818225"><ele>900.2</ele><time>2026-09-22T09:32:58.000Z</time><extensions><gpxtpx:TrackPointExtension xmlns:gpxtpx="http://www.garmin.com/xmlschemas/TrackPointExtension/v1"><gpxtpx:atemp>16</gpxtpx:atemp></gpxtpx:TrackPointExtension></extensions></trkpt><trkpt lat="42.380378" lon="22.818428"><ele>899.8</ele><time>2026-09-22T09:33:00.000Z</time><extensions><gpxtpx:TrackPointExtension xmlns:gpxtpx="http://www.garmin.com/xmlschemas/TrackPointExtension/v1"><gpxtpx:atemp>16</gpxtpx:atemp></gpxtpx:TrackPointExtension></extensions></trkpt><trkpt lat="42.380416" lon="22.818626"><ele>899.4</ele><time>2026-09-22T09:33:02.000Z</time><extensions><gpxtpx:TrackPointExtension xmlns:gpxtpx="http://www.garmin.com/xmlschemas/TrackPointExtension/v1"><gpxtpx:atemp>16</gpxtpx:atemp></gpxtpx:TrackPointExtension></extensions></trkpt><trkpt lat="42.380467" lon="22.818812"><ele>898.8</ele><time>2026-09-22T09:33:04.000Z</time><extensions><gpxtpx:TrackPointExtension xmlns:gpxtpx="http://www.garmin.com/xmlschemas/TrackPointExtension/v1"><gpxtpx:atemp>16</gpxtpx:atemp></gpxtpx:TrackPointExtension></extensions></trkpt><trkpt lat="42.380562" lon="22.81907"><ele>898</ele><time>2026-09-22T09:33:07.000Z</time><extensions><gpxtpx:TrackPointExtension xmlns:gpxtpx="http://www.garmin.com/xmlschemas/TrackPointExtension/v1"><gpxtpx:atemp>16</gpxtpx:atemp></gpxtpx:TrackPointExtension></extensions></trkpt><trkpt lat="42.380939" lon="22.819891"><ele>896.6</ele><time>2026-09-22T09:33:17.000Z</time><extensions><gpxtpx:TrackPointExtension xmlns:gpxtpx="http://www.garmin.com/xmlschemas/TrackPointExtension/v1"><gpxtpx:atemp>16</gpxtpx:atemp></gpxtpx:TrackPointExtension></extensions></trkpt><trkpt lat="42.382461" lon="22.822917"><ele>894.8</ele><time>2026-09-22T09:33:57.000Z</time><extensions><gpxtpx:TrackPointExtension xmlns:gpxtpx="http://www.garmin.com/xmlschemas/TrackPointExtension/v1"><gpxtpx:atemp>16</gpxtpx:atemp></gpxtpx:TrackPointExtension></extensions></trkpt><trkpt lat="42.382703" lon="22.823317"><ele>894.8</ele><time>2026-09-22T09:34:04.000Z</time><extensions><gpxtpx:TrackPointExtension xmlns:gpxtpx="http://www.garmin.com/xmlschemas/TrackPointExtension/v1"><gpxtpx:atemp>16</gpxtpx:atemp></gpxtpx:TrackPointExtension></extensions></trkpt><trkpt lat="42.383032" lon="22.823748"><ele>894.2</ele><time>2026-09-22T09:34:12.000Z</time><extensions><gpxtpx:TrackPointExtension xmlns:gpxtpx="http://www.garmin.com/xmlschemas/TrackPointExtension/v1"><gpxtpx:atemp>16</gpxtpx:atemp></gpxtpx:TrackPointExtension></extensions></trkpt><trkpt lat="42.384433" lon="22.825376"><ele>892.6</ele><time>2026-09-22T09:34:45.000Z</time><extensions><gpxtpx:TrackPointExtension xmlns:gpxtpx="http://www.garmin.com/xmlschemas/TrackPointExtension/v1"><gpxtpx:atemp>16</gpxtpx:atemp></gpxtpx:TrackPointExtension></extensions></trkpt><trkpt lat="42.385187" lon="22.826281"><ele>892</ele><time>2026-09-22T09:35:04.000Z</time><extensions><gpxtpx:TrackPointExtension xmlns:gpxtpx="http://www.garmin.com/xmlschemas/TrackPointExtension/v1"><gpxtpx:atemp>16</gpxtpx:atemp></gpxtpx:TrackPointExtension></extensions></trkpt><trkpt lat="42.387046" lon="22.828417"><ele>889.6</ele><time>2026-09-22T09:35:50.000Z</time><extensions><gpxtpx:TrackPointExtension xmlns:gpxtpx="http://www.garmin.com/xmlschemas/TrackPointExtension/v1"><gpxtpx:atemp>15</gpxtpx:atemp></gpxtpx:TrackPointExtension></extensions></trkpt><trkpt lat="42.387334" lon="22.82876"><ele>889</ele><time>2026-09-22T09:35:57.000Z</time><extensions><gpxtpx:TrackPointExtension xmlns:gpxtpx="http://www.garmin.com/xmlschemas/TrackPointExtension/v1"><gpxtpx:atemp>15</gpxtpx:atemp></gpxtpx:TrackPointExtension></extensions></trkpt><trkpt lat="42.387496" lon="22.828978"><ele>888.6</ele><time>2026-09-22T09:36:01.000Z</time><extensions><gpxtpx:TrackPointExtension xmlns:gpxtpx="http://www.garmin.com/xmlschemas/TrackPointExtension/v1"><gpxtpx:atemp>15</gpxtpx:atemp></gpxtpx:TrackPointExtension></extensions></trkpt><trkpt lat="42.387682" lon="22.829263"><ele>887.8</ele><time>2026-09-22T09:36:06.000Z</time><extensions><gpxtpx:TrackPointExtension xmlns:gpxtpx="http://www.garmin.com/xmlschemas/TrackPointExtension/v1"><gpxtpx:atemp>15</gpxtpx:atemp></gpxtpx:TrackPointExtension></extensions></trkpt><trkpt lat="42.38801" lon="22.829848"><ele>886.2</ele><time>2026-09-22T09:36:15.000Z</time><extensions><gpxtpx:TrackPointExtension xmlns:gpxtpx="http://www.garmin.com/xmlschemas/TrackPointExtension/v1"><gpxtpx:atemp>15</gpxtpx:atemp></gpxtpx:TrackPointExtension></extensions></trkpt><trkpt lat="42.38913" lon="22.831954"><ele>883</ele><time>2026-09-22T09:36:45.000Z</time><extensions><gpxtpx:TrackPointExtension xmlns:gpxtpx="http://www.garmin.com/xmlschemas/TrackPointExtension/v1"><gpxtpx:atemp>15</gpxtpx:atemp></gpxtpx:TrackPointExtension></extensions></trkpt><trkpt lat="42.390456" lon="22.834404"><ele>884.6</ele><time>2026-09-22T09:37:34.000Z</time><extensions><gpxtpx:TrackPointExtension xmlns:gpxtpx="http://www.garmin.com/xmlschemas/TrackPointExtension/v1"><gpxtpx:atemp>15</gpxtpx:atemp></gpxtpx:TrackPointExtension></extensions></trkpt><trkpt lat="42.390998" lon="22.835311"><ele>883</ele><time>2026-09-22T09:37:50.000Z</time><extensions><gpxtpx:TrackPointExtension xmlns:gpxtpx="http://www.garmin.com/xmlschemas/TrackPointExtension/v1"><gpxtpx:atemp>15</gpxtpx:atemp></gpxtpx:TrackPointExtension></extensions></trkpt><trkpt lat="42.392604" lon="22.837624"><ele>876.4</ele><time>2026-09-22T09:38:28.000Z</time><extensions><gpxtpx:TrackPointExtension xmlns:gpxtpx="http://www.garmin.com/xmlschemas/TrackPointExtension/v1"><gpxtpx:atemp>15</gpxtpx:atemp></gpxtpx:TrackPointExtension></extensions></trkpt><trkpt lat="42.393217" lon="22.838421"><ele>875.2</ele><time>2026-09-22T09:38:45.000Z</time><extensions><gpxtpx:TrackPointExtension xmlns:gpxtpx="http://www.garmin.com/xmlschemas/TrackPointExtension/v1"><gpxtpx:atemp>15</gpxtpx:atemp></gpxtpx:TrackPointExtension></extensions></trkpt><trkpt lat="42.393757" lon="22.839048"><ele>877.6</ele><time>2026-09-22T09:39:03.000Z</time><extensions><gpxtpx:TrackPointExtension xmlns:gpxtpx="http://www.garmin.com/xmlschemas/TrackPointExtension/v1"><gpxtpx:atemp>15</gpxtpx:atemp></gpxtpx:TrackPointExtension></extensions></trkpt><trkpt lat="42.39412" lon="22.839507"><ele>878.6</ele><time>2026-09-22T09:39:19.000Z</time><extensions><gpxtpx:TrackPointExtension xmlns:gpxtpx="http://www.garmin.com/xmlschemas/TrackPointExtension/v1"><gpxtpx:atemp>15</gpxtpx:atemp></gpxtpx:TrackPointExtension></extensions></trkpt><trkpt lat="42.394758" lon="22.840253"><ele>880.6</ele><time>2026-09-22T09:39:45.000Z</time><extensions><gpxtpx:TrackPointExtension xmlns:gpxtpx="http://www.garmin.com/xmlschemas/TrackPointExtension/v1"><gpxtpx:atemp>16</gpxtpx:atemp></gpxtpx:TrackPointExtension></extensions></trkpt><trkpt lat="42.394965" lon="22.840543"><ele>881</ele><time>2026-09-22T09:39:53.000Z</time><extensions><gpxtpx:TrackPointExtension xmlns:gpxtpx="http://www.garmin.com/xmlschemas/TrackPointExtension/v1"><gpxtpx:atemp>16</gpxtpx:atemp></gpxtpx:TrackPointExtension></extensions></trkpt><trkpt lat="42.395106" lon="22.840829"><ele>880.8</ele><time>2026-09-22T09:39:59.000Z</time><extensions><gpxtpx:TrackPointExtension xmlns:gpxtpx="http://www.garmin.com/xmlschemas/TrackPointExtension/v1"><gpxtpx:atemp>16</gpxtpx:atemp></gpxtpx:TrackPointExtension></extensions></trkpt><trkpt lat="42.395199" lon="22.841146"><ele>880.6</ele><time>2026-09-22T09:40:04.000Z</time><extensions><gpxtpx:TrackPointExtension xmlns:gpxtpx="http://www.garmin.com/xmlschemas/TrackPointExtension/v1"><gpxtpx:atemp>16</gpxtpx:atemp></gpxtpx:TrackPointExtension></extensions></trkpt><trkpt lat="42.395217" lon="22.841379"><ele>880</ele><time>2026-09-22T09:40:07.000Z</time><extensions><gpxtpx:TrackPointExtension xmlns:gpxtpx="http://www.garmin.com/xmlschemas/TrackPointExtension/v1"><gpxtpx:atemp>16</gpxtpx:atemp></gpxtpx:TrackPointExtension></extensions></trkpt><trkpt lat="42.395169" lon="22.841996"><ele>878.8</ele><time>2026-09-22T09:40:14.000Z</time><extensions><gpxtpx:TrackPointExtension xmlns:gpxtpx="http://www.garmin.com/xmlschemas/TrackPointExtension/v1"><gpxtpx:atemp>16</gpxtpx:atemp></gpxtpx:TrackPointExtension></extensions></trkpt><trkpt lat="42.395003" lon="22.842923"><ele>874.8</ele><time>2026-09-22T09:40:23.000Z</time><extensions><gpxtpx:TrackPointExtension xmlns:gpxtpx="http://www.garmin.com/xmlschemas/TrackPointExtension/v1"><gpxtpx:atemp>16</gpxtpx:atemp></gpxtpx:TrackPointExtension></extensions></trkpt><trkpt lat="42.394972" lon="22.843293"><ele>873</ele><time>2026-09-22T09:40:26.000Z</time><extensions><gpxtpx:TrackPointExtension xmlns:gpxtpx="http://www.garmin.com/xmlschemas/TrackPointExtension/v1"><gpxtpx:atemp>16</gpxtpx:atemp></gpxtpx:TrackPointExtension></extensions></trkpt><trkpt lat="42.394893" lon="22.846035"><ele>862.8</ele><time>2026-09-22T09:40:47.000Z</time><extensions><gpxtpx:TrackPointExtension xmlns:gpxtpx="http://www.garmin.com/xmlschemas/TrackPointExtension/v1"><gpxtpx:atemp>16</gpxtpx:atemp></gpxtpx:TrackPointExtension></extensions></trkpt><trkpt lat="42.394881" lon="22.846942"><ele>861.8</ele><time>2026-09-22T09:40:56.000Z</time><extensions><gpxtpx:TrackPointExtension xmlns:gpxtpx="http://www.garmin.com/xmlschemas/TrackPointExtension/v1"><gpxtpx:atemp>16</gpxtpx:atemp></gpxtpx:TrackPointExtension></extensions></trkpt><trkpt lat="42.394916" lon="22.847506"><ele>860.8</ele><time>2026-09-22T09:41:02.000Z</time><extensions><gpxtpx:TrackPointExtension xmlns:gpxtpx="http://www.garmin.com/xmlschemas/TrackPointExtension/v1"><gpxtpx:atemp>16</gpxtpx:atemp></gpxtpx:TrackPointExtension></extensions></trkpt><trkpt lat="42.395017" lon="22.848511"><ele>858.4</ele><time>2026-09-22T09:41:12.000Z</time><extensions><gpxtpx:TrackPointExtension xmlns:gpxtpx="http://www.garmin.com/xmlschemas/TrackPointExtension/v1"><gpxtpx:atemp>16</gpxtpx:atemp></gpxtpx:TrackPointExtension></extensions></trkpt><trkpt lat="42.395179" lon="22.849949"><ele>852.8</ele><time>2026-09-22T09:41:25.000Z</time><extensions><gpxtpx:TrackPointExtension xmlns:gpxtpx="http://www.garmin.com/xmlschemas/TrackPointExtension/v1"><gpxtpx:atemp>16</gpxtpx:atemp></gpxtpx:TrackPointExtension></extensions></trkpt><trkpt lat="42.39532" lon="22.850986"><ele>847.6</ele><time>2026-09-22T09:41:33.000Z</time><extensions><gpxtpx:TrackPointExtension xmlns:gpxtpx="http://www.garmin.com/xmlschemas/TrackPointExtension/v1"><gpxtpx:atemp>16</gpxtpx:atemp></gpxtpx:TrackPointExtension></extensions></trkpt><trkpt lat="42.39537" lon="22.851555"><ele>844.6</ele><time>2026-09-22T09:41:37.000Z</time><extensions><gpxtpx:TrackPointExtension xmlns:gpxtpx="http://www.garmin.com/xmlschemas/TrackPointExtension/v1"><gpxtpx:atemp>16</gpxtpx:atemp></gpxtpx:TrackPointExtension></extensions></trkpt><trkpt lat="42.395354" lon="22.852166"><ele>841</ele><time>2026-09-22T09:41:41.000Z</time><extensions><gpxtpx:TrackPointExtension xmlns:gpxtpx="http://www.garmin.com/xmlschemas/TrackPointExtension/v1"><gpxtpx:atemp>16</gpxtpx:atemp></gpxtpx:TrackPointExtension></extensions></trkpt><trkpt lat="42.395205" lon="22.853561"><ele>834.2</ele><time>2026-09-22T09:41:50.000Z</time><extensions><gpxtpx:TrackPointExtension xmlns:gpxtpx="http://www.garmin.com/xmlschemas/TrackPointExtension/v1"><gpxtpx:atemp>16</gpxtpx:atemp></gpxtpx:TrackPointExtension></extensions></trkpt><trkpt lat="42.395194" lon="22.854015"><ele>832</ele><time>2026-09-22T09:41:53.000Z</time><extensions><gpxtpx:TrackPointExtension xmlns:gpxtpx="http://www.garmin.com/xmlschemas/TrackPointExtension/v1"><gpxtpx:atemp>16</gpxtpx:atemp></gpxtpx:TrackPointExtension></extensions></trkpt><trkpt lat="42.39524" lon="22.85446"><ele>830</ele><time>2026-09-22T09:41:56.000Z</time><extensions><gpxtpx:TrackPointExtension xmlns:gpxtpx="http://www.garmin.com/xmlschemas/TrackPointExtension/v1"><gpxtpx:atemp>16</gpxtpx:atemp></gpxtpx:TrackPointExtension></extensions></trkpt><trkpt lat="42.39532" lon="22.854732"><ele>828.8</ele><time>2026-09-22T09:41:58.000Z</time><extensions><gpxtpx:TrackPointExtension xmlns:gpxtpx="http://www.garmin.com/xmlschemas/TrackPointExtension/v1"><gpxtpx:atemp>16</gpxtpx:atemp></gpxtpx:TrackPointExtension></extensions></trkpt><trkpt lat="42.395425" lon="22.854989"><ele>827.6</ele><time>2026-09-22T09:42:00.000Z</time><extensions><gpxtpx:TrackPointExtension xmlns:gpxtpx="http://www.garmin.com/xmlschemas/TrackPointExtension/v1"><gpxtpx:atemp>16</gpxtpx:atemp></gpxtpx:TrackPointExtension></extensions></trkpt><trkpt lat="42.395675" lon="22.855469"><ele>825</ele><time>2026-09-22T09:42:04.000Z</time><extensions><gpxtpx:TrackPointExtension xmlns:gpxtpx="http://www.garmin.com/xmlschemas/TrackPointExtension/v1"><gpxtpx:atemp>16</gpxtpx:atemp></gpxtpx:TrackPointExtension></extensions></trkpt><trkpt lat="42.396599" lon="22.857079"><ele>817.6</ele><time>2026-09-22T09:42:19.000Z</time><extensions><gpxtpx:TrackPointExtension xmlns:gpxtpx="http://www.garmin.com/xmlschemas/TrackPointExtension/v1"><gpxtpx:atemp>16</gpxtpx:atemp></gpxtpx:TrackPointExtension></extensions></trkpt><trkpt lat="42.396881" lon="22.85749"><ele>816.6</ele><time>2026-09-22T09:42:24.000Z</time><extensions><gpxtpx:TrackPointExtension xmlns:gpxtpx="http://www.garmin.com/xmlschemas/TrackPointExtension/v1"><gpxtpx:atemp>16</gpxtpx:atemp></gpxtpx:TrackPointExtension></extensions></trkpt><trkpt lat="42.397197" lon="22.857819"><ele>815.6</ele><time>2026-09-22T09:42:29.000Z</time><extensions><gpxtpx:TrackPointExtension xmlns:gpxtpx="http://www.garmin.com/xmlschemas/TrackPointExtension/v1"><gpxtpx:atemp>16</gpxtpx:atemp></gpxtpx:TrackPointExtension></extensions></trkpt><trkpt lat="42.398239" lon="22.858729"><ele>812.8</ele><time>2026-09-22T09:42:46.000Z</time><extensions><gpxtpx:TrackPointExtension xmlns:gpxtpx="http://www.garmin.com/xmlschemas/TrackPointExtension/v1"><gpxtpx:atemp>17</gpxtpx:atemp></gpxtpx:TrackPointExtension></extensions></trkpt><trkpt lat="42.398588" lon="22.859051"><ele>812.4</ele><time>2026-09-22T09:42:52.000Z</time><extensions><gpxtpx:TrackPointExtension xmlns:gpxtpx="http://www.garmin.com/xmlschemas/TrackPointExtension/v1"><gpxtpx:atemp>17</gpxtpx:atemp></gpxtpx:TrackPointExtension></extensions></trkpt><trkpt lat="42.398769" lon="22.859202"><ele>811.6</ele><time>2026-09-22T09:42:55.000Z</time><extensions><gpxtpx:TrackPointExtension xmlns:gpxtpx="http://www.garmin.com/xmlschemas/TrackPointExtension/v1"><gpxtpx:atemp>17</gpxtpx:atemp></gpxtpx:TrackPointExtension></extensions></trkpt><trkpt lat="42.39901" lon="22.859373"><ele>811.2</ele><time>2026-09-22T09:42:59.000Z</time><extensions><gpxtpx:TrackPointExtension xmlns:gpxtpx="http://www.garmin.com/xmlschemas/TrackPointExtension/v1"><gpxtpx:atemp>17</gpxtpx:atemp></gpxtpx:TrackPointExtension></extensions></trkpt><trkpt lat="42.399323" lon="22.859517"><ele>810.8</ele><time>2026-09-22T09:43:04.000Z</time><extensions><gpxtpx:TrackPointExtension xmlns:gpxtpx="http://www.garmin.com/xmlschemas/TrackPointExtension/v1"><gpxtpx:atemp>17</gpxtpx:atemp></gpxtpx:TrackPointExtension></extensions></trkpt><trkpt lat="42.399459" lon="22.859544"><ele>810.6</ele><time>2026-09-22T09:43:06.000Z</time><extensions><gpxtpx:TrackPointExtension xmlns:gpxtpx="http://www.garmin.com/xmlschemas/TrackPointExtension/v1"><gpxtpx:atemp>17</gpxtpx:atemp></gpxtpx:TrackPointExtension></extensions></trkpt><trkpt lat="42.399804" lon="22.85953"><ele>809.6</ele><time>2026-09-22T09:43:11.000Z</time><extensions><gpxtpx:TrackPointExtension xmlns:gpxtpx="http://www.garmin.com/xmlschemas/TrackPointExtension/v1"><gpxtpx:atemp>17</gpxtpx:atemp></gpxtpx:TrackPointExtension></extensions></trkpt><trkpt lat="42.400106" lon="22.859554"><ele>808.2</ele><time>2026-09-22T09:43:16.000Z</time><extensions><gpxtpx:TrackPointExtension xmlns:gpxtpx="http://www.garmin.com/xmlschemas/TrackPointExtension/v1"><gpxtpx:atemp>17</gpxtpx:atemp></gpxtpx:TrackPointExtension></extensions></trkpt><trkpt lat="42.400248" lon="22.859527"><ele>807.4</ele><time>2026-09-22T09:43:20.000Z</time><extensions><gpxtpx:TrackPointExtension xmlns:gpxtpx="http://www.garmin.com/xmlschemas/TrackPointExtension/v1"><gpxtpx:atemp>17</gpxtpx:atemp></gpxtpx:TrackPointExtension></extensions></trkpt><trkpt lat="42.400325" lon="22.859469"><ele>807.8</ele><time>2026-09-22T09:44:40.000Z</time><extensions><gpxtpx:TrackPointExtension xmlns:gpxtpx="http://www.garmin.com/xmlschemas/TrackPointExtension/v1"><gpxtpx:atemp>17</gpxtpx:atemp></gpxtpx:TrackPointExtension></extensions></trkpt><trkpt lat="42.400449" lon="22.859454"><ele>807.4</ele><time>2026-09-22T09:44:44.000Z</time><extensions><gpxtpx:TrackPointExtension xmlns:gpxtpx="http://www.garmin.com/xmlschemas/TrackPointExtension/v1"><gpxtpx:atemp>16</gpxtpx:atemp></gpxtpx:TrackPointExtension></extensions></trkpt><trkpt lat="42.400636" lon="22.859463"><ele>807.2</ele><time>2026-09-22T09:44:48.000Z</time><extensions><gpxtpx:TrackPointExtension xmlns:gpxtpx="http://www.garmin.com/xmlschemas/TrackPointExtension/v1"><gpxtpx:atemp>16</gpxtpx:atemp></gpxtpx:TrackPointExtension></extensions></trkpt><trkpt lat="42.400746" lon="22.85948"><ele>807</ele><time>2026-09-22T09:44:50.000Z</time><extensions><gpxtpx:TrackPointExtension xmlns:gpxtpx="http://www.garmin.com/xmlschemas/TrackPointExtension/v1"><gpxtpx:atemp>16</gpxtpx:atemp></gpxtpx:TrackPointExtension></extensions></trkpt><trkpt lat="42.400961" lon="22.859546"><ele>806.4</ele><time>2026-09-22T09:44:54.000Z</time><extensions><gpxtpx:TrackPointExtension xmlns:gpxtpx="http://www.garmin.com/xmlschemas/TrackPointExtension/v1"><gpxtpx:atemp>16</gpxtpx:atemp></gpxtpx:TrackPointExtension></extensions></trkpt><trkpt lat="42.401474" lon="22.859767"><ele>805.4</ele><time>2026-09-22T09:45:03.000Z</time><extensions><gpxtpx:TrackPointExtension xmlns:gpxtpx="http://www.garmin.com/xmlschemas/TrackPointExtension/v1"><gpxtpx:atemp>16</gpxtpx:atemp></gpxtpx:TrackPointExtension></extensions></trkpt><trkpt lat="42.401664" lon="22.859831"><ele>805</ele><time>2026-09-22T09:45:06.000Z</time><extensions><gpxtpx:TrackPointExtension xmlns:gpxtpx="http://www.garmin.com/xmlschemas/TrackPointExtension/v1"><gpxtpx:atemp>16</gpxtpx:atemp></gpxtpx:TrackPointExtension></extensions></trkpt><trkpt lat="42.401849" lon="22.859854"><ele>804.4</ele><time>2026-09-22T09:45:09.000Z</time><extensions><gpxtpx:TrackPointExtension xmlns:gpxtpx="http://www.garmin.com/xmlschemas/TrackPointExtension/v1"><gpxtpx:atemp>16</gpxtpx:atemp></gpxtpx:TrackPointExtension></extensions></trkpt><trkpt lat="42.402472" lon="22.859831"><ele>802.8</ele><time>2026-09-22T09:45:18.000Z</time><extensions><gpxtpx:TrackPointExtension xmlns:gpxtpx="http://www.garmin.com/xmlschemas/TrackPointExtension/v1"><gpxtpx:atemp>16</gpxtpx:atemp></gpxtpx:TrackPointExtension></extensions></trkpt><trkpt lat="42.40268" lon="22.859847"><ele>802.2</ele><time>2026-09-22T09:45:21.000Z</time><extensions><gpxtpx:TrackPointExtension xmlns:gpxtpx="http://www.garmin.com/xmlschemas/TrackPointExtension/v1"><gpxtpx:atemp>16</gpxtpx:atemp></gpxtpx:TrackPointExtension></extensions></trkpt><trkpt lat="42.402816" lon="22.85988"><ele>801.8</ele><time>2026-09-22T09:45:23.000Z</time><extensions><gpxtpx:TrackPointExtension xmlns:gpxtpx="http://www.garmin.com/xmlschemas/TrackPointExtension/v1"><gpxtpx:atemp>16</gpxtpx:atemp></gpxtpx:TrackPointExtension></extensions></trkpt><trkpt lat="42.402941" lon="22.859932"><ele>801.4</ele><time>2026-09-22T09:45:25.000Z</time><extensions><gpxtpx:TrackPointExtension xmlns:gpxtpx="http://www.garmin.com/xmlschemas/TrackPointExtension/v1"><gpxtpx:atemp>16</gpxtpx:atemp></gpxtpx:TrackPointExtension></extensions></trkpt><trkpt lat="42.403181" lon="22.860066"><ele>800.6</ele><time>2026-09-22T09:45:29.000Z</time><extensions><gpxtpx:TrackPointExtension xmlns:gpxtpx="http://www.garmin.com/xmlschemas/TrackPointExtension/v1"><gpxtpx:atemp>16</gpxtpx:atemp></gpxtpx:TrackPointExtension></extensions></trkpt><trkpt lat="42.40388" lon="22.860482"><ele>798.4</ele><time>2026-09-22T09:45:40.000Z</time><extensions><gpxtpx:TrackPointExtension xmlns:gpxtpx="http://www.garmin.com/xmlschemas/TrackPointExtension/v1"><gpxtpx:atemp>16</gpxtpx:atemp></gpxtpx:TrackPointExtension></extensions></trkpt><trkpt lat="42.404334" lon="22.860778"><ele>797.4</ele><time>2026-09-22T09:45:47.000Z</time><extensions><gpxtpx:TrackPointExtension xmlns:gpxtpx="http://www.garmin.com/xmlschemas/TrackPointExtension/v1"><gpxtpx:atemp>16</gpxtpx:atemp></gpxtpx:TrackPointExtension></extensions></trkpt><trkpt lat="42.404712" lon="22.861001"><ele>796.6</ele><time>2026-09-22T09:45:53.000Z</time><extensions><gpxtpx:TrackPointExtension xmlns:gpxtpx="http://www.garmin.com/xmlschemas/TrackPointExtension/v1"><gpxtpx:atemp>16</gpxtpx:atemp></gpxtpx:TrackPointExtension></extensions></trkpt><trkpt lat="42.405075" lon="22.861161"><ele>796.2</ele><time>2026-09-22T09:45:59.000Z</time><extensions><gpxtpx:TrackPointExtension xmlns:gpxtpx="http://www.garmin.com/xmlschemas/TrackPointExtension/v1"><gpxtpx:atemp>16</gpxtpx:atemp></gpxtpx:TrackPointExtension></extensions></trkpt><trkpt lat="42.405744" lon="22.861425"><ele>794.4</ele><time>2026-09-22T09:46:10.000Z</time><extensions><gpxtpx:TrackPointExtension xmlns:gpxtpx="http://www.garmin.com/xmlschemas/TrackPointExtension/v1"><gpxtpx:atemp>16</gpxtpx:atemp></gpxtpx:TrackPointExtension></extensions></trkpt><trkpt lat="42.405871" lon="22.86151"><ele>793.8</ele><time>2026-09-22T09:46:12.000Z</time><extensions><gpxtpx:TrackPointExtension xmlns:gpxtpx="http://www.garmin.com/xmlschemas/TrackPointExtension/v1"><gpxtpx:atemp>16</gpxtpx:atemp></gpxtpx:TrackPointExtension></extensions></trkpt><trkpt lat="42.406186" lon="22.861777"><ele>792</ele><time>2026-09-22T09:46:17.000Z</time><extensions><gpxtpx:TrackPointExtension xmlns:gpxtpx="http://www.garmin.com/xmlschemas/TrackPointExtension/v1"><gpxtpx:atemp>16</gpxtpx:atemp></gpxtpx:TrackPointExtension></extensions></trkpt><trkpt lat="42.406403" lon="22.861919"><ele>790.6</ele><time>2026-09-22T09:46:20.000Z</time><extensions><gpxtpx:TrackPointExtension xmlns:gpxtpx="http://www.garmin.com/xmlschemas/TrackPointExtension/v1"><gpxtpx:atemp>16</gpxtpx:atemp></gpxtpx:TrackPointExtension></extensions></trkpt><trkpt lat="42.406828" lon="22.862175"><ele>787.8</ele><time>2026-09-22T09:46:25.000Z</time><extensions><gpxtpx:TrackPointExtension xmlns:gpxtpx="http://www.garmin.com/xmlschemas/TrackPointExtension/v1"><gpxtpx:atemp>16</gpxtpx:atemp></gpxtpx:TrackPointExtension></extensions></trkpt><trkpt lat="42.407637" lon="22.862575"><ele>780.8</ele><time>2026-09-22T09:46:33.000Z</time><extensions><gpxtpx:TrackPointExtension xmlns:gpxtpx="http://www.garmin.com/xmlschemas/TrackPointExtension/v1"><gpxtpx:atemp>16</gpxtpx:atemp></gpxtpx:TrackPointExtension></extensions></trkpt><trkpt lat="42.407853" lon="22.862713"><ele>779</ele><time>2026-09-22T09:46:35.000Z</time><extensions><gpxtpx:TrackPointExtension xmlns:gpxtpx="http://www.garmin.com/xmlschemas/TrackPointExtension/v1"><gpxtpx:atemp>16</gpxtpx:atemp></gpxtpx:TrackPointExtension></extensions></trkpt><trkpt lat="42.407948" lon="22.862812"><ele>778.2</ele><time>2026-09-22T09:46:36.000Z</time><extensions><gpxtpx:TrackPointExtension xmlns:gpxtpx="http://www.garmin.com/xmlschemas/TrackPointExtension/v1"><gpxtpx:atemp>16</gpxtpx:atemp></gpxtpx:TrackPointExtension></extensions></trkpt><trkpt lat="42.408119" lon="22.863038"><ele>776.4</ele><time>2026-09-22T09:46:38.000Z</time><extensions><gpxtpx:TrackPointExtension xmlns:gpxtpx="http://www.garmin.com/xmlschemas/TrackPointExtension/v1"><gpxtpx:atemp>16</gpxtpx:atemp></gpxtpx:TrackPointExtension></extensions></trkpt><trkpt lat="42.408497" lon="22.863567"><ele>771</ele><time>2026-09-22T09:46:43.000Z</time><extensions><gpxtpx:TrackPointExtension xmlns:gpxtpx="http://www.garmin.com/xmlschemas/TrackPointExtension/v1"><gpxtpx:atemp>16</gpxtpx:atemp></gpxtpx:TrackPointExtension></extensions></trkpt><trkpt lat="42.408562" lon="22.86368"><ele>770</ele><time>2026-09-22T09:46:44.000Z</time><extensions><gpxtpx:TrackPointExtension xmlns:gpxtpx="http://www.garmin.com/xmlschemas/TrackPointExtension/v1"><gpxtpx:atemp>16</gpxtpx:atemp></gpxtpx:TrackPointExtension></extensions></trkpt><trkpt lat="42.408653" lon="22.863931"><ele>768.2</ele><time>2026-09-22T09:46:46.000Z</time><extensions><gpxtpx:TrackPointExtension xmlns:gpxtpx="http://www.garmin.com/xmlschemas/TrackPointExtension/v1"><gpxtpx:atemp>16</gpxtpx:atemp></gpxtpx:TrackPointExtension></extensions></trkpt><trkpt lat="42.408747" lon="22.864332"><ele>765.2</ele><time>2026-09-22T09:46:49.000Z</time><extensions><gpxtpx:TrackPointExtension xmlns:gpxtpx="http://www.garmin.com/xmlschemas/TrackPointExtension/v1"><gpxtpx:atemp>16</gpxtpx:atemp></gpxtpx:TrackPointExtension></extensions></trkpt><trkpt lat="42.408791" lon="22.864454"><ele>764.4</ele><time>2026-09-22T09:46:50.000Z</time><extensions><gpxtpx:TrackPointExtension xmlns:gpxtpx="http://www.garmin.com/xmlschemas/TrackPointExtension/v1"><gpxtpx:atemp>16</gpxtpx:atemp></gpxtpx:TrackPointExtension></extensions></trkpt><trkpt lat="42.408967" lon="22.864815"><ele>761.8</ele><time>2026-09-22T09:46:53.000Z</time><extensions><gpxtpx:TrackPointExtension xmlns:gpxtpx="http://www.garmin.com/xmlschemas/TrackPointExtension/v1"><gpxtpx:atemp>15</gpxtpx:atemp></gpxtpx:TrackPointExtension></extensions></trkpt><trkpt lat="42.40911" lon="22.865042"><ele>759.6</ele><time>2026-09-22T09:46:55.000Z</time><extensions><gpxtpx:TrackPointExtension xmlns:gpxtpx="http://www.garmin.com/xmlschemas/TrackPointExtension/v1"><gpxtpx:atemp>15</gpxtpx:atemp></gpxtpx:TrackPointExtension></extensions></trkpt><trkpt lat="42.409403" lon="22.865494"><ele>755.6</ele><time>2026-09-22T09:46:59.000Z</time><extensions><gpxtpx:TrackPointExtension xmlns:gpxtpx="http://www.garmin.com/xmlschemas/TrackPointExtension/v1"><gpxtpx:atemp>15</gpxtpx:atemp></gpxtpx:TrackPointExtension></extensions></trkpt><trkpt lat="42.410163" lon="22.866608"><ele>745.6</ele><time>2026-09-22T09:47:09.000Z</time><extensions><gpxtpx:TrackPointExtension xmlns:gpxtpx="http://www.garmin.com/xmlschemas/TrackPointExtension/v1"><gpxtpx:atemp>15</gpxtpx:atemp></gpxtpx:TrackPointExtension></extensions></trkpt><trkpt lat="42.410628" lon="22.867232"><ele>740</ele><time>2026-09-22T09:47:15.000Z</time><extensions><gpxtpx:TrackPointExtension xmlns:gpxtpx="http://www.garmin.com/xmlschemas/TrackPointExtension/v1"><gpxtpx:atemp>15</gpxtpx:atemp></gpxtpx:TrackPointExtension></extensions></trkpt><trkpt lat="42.411115" lon="22.867842"><ele>734.4</ele><time>2026-09-22T09:47:21.000Z</time><extensions><gpxtpx:TrackPointExtension xmlns:gpxtpx="http://www.garmin.com/xmlschemas/TrackPointExtension/v1"><gpxtpx:atemp>15</gpxtpx:atemp></gpxtpx:TrackPointExtension></extensions></trkpt><trkpt lat="42.411268" lon="22.868072"><ele>731.8</ele><time>2026-09-22T09:47:23.000Z</time><extensions><gpxtpx:TrackPointExtension xmlns:gpxtpx="http://www.garmin.com/xmlschemas/TrackPointExtension/v1"><gpxtpx:atemp>15</gpxtpx:atemp></gpxtpx:TrackPointExtension></extensions></trkpt><trkpt lat="42.411397" lon="22.868341"><ele>729.6</ele><time>2026-09-22T09:47:25.000Z</time><extensions><gpxtpx:TrackPointExtension xmlns:gpxtpx="http://www.garmin.com/xmlschemas/TrackPointExtension/v1"><gpxtpx:atemp>15</gpxtpx:atemp></gpxtpx:TrackPointExtension></extensions></trkpt><trkpt lat="42.411553" lon="22.868785"><ele>726.8</ele><time>2026-09-22T09:47:28.000Z</time><extensions><gpxtpx:TrackPointExtension xmlns:gpxtpx="http://www.garmin.com/xmlschemas/TrackPointExtension/v1"><gpxtpx:atemp>15</gpxtpx:atemp></gpxtpx:TrackPointExtension></extensions></trkpt><trkpt lat="42.411872" lon="22.870077"><ele>721.6</ele><time>2026-09-22T09:47:37.000Z</time><extensions><gpxtpx:TrackPointExtension xmlns:gpxtpx="http://www.garmin.com/xmlschemas/TrackPointExtension/v1"><gpxtpx:atemp>15</gpxtpx:atemp></gpxtpx:TrackPointExtension></extensions></trkpt><trkpt lat="42.411994" lon="22.870447"><ele>720.6</ele><time>2026-09-22T09:47:40.000Z</time><extensions><gpxtpx:TrackPointExtension xmlns:gpxtpx="http://www.garmin.com/xmlschemas/TrackPointExtension/v1"><gpxtpx:atemp>15</gpxtpx:atemp></gpxtpx:TrackPointExtension></extensions></trkpt><trkpt lat="42.412137" lon="22.870785"><ele>719.4</ele><time>2026-09-22T09:47:43.000Z</time><extensions><gpxtpx:TrackPointExtension xmlns:gpxtpx="http://www.garmin.com/xmlschemas/TrackPointExtension/v1"><gpxtpx:atemp>15</gpxtpx:atemp></gpxtpx:TrackPointExtension></extensions></trkpt><trkpt lat="42.412442" lon="22.871412"><ele>717</ele><time>2026-09-22T09:47:49.000Z</time><extensions><gpxtpx:TrackPointExtension xmlns:gpxtpx="http://www.garmin.com/xmlschemas/TrackPointExtension/v1"><gpxtpx:atemp>15</gpxtpx:atemp></gpxtpx:TrackPointExtension></extensions></trkpt><trkpt lat="42.413374" lon="22.87323"><ele>707.8</ele><time>2026-09-22T09:48:07.000Z</time><extensions><gpxtpx:TrackPointExtension xmlns:gpxtpx="http://www.garmin.com/xmlschemas/TrackPointExtension/v1"><gpxtpx:atemp>15</gpxtpx:atemp></gpxtpx:TrackPointExtension></extensions></trkpt><trkpt lat="42.413549" lon="22.873515"><ele>706.4</ele><time>2026-09-22T09:48:10.000Z</time><extensions><gpxtpx:TrackPointExtension xmlns:gpxtpx="http://www.garmin.com/xmlschemas/TrackPointExtension/v1"><gpxtpx:atemp>15</gpxtpx:atemp></gpxtpx:TrackPointExtension></extensions></trkpt><trkpt lat="42.413671" lon="22.873685"><ele>705.4</ele><time>2026-09-22T09:48:12.000Z</time><extensions><gpxtpx:TrackPointExtension xmlns:gpxtpx="http://www.garmin.com/xmlschemas/TrackPointExtension/v1"><gpxtpx:atemp>16</gpxtpx:atemp></gpxtpx:TrackPointExtension></extensions></trkpt><trkpt lat="42.413928" lon="22.873975"><ele>704.2</ele><time>2026-09-22T09:48:16.000Z</time><extensions><gpxtpx:TrackPointExtension xmlns:gpxtpx="http://www.garmin.com/xmlschemas/TrackPointExtension/v1"><gpxtpx:atemp>16</gpxtpx:atemp></gpxtpx:TrackPointExtension></extensions></trkpt><trkpt lat="42.414058" lon="22.874088"><ele>703.6</ele><time>2026-09-22T09:48:18.000Z</time><extensions><gpxtpx:TrackPointExtension xmlns:gpxtpx="http://www.garmin.com/xmlschemas/TrackPointExtension/v1"><gpxtpx:atemp>16</gpxtpx:atemp></gpxtpx:TrackPointExtension></extensions></trkpt><trkpt lat="42.414323" lon="22.874265"><ele>703.2</ele><time>2026-09-22T09:48:22.000Z</time><extensions><gpxtpx:TrackPointExtension xmlns:gpxtpx="http://www.garmin.com/xmlschemas/TrackPointExtension/v1"><gpxtpx:atemp>16</gpxtpx:atemp></gpxtpx:TrackPointExtension></extensions></trkpt><trkpt lat="42.414518" lon="22.874358"><ele>703.2</ele><time>2026-09-22T09:48:25.000Z</time><extensions><gpxtpx:TrackPointExtension xmlns:gpxtpx="http://www.garmin.com/xmlschemas/TrackPointExtension/v1"><gpxtpx:atemp>16</gpxtpx:atemp></gpxtpx:TrackPointExtension></extensions></trkpt><trkpt lat="42.414701" lon="22.874418"><ele>703.2</ele><time>2026-09-22T09:48:28.000Z</time><extensions><gpxtpx:TrackPointExtension xmlns:gpxtpx="http://www.garmin.com/xmlschemas/TrackPointExtension/v1"><gpxtpx:atemp>16</gpxtpx:atemp></gpxtpx:TrackPointExtension></extensions></trkpt><trkpt lat="42.414871" lon="22.874445"><ele>703.2</ele><time>2026-09-22T09:48:31.000Z</time><extensions><gpxtpx:TrackPointExtension xmlns:gpxtpx="http://www.garmin.com/xmlschemas/TrackPointExtension/v1"><gpxtpx:atemp>16</gpxtpx:atemp></gpxtpx:TrackPointExtension></extensions></trkpt><trkpt lat="42.415495" lon="22.874593"><ele>703.4</ele><time>2026-09-22T09:48:44.000Z</time><extensions><gpxtpx:TrackPointExtension xmlns:gpxtpx="http://www.garmin.com/xmlschemas/TrackPointExtension/v1"><gpxtpx:atemp>16</gpxtpx:atemp></gpxtpx:TrackPointExtension></extensions></trkpt><trkpt lat="42.416131" lon="22.874691"><ele>704.4</ele><time>2026-09-22T09:48:58.000Z</time><extensions><gpxtpx:TrackPointExtension xmlns:gpxtpx="http://www.garmin.com/xmlschemas/TrackPointExtension/v1"><gpxtpx:atemp>16</gpxtpx:atemp></gpxtpx:TrackPointExtension></extensions></trkpt><trkpt lat="42.416471" lon="22.874772"><ele>704.8</ele><time>2026-09-22T09:49:05.000Z</time><extensions><gpxtpx:TrackPointExtension xmlns:gpxtpx="http://www.garmin.com/xmlschemas/TrackPointExtension/v1"><gpxtpx:atemp>16</gpxtpx:atemp></gpxtpx:TrackPointExtension></extensions></trkpt><trkpt lat="42.418148" lon="22.875075"><ele>707.2</ele><time>2026-09-22T09:49:43.000Z</time><extensions><gpxtpx:TrackPointExtension xmlns:gpxtpx="http://www.garmin.com/xmlschemas/TrackPointExtension/v1"><gpxtpx:atemp>16</gpxtpx:atemp></gpxtpx:TrackPointExtension></extensions></trkpt><trkpt lat="42.418898" lon="22.875238"><ele>709.4</ele><time>2026-09-22T09:50:04.000Z</time><extensions><gpxtpx:TrackPointExtension xmlns:gpxtpx="http://www.garmin.com/xmlschemas/TrackPointExtension/v1"><gpxtpx:atemp>16</gpxtpx:atemp></gpxtpx:TrackPointExtension></extensions></trkpt><trkpt lat="42.419241" lon="22.87529"><ele>710.4</ele><time>2026-09-22T09:50:13.000Z</time><extensions><gpxtpx:TrackPointExtension xmlns:gpxtpx="http://www.garmin.com/xmlschemas/TrackPointExtension/v1"><gpxtpx:atemp>16</gpxtpx:atemp></gpxtpx:TrackPointExtension></extensions></trkpt><trkpt lat="42.420561" lon="22.875565"><ele>713.2</ele><time>2026-09-22T09:50:49.000Z</time><extensions><gpxtpx:TrackPointExtension xmlns:gpxtpx="http://www.garmin.com/xmlschemas/TrackPointExtension/v1"><gpxtpx:atemp>16</gpxtpx:atemp></gpxtpx:TrackPointExtension></extensions></trkpt><trkpt lat="42.421026" lon="22.87564"><ele>714.4</ele><time>2026-09-22T09:51:02.000Z</time><extensions><gpxtpx:TrackPointExtension xmlns:gpxtpx="http://www.garmin.com/xmlschemas/TrackPointExtension/v1"><gpxtpx:atemp>16</gpxtpx:atemp></gpxtpx:TrackPointExtension></extensions></trkpt><trkpt lat="42.422733" lon="22.875987"><ele>718</ele><time>2026-09-22T09:51:47.000Z</time><extensions><gpxtpx:TrackPointExtension xmlns:gpxtpx="http://www.garmin.com/xmlschemas/TrackPointExtension/v1"><gpxtpx:atemp>16</gpxtpx:atemp></gpxtpx:TrackPointExtension></extensions></trkpt><trkpt lat="42.423044" lon="22.876034"><ele>718.4</ele><time>2026-09-22T09:51:55.000Z</time><extensions><gpxtpx:TrackPointExtension xmlns:gpxtpx="http://www.garmin.com/xmlschemas/TrackPointExtension/v1"><gpxtpx:atemp>16</gpxtpx:atemp></gpxtpx:TrackPointExtension></extensions></trkpt><trkpt lat="42.423471" lon="22.876133"><ele>719.4</ele><time>2026-09-22T09:52:06.000Z</time><extensions><gpxtpx:TrackPointExtension xmlns:gpxtpx="http://www.garmin.com/xmlschemas/TrackPointExtension/v1"><gpxtpx:atemp>16</gpxtpx:atemp></gpxtpx:TrackPointExtension></extensions></trkpt><trkpt lat="42.424905" lon="22.876403"><ele>717.8</ele><time>2026-09-22T09:52:37.000Z</time><extensions><gpxtpx:TrackPointExtension xmlns:gpxtpx="http://www.garmin.com/xmlschemas/TrackPointExtension/v1"><gpxtpx:atemp>16</gpxtpx:atemp></gpxtpx:TrackPointExtension></extensions></trkpt><trkpt lat="42.425269" lon="22.8765"><ele>716.6</ele><time>2026-09-22T09:52:44.000Z</time><extensions><gpxtpx:TrackPointExtension xmlns:gpxtpx="http://www.garmin.com/xmlschemas/TrackPointExtension/v1"><gpxtpx:atemp>16</gpxtpx:atemp></gpxtpx:TrackPointExtension></extensions></trkpt><trkpt lat="42.425428" lon="22.876572"><ele>716.2</ele><time>2026-09-22T09:52:47.000Z</time><extensions><gpxtpx:TrackPointExtension xmlns:gpxtpx="http://www.garmin.com/xmlschemas/TrackPointExtension/v1"><gpxtpx:atemp>16</gpxtpx:atemp></gpxtpx:TrackPointExtension></extensions></trkpt><trkpt lat="42.425531" lon="22.876636"><ele>715.8</ele><time>2026-09-22T09:52:49.000Z</time><extensions><gpxtpx:TrackPointExtension xmlns:gpxtpx="http://www.garmin.com/xmlschemas/TrackPointExtension/v1"><gpxtpx:atemp>16</gpxtpx:atemp></gpxtpx:TrackPointExtension></extensions></trkpt><trkpt lat="42.425679" lon="22.876764"><ele>715</ele><time>2026-09-22T09:52:52.000Z</time><extensions><gpxtpx:TrackPointExtension xmlns:gpxtpx="http://www.garmin.com/xmlschemas/TrackPointExtension/v1"><gpxtpx:atemp>16</gpxtpx:atemp></gpxtpx:TrackPointExtension></extensions></trkpt><trkpt lat="42.425849" lon="22.876972"><ele>713.8</ele><time>2026-09-22T09:52:56.000Z</time><extensions><gpxtpx:TrackPointExtension xmlns:gpxtpx="http://www.garmin.com/xmlschemas/TrackPointExtension/v1"><gpxtpx:atemp>16</gpxtpx:atemp></gpxtpx:TrackPointExtension></extensions></trkpt><trkpt lat="42.425983" lon="22.877244"><ele>713</ele><time>2026-09-22T09:53:00.000Z</time><extensions><gpxtpx:TrackPointExtension xmlns:gpxtpx="http://www.garmin.com/xmlschemas/TrackPointExtension/v1"><gpxtpx:atemp>17</gpxtpx:atemp></gpxtpx:TrackPointExtension></extensions></trkpt><trkpt lat="42.42607" lon="22.877557"><ele>712</ele><time>2026-09-22T09:53:04.000Z</time><extensions><gpxtpx:TrackPointExtension xmlns:gpxtpx="http://www.garmin.com/xmlschemas/TrackPointExtension/v1"><gpxtpx:atemp>17</gpxtpx:atemp></gpxtpx:TrackPointExtension></extensions></trkpt><trkpt lat="42.426105" lon="22.877813"><ele>711.4</ele><time>2026-09-22T09:53:07.000Z</time><extensions><gpxtpx:TrackPointExtension xmlns:gpxtpx="http://www.garmin.com/xmlschemas/TrackPointExtension/v1"><gpxtpx:atemp>17</gpxtpx:atemp></gpxtpx:TrackPointExtension></extensions></trkpt><trkpt lat="42.426105" lon="22.878076"><ele>710.6</ele><time>2026-09-22T09:53:10.000Z</time><extensions><gpxtpx:TrackPointExtension xmlns:gpxtpx="http://www.garmin.com/xmlschemas/TrackPointExtension/v1"><gpxtpx:atemp>17</gpxtpx:atemp></gpxtpx:TrackPointExtension></extensions></trkpt><trkpt lat="42.426015" lon="22.87896"><ele>708.4</ele><time>2026-09-22T09:53:20.000Z</time><extensions><gpxtpx:TrackPointExtension xmlns:gpxtpx="http://www.garmin.com/xmlschemas/TrackPointExtension/v1"><gpxtpx:atemp>17</gpxtpx:atemp></gpxtpx:TrackPointExtension></extensions></trkpt><trkpt lat="42.425992" lon="22.87942"><ele>708</ele><time>2026-09-22T09:53:25.000Z</time><extensions><gpxtpx:TrackPointExtension xmlns:gpxtpx="http://www.garmin.com/xmlschemas/TrackPointExtension/v1"><gpxtpx:atemp>17</gpxtpx:atemp></gpxtpx:TrackPointExtension></extensions></trkpt><trkpt lat="42.426028" lon="22.879784"><ele>707.4</ele><time>2026-09-22T09:53:29.000Z</time><extensions><gpxtpx:TrackPointExtension xmlns:gpxtpx="http://www.garmin.com/xmlschemas/TrackPointExtension/v1"><gpxtpx:atemp>17</gpxtpx:atemp></gpxtpx:TrackPointExtension></extensions></trkpt><trkpt lat="42.426097" lon="22.880047"><ele>707</ele><time>2026-09-22T09:53:32.000Z</time><extensions><gpxtpx:TrackPointExtension xmlns:gpxtpx="http://www.garmin.com/xmlschemas/TrackPointExtension/v1"><gpxtpx:atemp>17</gpxtpx:atemp></gpxtpx:TrackPointExtension></extensions></trkpt><trkpt lat="42.426158" lon="22.880216"><ele>706.6</ele><time>2026-09-22T09:53:34.000Z</time><extensions><gpxtpx:TrackPointExtension xmlns:gpxtpx="http://www.garmin.com/xmlschemas/TrackPointExtension/v1"><gpxtpx:atemp>17</gpxtpx:atemp></gpxtpx:TrackPointExtension></extensions></trkpt><trkpt lat="42.426236" lon="22.880366"><ele>706.2</ele><time>2026-09-22T09:53:36.000Z</time><extensions><gpxtpx:TrackPointExtension xmlns:gpxtpx="http://www.garmin.com/xmlschemas/TrackPointExtension/v1"><gpxtpx:atemp>17</gpxtpx:atemp></gpxtpx:TrackPointExtension></extensions></trkpt><trkpt lat="42.426318" lon="22.880497"><ele>706</ele><time>2026-09-22T09:53:38.000Z</time><extensions><gpxtpx:TrackPointExtension xmlns:gpxtpx="http://www.garmin.com/xmlschemas/TrackPointExtension/v1"><gpxtpx:atemp>17</gpxtpx:atemp></gpxtpx:TrackPointExtension></extensions></trkpt><trkpt lat="42.426408" lon="22.880604"><ele>706.2</ele><time>2026-09-22T09:53:40.000Z</time><extensions><gpxtpx:TrackPointExtension xmlns:gpxtpx="http://www.garmin.com/xmlschemas/TrackPointExtension/v1"><gpxtpx:atemp>17</gpxtpx:atemp></gpxtpx:TrackPointExtension></extensions></trkpt><trkpt lat="42.426498" lon="22.880697"><ele>706.4</ele><time>2026-09-22T09:53:42.000Z</time><extensions><gpxtpx:TrackPointExtension xmlns:gpxtpx="http://www.garmin.com/xmlschemas/TrackPointExtension/v1"><gpxtpx:atemp>17</gpxtpx:atemp></gpxtpx:TrackPointExtension></extensions></trkpt><trkpt lat="42.426635" lon="22.880807"><ele>706.6</ele><time>2026-09-22T09:53:45.000Z</time><extensions><gpxtpx:TrackPointExtension xmlns:gpxtpx="http://www.garmin.com/xmlschemas/TrackPointExtension/v1"><gpxtpx:atemp>17</gpxtpx:atemp></gpxtpx:TrackPointExtension></extensions></trkpt><trkpt lat="42.426854" lon="22.880926"><ele>706.8</ele><time>2026-09-22T09:53:50.000Z</time><extensions><gpxtpx:TrackPointExtension xmlns:gpxtpx="http://www.garmin.com/xmlschemas/TrackPointExtension/v1"><gpxtpx:atemp>17</gpxtpx:atemp></gpxtpx:TrackPointExtension></extensions></trkpt><trkpt lat="42.426937" lon="22.880949"><ele>707</ele><time>2026-09-22T09:53:52.000Z</time><extensions><gpxtpx:TrackPointExtension xmlns:gpxtpx="http://www.garmin.com/xmlschemas/TrackPointExtension/v1"><gpxtpx:atemp>17</gpxtpx:atemp></gpxtpx:TrackPointExtension></extensions></trkpt><trkpt lat="42.427045" lon="22.880966"><ele>707.2</ele><time>2026-09-22T09:53:55.000Z</time><extensions><gpxtpx:TrackPointExtension xmlns:gpxtpx="http://www.garmin.com/xmlschemas/TrackPointExtension/v1"><gpxtpx:atemp>17</gpxtpx:atemp></gpxtpx:TrackPointExtension></extensions></trkpt><trkpt lat="42.427185" lon="22.880956"><ele>707.6</ele><time>2026-09-22T09:53:59.000Z</time><extensions><gpxtpx:TrackPointExtension xmlns:gpxtpx="http://www.garmin.com/xmlschemas/TrackPointExtension/v1"><gpxtpx:atemp>17</gpxtpx:atemp></gpxtpx:TrackPointExtension></extensions></trkpt><trkpt lat="42.427339" lon="22.880923"><ele>708.2</ele><time>2026-09-22T09:54:04.000Z</time><extensions><gpxtpx:TrackPointExtension xmlns:gpxtpx="http://www.garmin.com/xmlschemas/TrackPointExtension/v1"><gpxtpx:atemp>17</gpxtpx:atemp></gpxtpx:TrackPointExtension></extensions></trkpt><trkpt lat="42.427579" lon="22.880836"><ele>709.2</ele><time>2026-09-22T09:54:12.000Z</time><extensions><gpxtpx:TrackPointExtension xmlns:gpxtpx="http://www.garmin.com/xmlschemas/TrackPointExtension/v1"><gpxtpx:atemp>17</gpxtpx:atemp></gpxtpx:TrackPointExtension></extensions></trkpt><trkpt lat="42.427689" lon="22.880774"><ele>709.8</ele><time>2026-09-22T09:54:16.000Z</time><extensions><gpxtpx:TrackPointExtension xmlns:gpxtpx="http://www.garmin.com/xmlschemas/TrackPointExtension/v1"><gpxtpx:atemp>17</gpxtpx:atemp></gpxtpx:TrackPointExtension></extensions></trkpt><trkpt lat="42.427853" lon="22.880642"><ele>710.8</ele><time>2026-09-22T09:54:23.000Z</time><extensions><gpxtpx:TrackPointExtension xmlns:gpxtpx="http://www.garmin.com/xmlschemas/TrackPointExtension/v1"><gpxtpx:atemp>17</gpxtpx:atemp></gpxtpx:TrackPointExtension></extensions></trkpt><trkpt lat="42.42791" lon="22.880578"><ele>711.6</ele><time>2026-09-22T09:54:27.000Z</time><extensions><gpxtpx:TrackPointExtension xmlns:gpxtpx="http://www.garmin.com/xmlschemas/TrackPointExtension/v1"><gpxtpx:atemp>17</gpxtpx:atemp></gpxtpx:TrackPointExtension></extensions></trkpt><trkpt lat="42.428088" lon="22.880319"><ele>712.8</ele><time>2026-09-22T09:54:37.000Z</time><extensions><gpxtpx:TrackPointExtension xmlns:gpxtpx="http://www.garmin.com/xmlschemas/TrackPointExtension/v1"><gpxtpx:atemp>17</gpxtpx:atemp></gpxtpx:TrackPointExtension></extensions></trkpt><trkpt lat="42.428295" lon="22.879948"><ele>714.6</ele><time>2026-09-22T09:54:50.000Z</time><extensions><gpxtpx:TrackPointExtension xmlns:gpxtpx="http://www.garmin.com/xmlschemas/TrackPointExtension/v1"><gpxtpx:atemp>18</gpxtpx:atemp></gpxtpx:TrackPointExtension></extensions></trkpt><trkpt lat="42.429423" lon="22.87776"><ele>722.6</ele><time>2026-09-22T09:55:58.000Z</time><extensions><gpxtpx:TrackPointExtension xmlns:gpxtpx="http://www.garmin.com/xmlschemas/TrackPointExtension/v1"><gpxtpx:atemp>18</gpxtpx:atemp></gpxtpx:TrackPointExtension></extensions></trkpt><trkpt lat="42.429624" lon="22.877459"><ele>723.4</ele><time>2026-09-22T09:56:07.000Z</time><extensions><gpxtpx:TrackPointExtension xmlns:gpxtpx="http://www.garmin.com/xmlschemas/TrackPointExtension/v1"><gpxtpx:atemp>18</gpxtpx:atemp></gpxtpx:TrackPointExtension></extensions></trkpt><trkpt lat="42.429853" lon="22.87719"><ele>723.6</ele><time>2026-09-22T09:56:16.000Z</time><extensions><gpxtpx:TrackPointExtension xmlns:gpxtpx="http://www.garmin.com/xmlschemas/TrackPointExtension/v1"><gpxtpx:atemp>18</gpxtpx:atemp></gpxtpx:TrackPointExtension></extensions></trkpt><trkpt lat="42.430007" lon="22.877059"><ele>723.4</ele><time>2026-09-22T09:56:22.000Z</time><extensions><gpxtpx:TrackPointExtension xmlns:gpxtpx="http://www.garmin.com/xmlschemas/TrackPointExtension/v1"><gpxtpx:atemp>18</gpxtpx:atemp></gpxtpx:TrackPointExtension></extensions></trkpt><trkpt lat="42.430187" lon="22.876983"><ele>723</ele><time>2026-09-22T09:56:29.000Z</time><extensions><gpxtpx:TrackPointExtension xmlns:gpxtpx="http://www.garmin.com/xmlschemas/TrackPointExtension/v1"><gpxtpx:atemp>18</gpxtpx:atemp></gpxtpx:TrackPointExtension></extensions></trkpt><trkpt lat="42.430273" lon="22.876962"><ele>722.8</ele><time>2026-09-22T09:56:32.000Z</time><extensions><gpxtpx:TrackPointExtension xmlns:gpxtpx="http://www.garmin.com/xmlschemas/TrackPointExtension/v1"><gpxtpx:atemp>18</gpxtpx:atemp></gpxtpx:TrackPointExtension></extensions></trkpt><trkpt lat="42.430394" lon="22.876955"><ele>722.6</ele><time>2026-09-22T09:56:35.000Z</time><extensions><gpxtpx:TrackPointExtension xmlns:gpxtpx="http://www.garmin.com/xmlschemas/TrackPointExtension/v1"><gpxtpx:atemp>18</gpxtpx:atemp></gpxtpx:TrackPointExtension></extensions></trkpt><trkpt lat="42.430581" lon="22.876976"><ele>722.4</ele><time>2026-09-22T09:56:39.000Z</time><extensions><gpxtpx:TrackPointExtension xmlns:gpxtpx="http://www.garmin.com/xmlschemas/TrackPointExtension/v1"><gpxtpx:atemp>18</gpxtpx:atemp></gpxtpx:TrackPointExtension></extensions></trkpt><trkpt lat="42.430729" lon="22.877016"><ele>722</ele><time>2026-09-22T09:56:42.000Z</time><extensions><gpxtpx:TrackPointExtension xmlns:gpxtpx="http://www.garmin.com/xmlschemas/TrackPointExtension/v1"><gpxtpx:atemp>18</gpxtpx:atemp></gpxtpx:TrackPointExtension></extensions></trkpt><trkpt lat="42.430889" lon="22.877079"><ele>721.4</ele><time>2026-09-22T09:56:45.000Z</time><extensions><gpxtpx:TrackPointExtension xmlns:gpxtpx="http://www.garmin.com/xmlschemas/TrackPointExtension/v1"><gpxtpx:atemp>18</gpxtpx:atemp></gpxtpx:TrackPointExtension></extensions></trkpt><trkpt lat="42.431114" lon="22.87723"><ele>720.2</ele><time>2026-09-22T09:56:49.000Z</time><extensions><gpxtpx:TrackPointExtension xmlns:gpxtpx="http://www.garmin.com/xmlschemas/TrackPointExtension/v1"><gpxtpx:atemp>18</gpxtpx:atemp></gpxtpx:TrackPointExtension></extensions></trkpt><trkpt lat="42.431218" lon="22.87734"><ele>719.6</ele><time>2026-09-22T09:56:51.000Z</time><extensions><gpxtpx:TrackPointExtension xmlns:gpxtpx="http://www.garmin.com/xmlschemas/TrackPointExtension/v1"><gpxtpx:atemp>18</gpxtpx:atemp></gpxtpx:TrackPointExtension></extensions></trkpt><trkpt lat="42.431359" lon="22.877544"><ele>718.8</ele><time>2026-09-22T09:56:54.000Z</time><extensions><gpxtpx:TrackPointExtension xmlns:gpxtpx="http://www.garmin.com/xmlschemas/TrackPointExtension/v1"><gpxtpx:atemp>18</gpxtpx:atemp></gpxtpx:TrackPointExtension></extensions></trkpt><trkpt lat="42.431433" lon="22.877704"><ele>718</ele><time>2026-09-22T09:56:56.000Z</time><extensions><gpxtpx:TrackPointExtension xmlns:gpxtpx="http://www.garmin.com/xmlschemas/TrackPointExtension/v1"><gpxtpx:atemp>18</gpxtpx:atemp></gpxtpx:TrackPointExtension></extensions></trkpt><trkpt lat="42.431565" lon="22.878089"><ele>716.4</ele><time>2026-09-22T09:57:00.000Z</time><extensions><gpxtpx:TrackPointExtension xmlns:gpxtpx="http://www.garmin.com/xmlschemas/TrackPointExtension/v1"><gpxtpx:atemp>18</gpxtpx:atemp></gpxtpx:TrackPointExtension></extensions></trkpt><trkpt lat="42.431956" lon="22.879358"><ele>710.8</ele><time>2026-09-22T09:57:12.000Z</time><extensions><gpxtpx:TrackPointExtension xmlns:gpxtpx="http://www.garmin.com/xmlschemas/TrackPointExtension/v1"><gpxtpx:atemp>17</gpxtpx:atemp></gpxtpx:TrackPointExtension></extensions></trkpt><trkpt lat="42.433035" lon="22.88299"><ele>693.2</ele><time>2026-09-22T09:57:43.000Z</time><extensions><gpxtpx:TrackPointExtension xmlns:gpxtpx="http://www.garmin.com/xmlschemas/TrackPointExtension/v1"><gpxtpx:atemp>17</gpxtpx:atemp></gpxtpx:TrackPointExtension></extensions></trkpt><trkpt lat="42.433179" lon="22.883343"><ele>691.8</ele><time>2026-09-22T09:57:46.000Z</time><extensions><gpxtpx:TrackPointExtension xmlns:gpxtpx="http://www.garmin.com/xmlschemas/TrackPointExtension/v1"><gpxtpx:atemp>17</gpxtpx:atemp></gpxtpx:TrackPointExtension></extensions></trkpt><trkpt lat="42.433353" lon="22.88368"><ele>690</ele><time>2026-09-22T09:57:49.000Z</time><extensions><gpxtpx:TrackPointExtension xmlns:gpxtpx="http://www.garmin.com/xmlschemas/TrackPointExtension/v1"><gpxtpx:atemp>17</gpxtpx:atemp></gpxtpx:TrackPointExtension></extensions></trkpt><trkpt lat="42.433653" lon="22.884052"><ele>687.6</ele><time>2026-09-22T09:57:53.000Z</time><extensions><gpxtpx:TrackPointExtension xmlns:gpxtpx="http://www.garmin.com/xmlschemas/TrackPointExtension/v1"><gpxtpx:atemp>17</gpxtpx:atemp></gpxtpx:TrackPointExtension></extensions></trkpt><trkpt lat="42.434173" lon="22.884499"><ele>683.6</ele><time>2026-09-22T09:57:59.000Z</time><extensions><gpxtpx:TrackPointExtension xmlns:gpxtpx="http://www.garmin.com/xmlschemas/TrackPointExtension/v1"><gpxtpx:atemp>17</gpxtpx:atemp></gpxtpx:TrackPointExtension></extensions></trkpt><trkpt lat="42.442491" lon="22.891155"><ele>652.4</ele><time>2026-09-22T10:00:13.000Z</time><extensions><gpxtpx:TrackPointExtension xmlns:gpxtpx="http://www.garmin.com/xmlschemas/TrackPointExtension/v1"><gpxtpx:atemp>17</gpxtpx:atemp></gpxtpx:TrackPointExtension></extensions></trkpt><trkpt lat="42.44303" lon="22.891618"><ele>651.6</ele><time>2026-09-22T10:00:26.000Z</time><extensions><gpxtpx:TrackPointExtension xmlns:gpxtpx="http://www.garmin.com/xmlschemas/TrackPointExtension/v1"><gpxtpx:atemp>17</gpxtpx:atemp></gpxtpx:TrackPointExtension></extensions></trkpt><trkpt lat="42.443196" lon="22.891733"><ele>651.4</ele><time>2026-09-22T10:00:30.000Z</time><extensions><gpxtpx:TrackPointExtension xmlns:gpxtpx="http://www.garmin.com/xmlschemas/TrackPointExtension/v1"><gpxtpx:atemp>17</gpxtpx:atemp></gpxtpx:TrackPointExtension></extensions></trkpt><trkpt lat="42.444307" lon="22.892616"><ele>649.4</ele><time>2026-09-22T10:00:55.000Z</time><extensions><gpxtpx:TrackPointExtension xmlns:gpxtpx="http://www.garmin.com/xmlschemas/TrackPointExtension/v1"><gpxtpx:atemp>17</gpxtpx:atemp></gpxtpx:TrackPointExtension></extensions></trkpt><trkpt lat="42.454803" lon="22.901044"><ele>653</ele><time>2026-09-22T10:05:29.000Z</time><extensions><gpxtpx:TrackPointExtension xmlns:gpxtpx="http://www.garmin.com/xmlschemas/TrackPointExtension/v1"><gpxtpx:atemp>17</gpxtpx:atemp></gpxtpx:TrackPointExtension></extensions></trkpt><trkpt lat="42.457831" lon="22.903437"><ele>650.6</ele><time>2026-09-22T10:06:44.000Z</time><extensions><gpxtpx:TrackPointExtension xmlns:gpxtpx="http://www.garmin.com/xmlschemas/TrackPointExtension/v1"><gpxtpx:atemp>18</gpxtpx:atemp></gpxtpx:TrackPointExtension></extensions></trkpt><trkpt lat="42.458338" lon="22.903858"><ele>651</ele><time>2026-09-22T10:07:00.000Z</time><extensions><gpxtpx:TrackPointExtension xmlns:gpxtpx="http://www.garmin.com/xmlschemas/TrackPointExtension/v1"><gpxtpx:atemp>18</gpxtpx:atemp></gpxtpx:TrackPointExtension></extensions></trkpt><trkpt lat="42.458739" lon="22.904151"><ele>651.8</ele><time>2026-09-22T10:07:14.000Z</time><extensions><gpxtpx:TrackPointExtension xmlns:gpxtpx="http://www.garmin.com/xmlschemas/TrackPointExtension/v1"><gpxtpx:atemp>18</gpxtpx:atemp></gpxtpx:TrackPointExtension></extensions></trkpt><trkpt lat="42.459301" lon="22.904595"><ele>652</ele><time>2026-09-22T10:07:30.000Z</time><extensions><gpxtpx:TrackPointExtension xmlns:gpxtpx="http://www.garmin.com/xmlschemas/TrackPointExtension/v1"><gpxtpx:atemp>18</gpxtpx:atemp></gpxtpx:TrackPointExtension></extensions></trkpt><trkpt lat="42.459577" lon="22.904855"><ele>652</ele><time>2026-09-22T10:07:38.000Z</time><extensions><gpxtpx:TrackPointExtension xmlns:gpxtpx="http://www.garmin.com/xmlschemas/TrackPointExtension/v1"><gpxtpx:atemp>18</gpxtpx:atemp></gpxtpx:TrackPointExtension></extensions></trkpt><trkpt lat="42.461983" lon="22.907429"><ele>647.8</ele><time>2026-09-22T10:08:34.000Z</time><extensions><gpxtpx:TrackPointExtension xmlns:gpxtpx="http://www.garmin.com/xmlschemas/TrackPointExtension/v1"><gpxtpx:atemp>18</gpxtpx:atemp></gpxtpx:TrackPointExtension></extensions></trkpt><trkpt lat="42.462415" lon="22.907824"><ele>646.6</ele><time>2026-09-22T10:08:43.000Z</time><extensions><gpxtpx:TrackPointExtension xmlns:gpxtpx="http://www.garmin.com/xmlschemas/TrackPointExtension/v1"><gpxtpx:atemp>18</gpxtpx:atemp></gpxtpx:TrackPointExtension></extensions></trkpt><trkpt lat="42.462703" lon="22.908007"><ele>646.2</ele><time>2026-09-22T10:08:49.000Z</time><extensions><gpxtpx:TrackPointExtension xmlns:gpxtpx="http://www.garmin.com/xmlschemas/TrackPointExtension/v1"><gpxtpx:atemp>18</gpxtpx:atemp></gpxtpx:TrackPointExtension></extensions></trkpt><trkpt lat="42.462986" lon="22.90813"><ele>646</ele><time>2026-09-22T10:08:55.000Z</time><extensions><gpxtpx:TrackPointExtension xmlns:gpxtpx="http://www.garmin.com/xmlschemas/TrackPointExtension/v1"><gpxtpx:atemp>18</gpxtpx:atemp></gpxtpx:TrackPointExtension></extensions></trkpt><trkpt lat="42.46329" lon="22.908212"><ele>646</ele><time>2026-09-22T10:09:02.000Z</time><extensions><gpxtpx:TrackPointExtension xmlns:gpxtpx="http://www.garmin.com/xmlschemas/TrackPointExtension/v1"><gpxtpx:atemp>18</gpxtpx:atemp></gpxtpx:TrackPointExtension></extensions></trkpt><trkpt lat="42.463501" lon="22.90823"><ele>646</ele><time>2026-09-22T10:09:07.000Z</time><extensions><gpxtpx:TrackPointExtension xmlns:gpxtpx="http://www.garmin.com/xmlschemas/TrackPointExtension/v1"><gpxtpx:atemp>17</gpxtpx:atemp></gpxtpx:TrackPointExtension></extensions></trkpt><trkpt lat="42.463814" lon="22.908209"><ele>646</ele><time>2026-09-22T10:09:14.000Z</time><extensions><gpxtpx:TrackPointExtension xmlns:gpxtpx="http://www.garmin.com/xmlschemas/TrackPointExtension/v1"><gpxtpx:atemp>17</gpxtpx:atemp></gpxtpx:TrackPointExtension></extensions></trkpt><trkpt lat="42.464908" lon="22.907988"><ele>645.4</ele><time>2026-09-22T10:09:39.000Z</time><extensions><gpxtpx:TrackPointExtension xmlns:gpxtpx="http://www.garmin.com/xmlschemas/TrackPointExtension/v1"><gpxtpx:atemp>17</gpxtpx:atemp></gpxtpx:TrackPointExtension></extensions></trkpt><trkpt lat="42.465419" lon="22.907914"><ele>645.2</ele><time>2026-09-22T10:09:52.000Z</time><extensions><gpxtpx:TrackPointExtension xmlns:gpxtpx="http://www.garmin.com/xmlschemas/TrackPointExtension/v1"><gpxtpx:atemp>17</gpxtpx:atemp></gpxtpx:TrackPointExtension></extensions></trkpt><trkpt lat="42.465718" lon="22.907912"><ele>645.4</ele><time>2026-09-22T10:09:59.000Z</time><extensions><gpxtpx:TrackPointExtension xmlns:gpxtpx="http://www.garmin.com/xmlschemas/TrackPointExtension/v1"><gpxtpx:atemp>17</gpxtpx:atemp></gpxtpx:TrackPointExtension></extensions></trkpt><trkpt lat="42.465987" lon="22.907939"><ele>645.2</ele><time>2026-09-22T10:10:05.000Z</time><extensions><gpxtpx:TrackPointExtension xmlns:gpxtpx="http://www.garmin.com/xmlschemas/TrackPointExtension/v1"><gpxtpx:atemp>17</gpxtpx:atemp></gpxtpx:TrackPointExtension></extensions></trkpt><trkpt lat="42.466258" lon="22.907991"><ele>645</ele><time>2026-09-22T10:10:11.000Z</time><extensions><gpxtpx:TrackPointExtension xmlns:gpxtpx="http://www.garmin.com/xmlschemas/TrackPointExtension/v1"><gpxtpx:atemp>17</gpxtpx:atemp></gpxtpx:TrackPointExtension></extensions></trkpt><trkpt lat="42.466523" lon="22.908067"><ele>644.8</ele><time>2026-09-22T10:10:17.000Z</time><extensions><gpxtpx:TrackPointExtension xmlns:gpxtpx="http://www.garmin.com/xmlschemas/TrackPointExtension/v1"><gpxtpx:atemp>17</gpxtpx:atemp></gpxtpx:TrackPointExtension></extensions></trkpt><trkpt lat="42.467044" lon="22.908269"><ele>644.8</ele><time>2026-09-22T10:10:29.000Z</time><extensions><gpxtpx:TrackPointExtension xmlns:gpxtpx="http://www.garmin.com/xmlschemas/TrackPointExtension/v1"><gpxtpx:atemp>17</gpxtpx:atemp></gpxtpx:TrackPointExtension></extensions></trkpt><trkpt lat="42.468449" lon="22.908854"><ele>644.6</ele><time>2026-09-22T10:11:03.000Z</time><extensions><gpxtpx:TrackPointExtension xmlns:gpxtpx="http://www.garmin.com/xmlschemas/TrackPointExtension/v1"><gpxtpx:atemp>17</gpxtpx:atemp></gpxtpx:TrackPointExtension></extensions></trkpt><trkpt lat="42.468989" lon="22.909093"><ele>644.6</ele><time>2026-09-22T10:11:16.000Z</time><extensions><gpxtpx:TrackPointExtension xmlns:gpxtpx="http://www.garmin.com/xmlschemas/TrackPointExtension/v1"><gpxtpx:atemp>17</gpxtpx:atemp></gpxtpx:TrackPointExtension></extensions></trkpt><trkpt lat="42.46926" lon="22.90919"><ele>644.4</ele><time>2026-09-22T10:11:23.000Z</time><extensions><gpxtpx:TrackPointExtension xmlns:gpxtpx="http://www.garmin.com/xmlschemas/TrackPointExtension/v1"><gpxtpx:atemp>17</gpxtpx:atemp></gpxtpx:TrackPointExtension></extensions></trkpt><trkpt lat="42.476909" lon="22.912361"><ele>644.2</ele><time>2026-09-22T10:14:14.000Z</time><extensions><gpxtpx:TrackPointExtension xmlns:gpxtpx="http://www.garmin.com/xmlschemas/TrackPointExtension/v1"><gpxtpx:atemp>17</gpxtpx:atemp></gpxtpx:TrackPointExtension></extensions></trkpt><trkpt lat="42.477153" lon="22.912449"><ele>644.2</ele><time>2026-09-22T10:14:21.000Z</time><extensions><gpxtpx:TrackPointExtension xmlns:gpxtpx="http://www.garmin.com/xmlschemas/TrackPointExtension/v1"><gpxtpx:atemp>17</gpxtpx:atemp></gpxtpx:TrackPointExtension></extensions></trkpt><trkpt lat="42.478562" lon="22.91303"><ele>643.6</ele><time>2026-09-22T10:14:53.000Z</time><extensions><gpxtpx:TrackPointExtension xmlns:gpxtpx="http://www.garmin.com/xmlschemas/TrackPointExtension/v1"><gpxtpx:atemp>18</gpxtpx:atemp></gpxtpx:TrackPointExtension></extensions></trkpt><trkpt lat="42.479024" lon="22.913237"><ele>642</ele><time>2026-09-22T10:15:03.000Z</time><extensions><gpxtpx:TrackPointExtension xmlns:gpxtpx="http://www.garmin.com/xmlschemas/TrackPointExtension/v1"><gpxtpx:atemp>18</gpxtpx:atemp></gpxtpx:TrackPointExtension></extensions></trkpt><trkpt lat="42.47931" lon="22.913394"><ele>640.8</ele><time>2026-09-22T10:15:09.000Z</time><extensions><gpxtpx:TrackPointExtension xmlns:gpxtpx="http://www.garmin.com/xmlschemas/TrackPointExtension/v1"><gpxtpx:atemp>18</gpxtpx:atemp></gpxtpx:TrackPointExtension></extensions></trkpt><trkpt lat="42.479712" lon="22.913671"><ele>639</ele><time>2026-09-22T10:15:17.000Z</time><extensions><gpxtpx:TrackPointExtension xmlns:gpxtpx="http://www.garmin.com/xmlschemas/TrackPointExtension/v1"><gpxtpx:atemp>18</gpxtpx:atemp></gpxtpx:TrackPointExtension></extensions></trkpt><trkpt lat="42.480121" lon="22.914043"><ele>637.4</ele><time>2026-09-22T10:15:26.000Z</time><extensions><gpxtpx:TrackPointExtension xmlns:gpxtpx="http://www.garmin.com/xmlschemas/TrackPointExtension/v1"><gpxtpx:atemp>18</gpxtpx:atemp></gpxtpx:TrackPointExtension></extensions></trkpt><trkpt lat="42.480434" lon="22.914382"><ele>636.2</ele><time>2026-09-22T10:15:33.000Z</time><extensions><gpxtpx:TrackPointExtension xmlns:gpxtpx="http://www.garmin.com/xmlschemas/TrackPointExtension/v1"><gpxtpx:atemp>17</gpxtpx:atemp></gpxtpx:TrackPointExtension></extensions></trkpt><trkpt lat="42.480613" lon="22.914599"><ele>635.4</ele><time>2026-09-22T10:15:37.000Z</time><extensions><gpxtpx:TrackPointExtension xmlns:gpxtpx="http://www.garmin.com/xmlschemas/TrackPointExtension/v1"><gpxtpx:atemp>17</gpxtpx:atemp></gpxtpx:TrackPointExtension></extensions></trkpt><trkpt lat="42.480939" lon="22.91511"><ele>633.6</ele><time>2026-09-22T10:15:45.000Z</time><extensions><gpxtpx:TrackPointExtension xmlns:gpxtpx="http://www.garmin.com/xmlschemas/TrackPointExtension/v1"><gpxtpx:atemp>18</gpxtpx:atemp></gpxtpx:TrackPointExtension></extensions></trkpt><trkpt lat="42.485199" lon="22.922411"><ele>631</ele><time>2026-09-22T10:18:04.000Z</time><extensions><gpxtpx:TrackPointExtension xmlns:gpxtpx="http://www.garmin.com/xmlschemas/TrackPointExtension/v1"><gpxtpx:atemp>17</gpxtpx:atemp></gpxtpx:TrackPointExtension></extensions></trkpt><trkpt lat="42.485468" lon="22.922941"><ele>630.8</ele><time>2026-09-22T10:18:16.000Z</time><extensions><gpxtpx:TrackPointExtension xmlns:gpxtpx="http://www.garmin.com/xmlschemas/TrackPointExtension/v1"><gpxtpx:atemp>17</gpxtpx:atemp></gpxtpx:TrackPointExtension></extensions></trkpt><trkpt lat="42.485614" lon="22.923128"><ele>630</ele><time>2026-09-22T10:19:53.000Z</time><extensions><gpxtpx:TrackPointExtension xmlns:gpxtpx="http://www.garmin.com/xmlschemas/TrackPointExtension/v1"><gpxtpx:atemp>17</gpxtpx:atemp></gpxtpx:TrackPointExtension></extensions></trkpt><trkpt lat="42.485964" lon="22.92372"><ele>630.2</ele><time>2026-09-22T10:20:07.000Z</time><extensions><gpxtpx:TrackPointExtension xmlns:gpxtpx="http://www.garmin.com/xmlschemas/TrackPointExtension/v1"><gpxtpx:atemp>17</gpxtpx:atemp></gpxtpx:TrackPointExtension></extensions></trkpt><trkpt lat="42.48633" lon="22.924374"><ele>630.4</ele><time>2026-09-22T10:20:20.000Z</time><extensions><gpxtpx:TrackPointExtension xmlns:gpxtpx="http://www.garmin.com/xmlschemas/TrackPointExtension/v1"><gpxtpx:atemp>17</gpxtpx:atemp></gpxtpx:TrackPointExtension></extensions></trkpt><trkpt lat="42.486661" lon="22.925028"><ele>630.4</ele><time>2026-09-22T10:20:33.000Z</time><extensions><gpxtpx:TrackPointExtension xmlns:gpxtpx="http://www.garmin.com/xmlschemas/TrackPointExtension/v1"><gpxtpx:atemp>17</gpxtpx:atemp></gpxtpx:TrackPointExtension></extensions></trkpt><trkpt lat="42.487634" lon="22.927201"><ele>631</ele><time>2026-09-22T10:21:15.000Z</time><extensions><gpxtpx:TrackPointExtension xmlns:gpxtpx="http://www.garmin.com/xmlschemas/TrackPointExtension/v1"><gpxtpx:atemp>17</gpxtpx:atemp></gpxtpx:TrackPointExtension></extensions></trkpt><trkpt lat="42.488435" lon="22.928867"><ele>631.4</ele><time>2026-09-22T10:21:48.000Z</time><extensions><gpxtpx:TrackPointExtension xmlns:gpxtpx="http://www.garmin.com/xmlschemas/TrackPointExtension/v1"><gpxtpx:atemp>17</gpxtpx:atemp></gpxtpx:TrackPointExtension></extensions></trkpt><trkpt lat="42.489319" lon="22.930423"><ele>631.2</ele><time>2026-09-22T10:22:24.000Z</time><extensions><gpxtpx:TrackPointExtension xmlns:gpxtpx="http://www.garmin.com/xmlschemas/TrackPointExtension/v1"><gpxtpx:atemp>17</gpxtpx:atemp></gpxtpx:TrackPointExtension></extensions></trkpt><trkpt lat="42.489736" lon="22.931188"><ele>631.8</ele><time>2026-09-22T10:22:40.000Z</time><extensions><gpxtpx:TrackPointExtension xmlns:gpxtpx="http://www.garmin.com/xmlschemas/TrackPointExtension/v1"><gpxtpx:atemp>17</gpxtpx:atemp></gpxtpx:TrackPointExtension></extensions></trkpt><trkpt lat="42.490586" lon="22.932558"><ele>632.2</ele><time>2026-09-22T10:23:10.000Z</time><extensions><gpxtpx:TrackPointExtension xmlns:gpxtpx="http://www.garmin.com/xmlschemas/TrackPointExtension/v1"><gpxtpx:atemp>17</gpxtpx:atemp></gpxtpx:TrackPointExtension></extensions></trkpt><trkpt lat="42.49082" lon="22.932862"><ele>631.8</ele><time>2026-09-22T10:23:19.000Z</time><extensions><gpxtpx:TrackPointExtension xmlns:gpxtpx="http://www.garmin.com/xmlschemas/TrackPointExtension/v1"><gpxtpx:atemp>17</gpxtpx:atemp></gpxtpx:TrackPointExtension></extensions></trkpt><trkpt lat="42.491451" lon="22.933767"><ele>631.4</ele><time>2026-09-22T10:23:43.000Z</time><extensions><gpxtpx:TrackPointExtension xmlns:gpxtpx="http://www.garmin.com/xmlschemas/TrackPointExtension/v1"><gpxtpx:atemp>18</gpxtpx:atemp></gpxtpx:TrackPointExtension></extensions></trkpt><trkpt lat="42.492754" lon="22.935459"><ele>632.8</ele><time>2026-09-22T10:24:29.000Z</time><extensions><gpxtpx:TrackPointExtension xmlns:gpxtpx="http://www.garmin.com/xmlschemas/TrackPointExtension/v1"><gpxtpx:atemp>18</gpxtpx:atemp></gpxtpx:TrackPointExtension></extensions></trkpt><trkpt lat="42.494513" lon="22.937476"><ele>633.2</ele><time>2026-09-22T10:25:33.000Z</time><extensions><gpxtpx:TrackPointExtension xmlns:gpxtpx="http://www.garmin.com/xmlschemas/TrackPointExtension/v1"><gpxtpx:atemp>19</gpxtpx:atemp></gpxtpx:TrackPointExtension></extensions></trkpt><trkpt lat="42.495193" lon="22.938219"><ele>633.6</ele><time>2026-09-22T10:25:54.000Z</time><extensions><gpxtpx:TrackPointExtension xmlns:gpxtpx="http://www.garmin.com/xmlschemas/TrackPointExtension/v1"><gpxtpx:atemp>19</gpxtpx:atemp></gpxtpx:TrackPointExtension></extensions></trkpt><trkpt lat="42.495876" lon="22.938904"><ele>634.4</ele><time>2026-09-22T10:26:15.000Z</time><extensions><gpxtpx:TrackPointExtension xmlns:gpxtpx="http://www.garmin.com/xmlschemas/TrackPointExtension/v1"><gpxtpx:atemp>19</gpxtpx:atemp></gpxtpx:TrackPointExtension></extensions></trkpt><trkpt lat="42.496083" lon="22.939073"><ele>634.6</ele><time>2026-09-22T10:26:21.000Z</time><extensions><gpxtpx:TrackPointExtension xmlns:gpxtpx="http://www.garmin.com/xmlschemas/TrackPointExtension/v1"><gpxtpx:atemp>19</gpxtpx:atemp></gpxtpx:TrackPointExtension></extensions></trkpt><trkpt lat="42.496412" lon="22.939312"><ele>635</ele><time>2026-09-22T10:26:31.000Z</time><extensions><gpxtpx:TrackPointExtension xmlns:gpxtpx="http://www.garmin.com/xmlschemas/TrackPointExtension/v1"><gpxtpx:atemp>19</gpxtpx:atemp></gpxtpx:TrackPointExtension></extensions></trkpt><trkpt lat="42.496919" lon="22.939635"><ele>634.6</ele><time>2026-09-22T10:26:46.000Z</time><extensions><gpxtpx:TrackPointExtension xmlns:gpxtpx="http://www.garmin.com/xmlschemas/TrackPointExtension/v1"><gpxtpx:atemp>19</gpxtpx:atemp></gpxtpx:TrackPointExtension></extensions></trkpt><trkpt lat="42.49739" lon="22.939883"><ele>634.6</ele><time>2026-09-22T10:26:59.000Z</time><extensions><gpxtpx:TrackPointExtension xmlns:gpxtpx="http://www.garmin.com/xmlschemas/TrackPointExtension/v1"><gpxtpx:atemp>19</gpxtpx:atemp></gpxtpx:TrackPointExtension></extensions></trkpt><trkpt lat="42.49768" lon="22.940017"><ele>634.6</ele><time>2026-09-22T10:27:07.000Z</time><extensions><gpxtpx:TrackPointExtension xmlns:gpxtpx="http://www.garmin.com/xmlschemas/TrackPointExtension/v1"><gpxtpx:atemp>19</gpxtpx:atemp></gpxtpx:TrackPointExtension></extensions></trkpt><trkpt lat="42.498342" lon="22.940282"><ele>634</ele><time>2026-09-22T10:27:25.000Z</time><extensions><gpxtpx:TrackPointExtension xmlns:gpxtpx="http://www.garmin.com/xmlschemas/TrackPointExtension/v1"><gpxtpx:atemp>19</gpxtpx:atemp></gpxtpx:TrackPointExtension></extensions></trkpt><trkpt lat="42.501247" lon="22.941314"><ele>636.2</ele><time>2026-09-22T10:28:54.000Z</time><extensions><gpxtpx:TrackPointExtension xmlns:gpxtpx="http://www.garmin.com/xmlschemas/TrackPointExtension/v1"><gpxtpx:atemp>18</gpxtpx:atemp></gpxtpx:TrackPointExtension></extensions></trkpt><trkpt lat="42.501671" lon="22.94148"><ele>637.4</ele><time>2026-09-22T10:29:10.000Z</time><extensions><gpxtpx:TrackPointExtension xmlns:gpxtpx="http://www.garmin.com/xmlschemas/TrackPointExtension/v1"><gpxtpx:atemp>18</gpxtpx:atemp></gpxtpx:TrackPointExtension></extensions></trkpt><trkpt lat="42.502145" lon="22.941712"><ele>639</ele><time>2026-09-22T10:29:29.000Z</time><extensions><gpxtpx:TrackPointExtension xmlns:gpxtpx="http://www.garmin.com/xmlschemas/TrackPointExtension/v1"><gpxtpx:atemp>18</gpxtpx:atemp></gpxtpx:TrackPointExtension></extensions></trkpt><trkpt lat="42.502598" lon="22.942014"><ele>640.6</ele><time>2026-09-22T10:29:48.000Z</time><extensions><gpxtpx:TrackPointExtension xmlns:gpxtpx="http://www.garmin.com/xmlschemas/TrackPointExtension/v1"><gpxtpx:atemp>18</gpxtpx:atemp></gpxtpx:TrackPointExtension></extensions></trkpt><trkpt lat="42.50286" lon="22.942235"><ele>641.6</ele><time>2026-09-22T10:30:00.000Z</time><extensions><gpxtpx:TrackPointExtension xmlns:gpxtpx="http://www.garmin.com/xmlschemas/TrackPointExtension/v1"><gpxtpx:atemp>18</gpxtpx:atemp></gpxtpx:TrackPointExtension></extensions></trkpt><trkpt lat="42.503263" lon="22.942654"><ele>642.8</ele><time>2026-09-22T10:30:17.000Z</time><extensions><gpxtpx:TrackPointExtension xmlns:gpxtpx="http://www.garmin.com/xmlschemas/TrackPointExtension/v1"><gpxtpx:atemp>18</gpxtpx:atemp></gpxtpx:TrackPointExtension></extensions></trkpt><trkpt lat="42.503494" lon="22.942922"><ele>643</ele><time>2026-09-22T10:30:27.000Z</time><extensions><gpxtpx:TrackPointExtension xmlns:gpxtpx="http://www.garmin.com/xmlschemas/TrackPointExtension/v1"><gpxtpx:atemp>18</gpxtpx:atemp></gpxtpx:TrackPointExtension></extensions></trkpt><trkpt lat="42.505035" lon="22.944951"><ele>641.6</ele><time>2026-09-22T10:31:26.000Z</time><extensions><gpxtpx:TrackPointExtension xmlns:gpxtpx="http://www.garmin.com/xmlschemas/TrackPointExtension/v1"><gpxtpx:atemp>18</gpxtpx:atemp></gpxtpx:TrackPointExtension></extensions></trkpt><trkpt lat="42.505389" lon="22.945372"><ele>640.2</ele><time>2026-09-22T10:31:35.000Z</time><extensions><gpxtpx:TrackPointExtension xmlns:gpxtpx="http://www.garmin.com/xmlschemas/TrackPointExtension/v1"><gpxtpx:atemp>17</gpxtpx:atemp></gpxtpx:TrackPointExtension></extensions></trkpt><trkpt lat="42.5057" lon="22.945688"><ele>638.8</ele><time>2026-09-22T10:31:42.000Z</time><extensions><gpxtpx:TrackPointExtension xmlns:gpxtpx="http://www.garmin.com/xmlschemas/TrackPointExtension/v1"><gpxtpx:atemp>17</gpxtpx:atemp></gpxtpx:TrackPointExtension></extensions></trkpt><trkpt lat="42.506044" lon="22.946001"><ele>637.4</ele><time>2026-09-22T10:31:49.000Z</time><extensions><gpxtpx:TrackPointExtension xmlns:gpxtpx="http://www.garmin.com/xmlschemas/TrackPointExtension/v1"><gpxtpx:atemp>17</gpxtpx:atemp></gpxtpx:TrackPointExtension></extensions></trkpt><trkpt lat="42.506255" lon="22.946169"><ele>636.8</ele><time>2026-09-22T10:31:53.000Z</time><extensions><gpxtpx:TrackPointExtension xmlns:gpxtpx="http://www.garmin.com/xmlschemas/TrackPointExtension/v1"><gpxtpx:atemp>17</gpxtpx:atemp></gpxtpx:TrackPointExtension></extensions></trkpt><trkpt lat="42.506642" lon="22.946429"><ele>635.6</ele><time>2026-09-22T10:32:00.000Z</time><extensions><gpxtpx:TrackPointExtension xmlns:gpxtpx="http://www.garmin.com/xmlschemas/TrackPointExtension/v1"><gpxtpx:atemp>17</gpxtpx:atemp></gpxtpx:TrackPointExtension></extensions></trkpt><trkpt lat="42.506956" lon="22.946632"><ele>635</ele><time>2026-09-22T10:32:06.000Z</time><extensions><gpxtpx:TrackPointExtension xmlns:gpxtpx="http://www.garmin.com/xmlschemas/TrackPointExtension/v1"><gpxtpx:atemp>17</gpxtpx:atemp></gpxtpx:TrackPointExtension></extensions></trkpt><trkpt lat="42.508273" lon="22.947324"><ele>634</ele><time>2026-09-22T10:32:35.000Z</time><extensions><gpxtpx:TrackPointExtension xmlns:gpxtpx="http://www.garmin.com/xmlschemas/TrackPointExtension/v1"><gpxtpx:atemp>17</gpxtpx:atemp></gpxtpx:TrackPointExtension></extensions></trkpt><trkpt lat="42.51191" lon="22.949279"><ele>634.6</ele><time>2026-09-22T10:34:26.000Z</time><extensions><gpxtpx:TrackPointExtension xmlns:gpxtpx="http://www.garmin.com/xmlschemas/TrackPointExtension/v1"><gpxtpx:atemp>17</gpxtpx:atemp></gpxtpx:TrackPointExtension></extensions></trkpt><trkpt lat="42.513884" lon="22.95036"><ele>635.4</ele><time>2026-09-22T10:35:20.000Z</time><extensions><gpxtpx:TrackPointExtension xmlns:gpxtpx="http://www.garmin.com/xmlschemas/TrackPointExtension/v1"><gpxtpx:atemp>17</gpxtpx:atemp></gpxtpx:TrackPointExtension></extensions></trkpt><trkpt lat="42.51419" lon="22.950544"><ele>635.2</ele><time>2026-09-22T10:35:28.000Z</time><extensions><gpxtpx:TrackPointExtension xmlns:gpxtpx="http://www.garmin.com/xmlschemas/TrackPointExtension/v1"><gpxtpx:atemp>17</gpxtpx:atemp></gpxtpx:TrackPointExtension></extensions></trkpt><trkpt lat="42.515598" lon="22.951318"><ele>636</ele><time>2026-09-22T10:36:08.000Z</time><extensions><gpxtpx:TrackPointExtension xmlns:gpxtpx="http://www.garmin.com/xmlschemas/TrackPointExtension/v1"><gpxtpx:atemp>17</gpxtpx:atemp></gpxtpx:TrackPointExtension></extensions></trkpt><trkpt lat="42.516282" lon="22.951671"><ele>636.8</ele><time>2026-09-22T10:36:30.000Z</time><extensions><gpxtpx:TrackPointExtension xmlns:gpxtpx="http://www.garmin.com/xmlschemas/TrackPointExtension/v1"><gpxtpx:atemp>17</gpxtpx:atemp></gpxtpx:TrackPointExtension></extensions></trkpt><trkpt lat="42.51657" lon="22.951806"><ele>637.4</ele><time>2026-09-22T10:36:39.000Z</time><extensions><gpxtpx:TrackPointExtension xmlns:gpxtpx="http://www.garmin.com/xmlschemas/TrackPointExtension/v1"><gpxtpx:atemp>17</gpxtpx:atemp></gpxtpx:TrackPointExtension></extensions></trkpt><trkpt lat="42.517157" lon="22.952051"><ele>638</ele><time>2026-09-22T10:36:58.000Z</time><extensions><gpxtpx:TrackPointExtension xmlns:gpxtpx="http://www.garmin.com/xmlschemas/TrackPointExtension/v1"><gpxtpx:atemp>17</gpxtpx:atemp></gpxtpx:TrackPointExtension></extensions></trkpt><trkpt lat="42.519032" lon="22.952717"><ele>639</ele><time>2026-09-22T10:37:53.000Z</time><extensions><gpxtpx:TrackPointExtension xmlns:gpxtpx="http://www.garmin.com/xmlschemas/TrackPointExtension/v1"><gpxtpx:atemp>17</gpxtpx:atemp></gpxtpx:TrackPointExtension></extensions></trkpt><trkpt lat="42.519248" lon="22.952813"><ele>639</ele><time>2026-09-22T10:38:00.000Z</time><extensions><gpxtpx:TrackPointExtension xmlns:gpxtpx="http://www.garmin.com/xmlschemas/TrackPointExtension/v1"><gpxtpx:atemp>17</gpxtpx:atemp></gpxtpx:TrackPointExtension></extensions></trkpt><trkpt lat="42.519699" lon="22.952938"><ele>639.4</ele><time>2026-09-22T10:38:14.000Z</time><extensions><gpxtpx:TrackPointExtension xmlns:gpxtpx="http://www.garmin.com/xmlschemas/TrackPointExtension/v1"><gpxtpx:atemp>17</gpxtpx:atemp></gpxtpx:TrackPointExtension></extensions></trkpt><trkpt lat="42.521058" lon="22.953408"><ele>642.6</ele><time>2026-09-22T10:38:59.000Z</time><extensions><gpxtpx:TrackPointExtension xmlns:gpxtpx="http://www.garmin.com/xmlschemas/TrackPointExtension/v1"><gpxtpx:atemp>17</gpxtpx:atemp></gpxtpx:TrackPointExtension></extensions></trkpt><trkpt lat="42.521331" lon="22.953532"><ele>643.2</ele><time>2026-09-22T10:39:09.000Z</time><extensions><gpxtpx:TrackPointExtension xmlns:gpxtpx="http://www.garmin.com/xmlschemas/TrackPointExtension/v1"><gpxtpx:atemp>17</gpxtpx:atemp></gpxtpx:TrackPointExtension></extensions></trkpt><trkpt lat="42.521446" lon="22.953601"><ele>643.4</ele><time>2026-09-22T10:39:13.000Z</time><extensions><gpxtpx:TrackPointExtension xmlns:gpxtpx="http://www.garmin.com/xmlschemas/TrackPointExtension/v1"><gpxtpx:atemp>17</gpxtpx:atemp></gpxtpx:TrackPointExtension></extensions></trkpt><trkpt lat="42.521532" lon="22.953672"><ele>643.8</ele><time>2026-09-22T10:39:16.000Z</time><extensions><gpxtpx:TrackPointExtension xmlns:gpxtpx="http://www.garmin.com/xmlschemas/TrackPointExtension/v1"><gpxtpx:atemp>17</gpxtpx:atemp></gpxtpx:TrackPointExtension></extensions></trkpt><trkpt lat="42.522253" lon="22.954312"><ele>644.8</ele><time>2026-09-22T10:39:41.000Z</time><extensions><gpxtpx:TrackPointExtension xmlns:gpxtpx="http://www.garmin.com/xmlschemas/TrackPointExtension/v1"><gpxtpx:atemp>17</gpxtpx:atemp></gpxtpx:TrackPointExtension></extensions></trkpt><trkpt lat="42.522487" lon="22.954538"><ele>645.4</ele><time>2026-09-22T10:39:49.000Z</time><extensions><gpxtpx:TrackPointExtension xmlns:gpxtpx="http://www.garmin.com/xmlschemas/TrackPointExtension/v1"><gpxtpx:atemp>17</gpxtpx:atemp></gpxtpx:TrackPointExtension></extensions></trkpt><trkpt lat="42.52262" lon="22.954631"><ele>645.6</ele><time>2026-09-22T10:39:53.000Z</time><extensions><gpxtpx:TrackPointExtension xmlns:gpxtpx="http://www.garmin.com/xmlschemas/TrackPointExtension/v1"><gpxtpx:atemp>17</gpxtpx:atemp></gpxtpx:TrackPointExtension></extensions></trkpt><trkpt lat="42.522773" lon="22.954703"><ele>645.8</ele><time>2026-09-22T10:39:57.000Z</time><extensions><gpxtpx:TrackPointExtension xmlns:gpxtpx="http://www.garmin.com/xmlschemas/TrackPointExtension/v1"><gpxtpx:atemp>17</gpxtpx:atemp></gpxtpx:TrackPointExtension></extensions></trkpt><trkpt lat="42.523088" lon="22.954812"><ele>646</ele><time>2026-09-22T10:40:05.000Z</time><extensions><gpxtpx:TrackPointExtension xmlns:gpxtpx="http://www.garmin.com/xmlschemas/TrackPointExtension/v1"><gpxtpx:atemp>17</gpxtpx:atemp></gpxtpx:TrackPointExtension></extensions></trkpt><trkpt lat="42.524999" lon="22.955392"><ele>649</ele><time>2026-09-22T10:40:58.000Z</time><extensions><gpxtpx:TrackPointExtension xmlns:gpxtpx="http://www.garmin.com/xmlschemas/TrackPointExtension/v1"><gpxtpx:atemp>17</gpxtpx:atemp></gpxtpx:TrackPointExtension></extensions></trkpt><trkpt lat="42.525621" lon="22.955633"><ele>649.2</ele><time>2026-09-22T10:41:15.000Z</time><extensions><gpxtpx:TrackPointExtension xmlns:gpxtpx="http://www.garmin.com/xmlschemas/TrackPointExtension/v1"><gpxtpx:atemp>17</gpxtpx:atemp></gpxtpx:TrackPointExtension></extensions></trkpt><trkpt lat="42.526592" lon="22.955878"><ele>648.8</ele><time>2026-09-22T10:41:39.000Z</time><extensions><gpxtpx:TrackPointExtension xmlns:gpxtpx="http://www.garmin.com/xmlschemas/TrackPointExtension/v1"><gpxtpx:atemp>17</gpxtpx:atemp></gpxtpx:TrackPointExtension></extensions></trkpt><trkpt lat="42.527195" lon="22.955994"><ele>649.8</ele><time>2026-09-22T10:41:56.000Z</time><extensions><gpxtpx:TrackPointExtension xmlns:gpxtpx="http://www.garmin.com/xmlschemas/TrackPointExtension/v1"><gpxtpx:atemp>17</gpxtpx:atemp></gpxtpx:TrackPointExtension></extensions></trkpt><trkpt lat="42.52762" lon="22.956059"><ele>651.6</ele><time>2026-09-22T10:42:11.000Z</time><extensions><gpxtpx:TrackPointExtension xmlns:gpxtpx="http://www.garmin.com/xmlschemas/TrackPointExtension/v1"><gpxtpx:atemp>17</gpxtpx:atemp></gpxtpx:TrackPointExtension></extensions></trkpt><trkpt lat="42.527709" lon="22.956093"><ele>651.8</ele><time>2026-09-22T10:42:14.000Z</time><extensions><gpxtpx:TrackPointExtension xmlns:gpxtpx="http://www.garmin.com/xmlschemas/TrackPointExtension/v1"><gpxtpx:atemp>17</gpxtpx:atemp></gpxtpx:TrackPointExtension></extensions></trkpt><trkpt lat="42.527893" lon="22.956112"><ele>652</ele><time>2026-09-22T10:42:19.000Z</time><extensions><gpxtpx:TrackPointExtension xmlns:gpxtpx="http://www.garmin.com/xmlschemas/TrackPointExtension/v1"><gpxtpx:atemp>17</gpxtpx:atemp></gpxtpx:TrackPointExtension></extensions></trkpt><trkpt lat="42.529579" lon="22.956424"><ele>652.2</ele><time>2026-09-22T10:43:02.000Z</time><extensions><gpxtpx:TrackPointExtension xmlns:gpxtpx="http://www.garmin.com/xmlschemas/TrackPointExtension/v1"><gpxtpx:atemp>16</gpxtpx:atemp></gpxtpx:TrackPointExtension></extensions></trkpt><trkpt lat="42.530114" lon="22.95651"><ele>651.8</ele><time>2026-09-22T10:43:14.000Z</time><extensions><gpxtpx:TrackPointExtension xmlns:gpxtpx="http://www.garmin.com/xmlschemas/TrackPointExtension/v1"><gpxtpx:atemp>16</gpxtpx:atemp></gpxtpx:TrackPointExtension></extensions></trkpt><trkpt lat="42.531002" lon="22.956682"><ele>651.2</ele><time>2026-09-22T10:43:32.000Z</time><extensions><gpxtpx:TrackPointExtension xmlns:gpxtpx="http://www.garmin.com/xmlschemas/TrackPointExtension/v1"><gpxtpx:atemp>16</gpxtpx:atemp></gpxtpx:TrackPointExtension></extensions></trkpt><trkpt lat="42.531653" lon="22.956789"><ele>650.2</ele><time>2026-09-22T10:43:44.000Z</time><extensions><gpxtpx:TrackPointExtension xmlns:gpxtpx="http://www.garmin.com/xmlschemas/TrackPointExtension/v1"><gpxtpx:atemp>16</gpxtpx:atemp></gpxtpx:TrackPointExtension></extensions></trkpt><trkpt lat="42.532322" lon="22.956914"><ele>650.2</ele><time>2026-09-22T10:43:58.000Z</time><extensions><gpxtpx:TrackPointExtension xmlns:gpxtpx="http://www.garmin.com/xmlschemas/TrackPointExtension/v1"><gpxtpx:atemp>16</gpxtpx:atemp></gpxtpx:TrackPointExtension></extensions></trkpt><trkpt lat="42.532522" lon="22.956964"><ele>650.4</ele><time>2026-09-22T10:44:03.000Z</time><extensions><gpxtpx:TrackPointExtension xmlns:gpxtpx="http://www.garmin.com/xmlschemas/TrackPointExtension/v1"><gpxtpx:atemp>16</gpxtpx:atemp></gpxtpx:TrackPointExtension></extensions></trkpt><trkpt lat="42.532731" lon="22.95699"><ele>650.2</ele><time>2026-09-22T10:44:08.000Z</time><extensions><gpxtpx:TrackPointExtension xmlns:gpxtpx="http://www.garmin.com/xmlschemas/TrackPointExtension/v1"><gpxtpx:atemp>16</gpxtpx:atemp></gpxtpx:TrackPointExtension></extensions></trkpt><trkpt lat="42.533938" lon="22.957206"><ele>649.8</ele><time>2026-09-22T10:44:37.000Z</time><extensions><gpxtpx:TrackPointExtension xmlns:gpxtpx="http://www.garmin.com/xmlschemas/TrackPointExtension/v1"><gpxtpx:atemp>16</gpxtpx:atemp></gpxtpx:TrackPointExtension></extensions></trkpt><trkpt lat="42.536455" lon="22.957693"><ele>653.2</ele><time>2026-09-22T10:45:47.000Z</time><extensions><gpxtpx:TrackPointExtension xmlns:gpxtpx="http://www.garmin.com/xmlschemas/TrackPointExtension/v1"><gpxtpx:atemp>16</gpxtpx:atemp></gpxtpx:TrackPointExtension></extensions></trkpt><trkpt lat="42.536597" lon="22.95771"><ele>653.2</ele><time>2026-09-22T10:45:51.000Z</time><extensions><gpxtpx:TrackPointExtension xmlns:gpxtpx="http://www.garmin.com/xmlschemas/TrackPointExtension/v1"><gpxtpx:atemp>16</gpxtpx:atemp></gpxtpx:TrackPointExtension></extensions></trkpt><trkpt lat="42.537292" lon="22.957848"><ele>654.2</ele><time>2026-09-22T10:46:11.000Z</time><extensions><gpxtpx:TrackPointExtension xmlns:gpxtpx="http://www.garmin.com/xmlschemas/TrackPointExtension/v1"><gpxtpx:atemp>16</gpxtpx:atemp></gpxtpx:TrackPointExtension></extensions></trkpt><trkpt lat="42.537556" lon="22.957883"><ele>654.6</ele><time>2026-09-22T10:46:18.000Z</time><extensions><gpxtpx:TrackPointExtension xmlns:gpxtpx="http://www.garmin.com/xmlschemas/TrackPointExtension/v1"><gpxtpx:atemp>16</gpxtpx:atemp></gpxtpx:TrackPointExtension></extensions></trkpt><trkpt lat="42.538496" lon="22.958081"><ele>655</ele><time>2026-09-22T10:46:42.000Z</time><extensions><gpxtpx:TrackPointExtension xmlns:gpxtpx="http://www.garmin.com/xmlschemas/TrackPointExtension/v1"><gpxtpx:atemp>16</gpxtpx:atemp></gpxtpx:TrackPointExtension></extensions></trkpt><trkpt lat="42.538739" lon="22.958182"><ele>654.6</ele><time>2026-09-22T10:46:48.000Z</time><extensions><gpxtpx:TrackPointExtension xmlns:gpxtpx="http://www.garmin.com/xmlschemas/TrackPointExtension/v1"><gpxtpx:atemp>16</gpxtpx:atemp></gpxtpx:TrackPointExtension></extensions></trkpt><trkpt lat="42.539105" lon="22.958408"><ele>654</ele><time>2026-09-22T10:46:59.000Z</time><extensions><gpxtpx:TrackPointExtension xmlns:gpxtpx="http://www.garmin.com/xmlschemas/TrackPointExtension/v1"><gpxtpx:atemp>16</gpxtpx:atemp></gpxtpx:TrackPointExtension></extensions></trkpt><trkpt lat="42.53929" lon="22.958491"><ele>654</ele><time>2026-09-22T10:47:07.000Z</time><extensions><gpxtpx:TrackPointExtension xmlns:gpxtpx="http://www.garmin.com/xmlschemas/TrackPointExtension/v1"><gpxtpx:atemp>16</gpxtpx:atemp></gpxtpx:TrackPointExtension></extensions></trkpt><trkpt lat="42.539502" lon="22.958647"><ele>654.2</ele><time>2026-09-22T10:47:17.000Z</time><extensions><gpxtpx:TrackPointExtension xmlns:gpxtpx="http://www.garmin.com/xmlschemas/TrackPointExtension/v1"><gpxtpx:atemp>16</gpxtpx:atemp></gpxtpx:TrackPointExtension></extensions></trkpt><trkpt lat="42.53979" lon="22.958817"><ele>654.4</ele><time>2026-09-22T10:47:28.000Z</time><extensions><gpxtpx:TrackPointExtension xmlns:gpxtpx="http://www.garmin.com/xmlschemas/TrackPointExtension/v1"><gpxtpx:atemp>16</gpxtpx:atemp></gpxtpx:TrackPointExtension></extensions></trkpt><trkpt lat="42.540021" lon="22.958936"><ele>655</ele><time>2026-09-22T10:47:38.000Z</time><extensions><gpxtpx:TrackPointExtension xmlns:gpxtpx="http://www.garmin.com/xmlschemas/TrackPointExtension/v1"><gpxtpx:atemp>16</gpxtpx:atemp></gpxtpx:TrackPointExtension></extensions></trkpt><trkpt lat="42.540097" lon="22.958992"><ele>655.2</ele><time>2026-09-22T10:47:42.000Z</time><extensions><gpxtpx:TrackPointExtension xmlns:gpxtpx="http://www.garmin.com/xmlschemas/TrackPointExtension/v1"><gpxtpx:atemp>16</gpxtpx:atemp></gpxtpx:TrackPointExtension></extensions></trkpt><trkpt lat="42.540231" lon="22.959046"><ele>655.6</ele><time>2026-09-22T10:47:48.000Z</time><extensions><gpxtpx:TrackPointExtension xmlns:gpxtpx="http://www.garmin.com/xmlschemas/TrackPointExtension/v1"><gpxtpx:atemp>16</gpxtpx:atemp></gpxtpx:TrackPointExtension></extensions></trkpt><trkpt lat="42.54044" lon="22.959181"><ele>656.4</ele><time>2026-09-22T10:47:58.000Z</time><extensions><gpxtpx:TrackPointExtension xmlns:gpxtpx="http://www.garmin.com/xmlschemas/TrackPointExtension/v1"><gpxtpx:atemp>16</gpxtpx:atemp></gpxtpx:TrackPointExtension></extensions></trkpt><trkpt lat="42.540752" lon="22.959353"><ele>658.4</ele><time>2026-09-22T10:48:14.000Z</time><extensions><gpxtpx:TrackPointExtension xmlns:gpxtpx="http://www.garmin.com/xmlschemas/TrackPointExtension/v1"><gpxtpx:atemp>16</gpxtpx:atemp></gpxtpx:TrackPointExtension></extensions></trkpt><trkpt lat="42.540809" lon="22.959371"><ele>658.6</ele><time>2026-09-22T10:48:17.000Z</time><extensions><gpxtpx:TrackPointExtension xmlns:gpxtpx="http://www.garmin.com/xmlschemas/TrackPointExtension/v1"><gpxtpx:atemp>16</gpxtpx:atemp></gpxtpx:TrackPointExtension></extensions></trkpt><trkpt lat="42.540909" lon="22.959443"><ele>659.8</ele><time>2026-09-22T10:48:23.000Z</time><extensions><gpxtpx:TrackPointExtension xmlns:gpxtpx="http://www.garmin.com/xmlschemas/TrackPointExtension/v1"><gpxtpx:atemp>16</gpxtpx:atemp></gpxtpx:TrackPointExtension></extensions></trkpt><trkpt lat="42.541015" lon="22.959492"><ele>660.4</ele><time>2026-09-22T10:48:29.000Z</time><extensions><gpxtpx:TrackPointExtension xmlns:gpxtpx="http://www.garmin.com/xmlschemas/TrackPointExtension/v1"><gpxtpx:atemp>16</gpxtpx:atemp></gpxtpx:TrackPointExtension></extensions></trkpt><trkpt lat="42.541263" lon="22.959649"><ele>662.4</ele><time>2026-09-22T10:48:44.000Z</time><extensions><gpxtpx:TrackPointExtension xmlns:gpxtpx="http://www.garmin.com/xmlschemas/TrackPointExtension/v1"><gpxtpx:atemp>16</gpxtpx:atemp></gpxtpx:TrackPointExtension></extensions></trkpt><trkpt lat="42.541301" lon="22.959658"><ele>662.6</ele><time>2026-09-22T10:48:46.000Z</time><extensions><gpxtpx:TrackPointExtension xmlns:gpxtpx="http://www.garmin.com/xmlschemas/TrackPointExtension/v1"><gpxtpx:atemp>16</gpxtpx:atemp></gpxtpx:TrackPointExtension></extensions></trkpt><trkpt lat="42.541405" lon="22.959722"><ele>663.2</ele><time>2026-09-22T10:48:52.000Z</time><extensions><gpxtpx:TrackPointExtension xmlns:gpxtpx="http://www.garmin.com/xmlschemas/TrackPointExtension/v1"><gpxtpx:atemp>16</gpxtpx:atemp></gpxtpx:TrackPointExtension></extensions></trkpt><trkpt lat="42.541418" lon="22.959749"><ele>663.4</ele><time>2026-09-22T10:48:53.000Z</time><extensions><gpxtpx:TrackPointExtension xmlns:gpxtpx="http://www.garmin.com/xmlschemas/TrackPointExtension/v1"><gpxtpx:atemp>16</gpxtpx:atemp></gpxtpx:TrackPointExtension></extensions></trkpt><trkpt lat="42.541382" lon="22.959887"><ele>664</ele><time>2026-09-22T10:48:58.000Z</time><extensions><gpxtpx:TrackPointExtension xmlns:gpxtpx="http://www.garmin.com/xmlschemas/TrackPointExtension/v1"><gpxtpx:atemp>16</gpxtpx:atemp></gpxtpx:TrackPointExtension></extensions></trkpt><trkpt lat="42.541413" lon="22.959932"><ele>664.2</ele><time>2026-09-22T10:49:00.000Z</time><extensions><gpxtpx:TrackPointExtension xmlns:gpxtpx="http://www.garmin.com/xmlschemas/TrackPointExtension/v1"><gpxtpx:atemp>16</gpxtpx:atemp></gpxtpx:TrackPointExtension></extensions></trkpt><trkpt lat="42.541436" lon="22.959932"><ele>664.2</ele><time>2026-09-22T10:49:01.000Z</time><extensions><gpxtpx:TrackPointExtension xmlns:gpxtpx="http://www.garmin.com/xmlschemas/TrackPointExtension/v1"><gpxtpx:atemp>16</gpxtpx:atemp></gpxtpx:TrackPointExtension></extensions></trkpt><trkpt lat="42.541449" lon="22.959912"><ele>664.4</ele><time>2026-09-22T10:49:02.000Z</time><extensions><gpxtpx:TrackPointExtension xmlns:gpxtpx="http://www.garmin.com/xmlschemas/TrackPointExtension/v1"><gpxtpx:atemp>16</gpxtpx:atemp></gpxtpx:TrackPointExtension></extensions></trkpt><trkpt lat="42.541471" lon="22.959811"><ele>664.6</ele><time>2026-09-22T10:50:04.000Z</time><extensions><gpxtpx:TrackPointExtension xmlns:gpxtpx="http://www.garmin.com/xmlschemas/TrackPointExtension/v1"><gpxtpx:atemp>16</gpxtpx:atemp></gpxtpx:TrackPointExtension></extensions></trkpt><trkpt lat="42.541485" lon="22.95979"><ele>664.6</ele><time>2026-09-22T10:50:05.000Z</time><extensions><gpxtpx:TrackPointExtension xmlns:gpxtpx="http://www.garmin.com/xmlschemas/TrackPointExtension/v1"><gpxtpx:atemp>16</gpxtpx:atemp></gpxtpx:TrackPointExtension></extensions></trkpt><trkpt lat="42.541507" lon="22.959786"><ele>664.4</ele><time>2026-09-22T10:50:06.000Z</time><extensions><gpxtpx:TrackPointExtension xmlns:gpxtpx="http://www.garmin.com/xmlschemas/TrackPointExtension/v1"><gpxtpx:atemp>16</gpxtpx:atemp></gpxtpx:TrackPointExtension></extensions></trkpt><trkpt lat="42.541913" lon="22.960024"><ele>667</ele><time>2026-09-22T10:50:24.000Z</time><extensions><gpxtpx:TrackPointExtension xmlns:gpxtpx="http://www.garmin.com/xmlschemas/TrackPointExtension/v1"><gpxtpx:atemp>16</gpxtpx:atemp></gpxtpx:TrackPointExtension></extensions></trkpt><trkpt lat="42.542127" lon="22.960168"><ele>668.8</ele><time>2026-09-22T10:50:34.000Z</time><extensions><gpxtpx:TrackPointExtension xmlns:gpxtpx="http://www.garmin.com/xmlschemas/TrackPointExtension/v1"><gpxtpx:atemp>16</gpxtpx:atemp></gpxtpx:TrackPointExtension></extensions></trkpt><trkpt lat="42.542481" lon="22.960437"><ele>671.2</ele><time>2026-09-22T10:50:51.000Z</time><extensions><gpxtpx:TrackPointExtension xmlns:gpxtpx="http://www.garmin.com/xmlschemas/TrackPointExtension/v1"><gpxtpx:atemp>16</gpxtpx:atemp></gpxtpx:TrackPointExtension></extensions></trkpt><trkpt lat="42.542763" lon="22.960619"><ele>673.2</ele><time>2026-09-22T10:51:04.000Z</time><extensions><gpxtpx:TrackPointExtension xmlns:gpxtpx="http://www.garmin.com/xmlschemas/TrackPointExtension/v1"><gpxtpx:atemp>16</gpxtpx:atemp></gpxtpx:TrackPointExtension></extensions></trkpt><trkpt lat="42.542843" lon="22.960701"><ele>673.6</ele><time>2026-09-22T10:51:09.000Z</time><extensions><gpxtpx:TrackPointExtension xmlns:gpxtpx="http://www.garmin.com/xmlschemas/TrackPointExtension/v1"><gpxtpx:atemp>16</gpxtpx:atemp></gpxtpx:TrackPointExtension></extensions></trkpt><trkpt lat="42.542878" lon="22.960696"><ele>673.8</ele><time>2026-09-22T10:51:11.000Z</time><extensions><gpxtpx:TrackPointExtension xmlns:gpxtpx="http://www.garmin.com/xmlschemas/TrackPointExtension/v1"><gpxtpx:atemp>16</gpxtpx:atemp></gpxtpx:TrackPointExtension></extensions></trkpt><trkpt lat="42.542887" lon="22.960673"><ele>673.8</ele><time>2026-09-22T10:51:12.000Z</time><extensions><gpxtpx:TrackPointExtension xmlns:gpxtpx="http://www.garmin.com/xmlschemas/TrackPointExtension/v1"><gpxtpx:atemp>16</gpxtpx:atemp></gpxtpx:TrackPointExtension></extensions></trkpt><trkpt lat="42.542881" lon="22.96058"><ele>674</ele><time>2026-09-22T10:51:15.000Z</time><extensions><gpxtpx:TrackPointExtension xmlns:gpxtpx="http://www.garmin.com/xmlschemas/TrackPointExtension/v1"><gpxtpx:atemp>16</gpxtpx:atemp></gpxtpx:TrackPointExtension></extensions></trkpt><trkpt lat="42.542934" lon="22.960454"><ele>673.8</ele><time>2026-09-22T10:51:19.000Z</time><extensions><gpxtpx:TrackPointExtension xmlns:gpxtpx="http://www.garmin.com/xmlschemas/TrackPointExtension/v1"><gpxtpx:atemp>16</gpxtpx:atemp></gpxtpx:TrackPointExtension></extensions></trkpt><trkpt lat="42.543025" lon="22.960384"><ele>673.8</ele><time>2026-09-22T10:51:24.000Z</time><extensions><gpxtpx:TrackPointExtension xmlns:gpxtpx="http://www.garmin.com/xmlschemas/TrackPointExtension/v1"><gpxtpx:atemp>16</gpxtpx:atemp></gpxtpx:TrackPointExtension></extensions></trkpt><trkpt lat="42.543067" lon="22.960291"><ele>674.2</ele><time>2026-09-22T10:51:30.000Z</time><extensions><gpxtpx:TrackPointExtension xmlns:gpxtpx="http://www.garmin.com/xmlschemas/TrackPointExtension/v1"><gpxtpx:atemp>16</gpxtpx:atemp></gpxtpx:TrackPointExtension></extensions></trkpt><trkpt lat="42.543055" lon="22.960387"><ele>673.8</ele><time>2026-09-22T10:52:44.000Z</time><extensions><gpxtpx:TrackPointExtension xmlns:gpxtpx="http://www.garmin.com/xmlschemas/TrackPointExtension/v1"><gpxtpx:atemp>16</gpxtpx:atemp></gpxtpx:TrackPointExtension></extensions></trkpt><trkpt lat="42.542946" lon="22.960404"><ele>675</ele><time>2026-09-22T12:25:57.000Z</time><extensions><gpxtpx:TrackPointExtension xmlns:gpxtpx="http://www.garmin.com/xmlschemas/TrackPointExtension/v1"><gpxtpx:atemp>20</gpxtpx:atemp></gpxtpx:TrackPointExtension></extensions></trkpt><trkpt lat="42.542881" lon="22.960442"><ele>675</ele><time>2026-09-22T12:26:00.000Z</time><extensions><gpxtpx:TrackPointExtension xmlns:gpxtpx="http://www.garmin.com/xmlschemas/TrackPointExtension/v1"><gpxtpx:atemp>20</gpxtpx:atemp></gpxtpx:TrackPointExtension></extensions></trkpt><trkpt lat="42.54283" lon="22.960509"><ele>674.6</ele><time>2026-09-22T12:26:03.000Z</time><extensions><gpxtpx:TrackPointExtension xmlns:gpxtpx="http://www.garmin.com/xmlschemas/TrackPointExtension/v1"><gpxtpx:atemp>20</gpxtpx:atemp></gpxtpx:TrackPointExtension></extensions></trkpt><trkpt lat="42.542828" lon="22.960604"><ele>674.4</ele><time>2026-09-22T12:26:05.000Z</time><extensions><gpxtpx:TrackPointExtension xmlns:gpxtpx="http://www.garmin.com/xmlschemas/TrackPointExtension/v1"><gpxtpx:atemp>20</gpxtpx:atemp></gpxtpx:TrackPointExtension></extensions></trkpt><trkpt lat="42.54287" lon="22.960674"><ele>674.4</ele><time>2026-09-22T12:26:07.000Z</time><extensions><gpxtpx:TrackPointExtension xmlns:gpxtpx="http://www.garmin.com/xmlschemas/TrackPointExtension/v1"><gpxtpx:atemp>20</gpxtpx:atemp></gpxtpx:TrackPointExtension></extensions></trkpt><trkpt lat="42.543097" lon="22.960852"><ele>675.6</ele><time>2026-09-22T12:26:15.000Z</time><extensions><gpxtpx:TrackPointExtension xmlns:gpxtpx="http://www.garmin.com/xmlschemas/TrackPointExtension/v1"><gpxtpx:atemp>20</gpxtpx:atemp></gpxtpx:TrackPointExtension></extensions></trkpt><trkpt lat="42.544121" lon="22.961573"><ele>680.2</ele><time>2026-09-22T12:26:58.000Z</time><extensions><gpxtpx:TrackPointExtension xmlns:gpxtpx="http://www.garmin.com/xmlschemas/TrackPointExtension/v1"><gpxtpx:atemp>20</gpxtpx:atemp></gpxtpx:TrackPointExtension></extensions></trkpt><trkpt lat="42.544179" lon="22.961634"><ele>680.2</ele><time>2026-09-22T12:27:01.000Z</time><extensions><gpxtpx:TrackPointExtension xmlns:gpxtpx="http://www.garmin.com/xmlschemas/TrackPointExtension/v1"><gpxtpx:atemp>20</gpxtpx:atemp></gpxtpx:TrackPointExtension></extensions></trkpt><trkpt lat="42.544181" lon="22.962055"><ele>680</ele><time>2026-09-22T12:27:10.000Z</time><extensions><gpxtpx:TrackPointExtension xmlns:gpxtpx="http://www.garmin.com/xmlschemas/TrackPointExtension/v1"><gpxtpx:atemp>20</gpxtpx:atemp></gpxtpx:TrackPointExtension></extensions></trkpt><trkpt lat="42.544228" lon="22.962573"><ele>680</ele><time>2026-09-22T12:27:19.000Z</time><extensions><gpxtpx:TrackPointExtension xmlns:gpxtpx="http://www.garmin.com/xmlschemas/TrackPointExtension/v1"><gpxtpx:atemp>20</gpxtpx:atemp></gpxtpx:TrackPointExtension></extensions></trkpt><trkpt lat="42.54433" lon="22.964139"><ele>679.4</ele><time>2026-09-22T12:27:46.000Z</time><extensions><gpxtpx:TrackPointExtension xmlns:gpxtpx="http://www.garmin.com/xmlschemas/TrackPointExtension/v1"><gpxtpx:atemp>19</gpxtpx:atemp></gpxtpx:TrackPointExtension></extensions></trkpt><trkpt lat="42.544355" lon="22.964298"><ele>679.2</ele><time>2026-09-22T12:27:50.000Z</time><extensions><gpxtpx:TrackPointExtension xmlns:gpxtpx="http://www.garmin.com/xmlschemas/TrackPointExtension/v1"><gpxtpx:atemp>19</gpxtpx:atemp></gpxtpx:TrackPointExtension></extensions></trkpt><trkpt lat="42.544377" lon="22.964318"><ele>679.2</ele><time>2026-09-22T12:27:51.000Z</time><extensions><gpxtpx:TrackPointExtension xmlns:gpxtpx="http://www.garmin.com/xmlschemas/TrackPointExtension/v1"><gpxtpx:atemp>19</gpxtpx:atemp></gpxtpx:TrackPointExtension></extensions></trkpt><trkpt lat="42.544489" lon="22.964317"><ele>679.2</ele><time>2026-09-22T12:27:55.000Z</time><extensions><gpxtpx:TrackPointExtension xmlns:gpxtpx="http://www.garmin.com/xmlschemas/TrackPointExtension/v1"><gpxtpx:atemp>19</gpxtpx:atemp></gpxtpx:TrackPointExtension></extensions></trkpt><trkpt lat="42.544711" lon="22.964403"><ele>679.8</ele><time>2026-09-22T12:28:02.000Z</time><extensions><gpxtpx:TrackPointExtension xmlns:gpxtpx="http://www.garmin.com/xmlschemas/TrackPointExtension/v1"><gpxtpx:atemp>19</gpxtpx:atemp></gpxtpx:TrackPointExtension></extensions></trkpt><trkpt lat="42.545119" lon="22.964648"><ele>680.8</ele><time>2026-09-22T12:28:15.000Z</time><extensions><gpxtpx:TrackPointExtension xmlns:gpxtpx="http://www.garmin.com/xmlschemas/TrackPointExtension/v1"><gpxtpx:atemp>19</gpxtpx:atemp></gpxtpx:TrackPointExtension></extensions></trkpt><trkpt lat="42.545299" lon="22.964816"><ele>681.6</ele><time>2026-09-22T12:28:21.000Z</time><extensions><gpxtpx:TrackPointExtension xmlns:gpxtpx="http://www.garmin.com/xmlschemas/TrackPointExtension/v1"><gpxtpx:atemp>19</gpxtpx:atemp></gpxtpx:TrackPointExtension></extensions></trkpt><trkpt lat="42.545653" lon="22.965086"><ele>682.6</ele><time>2026-09-22T12:28:33.000Z</time><extensions><gpxtpx:TrackPointExtension xmlns:gpxtpx="http://www.garmin.com/xmlschemas/TrackPointExtension/v1"><gpxtpx:atemp>19</gpxtpx:atemp></gpxtpx:TrackPointExtension></extensions></trkpt><trkpt lat="42.545761" lon="22.965194"><ele>683</ele><time>2026-09-22T12:28:37.000Z</time><extensions><gpxtpx:TrackPointExtension xmlns:gpxtpx="http://www.garmin.com/xmlschemas/TrackPointExtension/v1"><gpxtpx:atemp>19</gpxtpx:atemp></gpxtpx:TrackPointExtension></extensions></trkpt><trkpt lat="42.545844" lon="22.965245"><ele>683.2</ele><time>2026-09-22T12:28:40.000Z</time><extensions><gpxtpx:TrackPointExtension xmlns:gpxtpx="http://www.garmin.com/xmlschemas/TrackPointExtension/v1"><gpxtpx:atemp>19</gpxtpx:atemp></gpxtpx:TrackPointExtension></extensions></trkpt><trkpt lat="42.545996" lon="22.965372"><ele>684</ele><time>2026-09-22T12:28:45.000Z</time><extensions><gpxtpx:TrackPointExtension xmlns:gpxtpx="http://www.garmin.com/xmlschemas/TrackPointExtension/v1"><gpxtpx:atemp>19</gpxtpx:atemp></gpxtpx:TrackPointExtension></extensions></trkpt><trkpt lat="42.546038" lon="22.965424"><ele>684.2</ele><time>2026-09-22T12:28:47.000Z</time><extensions><gpxtpx:TrackPointExtension xmlns:gpxtpx="http://www.garmin.com/xmlschemas/TrackPointExtension/v1"><gpxtpx:atemp>19</gpxtpx:atemp></gpxtpx:TrackPointExtension></extensions></trkpt><trkpt lat="42.546136" lon="22.965482"><ele>684.8</ele><time>2026-09-22T12:28:51.000Z</time><extensions><gpxtpx:TrackPointExtension xmlns:gpxtpx="http://www.garmin.com/xmlschemas/TrackPointExtension/v1"><gpxtpx:atemp>19</gpxtpx:atemp></gpxtpx:TrackPointExtension></extensions></trkpt><trkpt lat="42.546243" lon="22.9656"><ele>685.2</ele><time>2026-09-22T12:28:56.000Z</time><extensions><gpxtpx:TrackPointExtension xmlns:gpxtpx="http://www.garmin.com/xmlschemas/TrackPointExtension/v1"><gpxtpx:atemp>19</gpxtpx:atemp></gpxtpx:TrackPointExtension></extensions></trkpt><trkpt lat="42.546394" lon="22.965671"><ele>685.8</ele><time>2026-09-22T12:29:01.000Z</time><extensions><gpxtpx:TrackPointExtension xmlns:gpxtpx="http://www.garmin.com/xmlschemas/TrackPointExtension/v1"><gpxtpx:atemp>18</gpxtpx:atemp></gpxtpx:TrackPointExtension></extensions></trkpt><trkpt lat="42.546705" lon="22.965977"><ele>686.6</ele><time>2026-09-22T12:29:13.000Z</time><extensions><gpxtpx:TrackPointExtension xmlns:gpxtpx="http://www.garmin.com/xmlschemas/TrackPointExtension/v1"><gpxtpx:atemp>18</gpxtpx:atemp></gpxtpx:TrackPointExtension></extensions></trkpt><trkpt lat="42.54693" lon="22.966096"><ele>688</ele><time>2026-09-22T12:29:21.000Z</time><extensions><gpxtpx:TrackPointExtension xmlns:gpxtpx="http://www.garmin.com/xmlschemas/TrackPointExtension/v1"><gpxtpx:atemp>18</gpxtpx:atemp></gpxtpx:TrackPointExtension></extensions></trkpt><trkpt lat="42.547114" lon="22.966267"><ele>688.4</ele><time>2026-09-22T12:29:28.000Z</time><extensions><gpxtpx:TrackPointExtension xmlns:gpxtpx="http://www.garmin.com/xmlschemas/TrackPointExtension/v1"><gpxtpx:atemp>18</gpxtpx:atemp></gpxtpx:TrackPointExtension></extensions></trkpt><trkpt lat="42.547314" lon="22.966409"><ele>689.2</ele><time>2026-09-22T12:29:35.000Z</time><extensions><gpxtpx:TrackPointExtension xmlns:gpxtpx="http://www.garmin.com/xmlschemas/TrackPointExtension/v1"><gpxtpx:atemp>18</gpxtpx:atemp></gpxtpx:TrackPointExtension></extensions></trkpt><trkpt lat="42.547498" lon="22.966498"><ele>689.4</ele><time>2026-09-22T12:29:41.000Z</time><extensions><gpxtpx:TrackPointExtension xmlns:gpxtpx="http://www.garmin.com/xmlschemas/TrackPointExtension/v1"><gpxtpx:atemp>18</gpxtpx:atemp></gpxtpx:TrackPointExtension></extensions></trkpt><trkpt lat="42.547918" lon="22.96676"><ele>690</ele><time>2026-09-22T12:29:54.000Z</time><extensions><gpxtpx:TrackPointExtension xmlns:gpxtpx="http://www.garmin.com/xmlschemas/TrackPointExtension/v1"><gpxtpx:atemp>18</gpxtpx:atemp></gpxtpx:TrackPointExtension></extensions></trkpt><trkpt lat="42.54794" lon="22.966827"><ele>689.8</ele><time>2026-09-22T12:29:56.000Z</time><extensions><gpxtpx:TrackPointExtension xmlns:gpxtpx="http://www.garmin.com/xmlschemas/TrackPointExtension/v1"><gpxtpx:atemp>18</gpxtpx:atemp></gpxtpx:TrackPointExtension></extensions></trkpt><trkpt lat="42.547945" lon="22.967128"><ele>688.8</ele><time>2026-09-22T12:30:02.000Z</time><extensions><gpxtpx:TrackPointExtension xmlns:gpxtpx="http://www.garmin.com/xmlschemas/TrackPointExtension/v1"><gpxtpx:atemp>18</gpxtpx:atemp></gpxtpx:TrackPointExtension></extensions></trkpt><trkpt lat="42.54791" lon="22.968086"><ele>685.6</ele><time>2026-09-22T12:30:16.000Z</time><extensions><gpxtpx:TrackPointExtension xmlns:gpxtpx="http://www.garmin.com/xmlschemas/TrackPointExtension/v1"><gpxtpx:atemp>18</gpxtpx:atemp></gpxtpx:TrackPointExtension></extensions></trkpt><trkpt lat="42.547806" lon="22.968584"><ele>686.4</ele><time>2026-09-22T12:30:25.000Z</time><extensions><gpxtpx:TrackPointExtension xmlns:gpxtpx="http://www.garmin.com/xmlschemas/TrackPointExtension/v1"><gpxtpx:atemp>18</gpxtpx:atemp></gpxtpx:TrackPointExtension></extensions></trkpt><trkpt lat="42.54773" lon="22.968847"><ele>687.2</ele><time>2026-09-22T12:30:32.000Z</time><extensions><gpxtpx:TrackPointExtension xmlns:gpxtpx="http://www.garmin.com/xmlschemas/TrackPointExtension/v1"><gpxtpx:atemp>18</gpxtpx:atemp></gpxtpx:TrackPointExtension></extensions></trkpt><trkpt lat="42.547679" lon="22.96909"><ele>687.6</ele><time>2026-09-22T12:30:38.000Z</time><extensions><gpxtpx:TrackPointExtension xmlns:gpxtpx="http://www.garmin.com/xmlschemas/TrackPointExtension/v1"><gpxtpx:atemp>18</gpxtpx:atemp></gpxtpx:TrackPointExtension></extensions></trkpt><trkpt lat="42.547645" lon="22.969163"><ele>688</ele><time>2026-09-22T12:30:41.000Z</time><extensions><gpxtpx:TrackPointExtension xmlns:gpxtpx="http://www.garmin.com/xmlschemas/TrackPointExtension/v1"><gpxtpx:atemp>18</gpxtpx:atemp></gpxtpx:TrackPointExtension></extensions></trkpt><trkpt lat="42.547642" lon="22.969223"><ele>688.2</ele><time>2026-09-22T12:30:44.000Z</time><extensions><gpxtpx:TrackPointExtension xmlns:gpxtpx="http://www.garmin.com/xmlschemas/TrackPointExtension/v1"><gpxtpx:atemp>18</gpxtpx:atemp></gpxtpx:TrackPointExtension></extensions></trkpt><trkpt lat="42.547662" lon="22.969245"><ele>688.4</ele><time>2026-09-22T12:30:46.000Z</time><extensions><gpxtpx:TrackPointExtension xmlns:gpxtpx="http://www.garmin.com/xmlschemas/TrackPointExtension/v1"><gpxtpx:atemp>18</gpxtpx:atemp></gpxtpx:TrackPointExtension></extensions></trkpt><trkpt lat="42.547708" lon="22.969241"><ele>688.8</ele><time>2026-09-22T12:30:49.000Z</time><extensions><gpxtpx:TrackPointExtension xmlns:gpxtpx="http://www.garmin.com/xmlschemas/TrackPointExtension/v1"><gpxtpx:atemp>18</gpxtpx:atemp></gpxtpx:TrackPointExtension></extensions></trkpt><trkpt lat="42.547803" lon="22.96929"><ele>689.4</ele><time>2026-09-22T12:30:54.000Z</time><extensions><gpxtpx:TrackPointExtension xmlns:gpxtpx="http://www.garmin.com/xmlschemas/TrackPointExtension/v1"><gpxtpx:atemp>18</gpxtpx:atemp></gpxtpx:TrackPointExtension></extensions></trkpt><trkpt lat="42.547857" lon="22.969302"><ele>690</ele><time>2026-09-22T12:30:57.000Z</time><extensions><gpxtpx:TrackPointExtension xmlns:gpxtpx="http://www.garmin.com/xmlschemas/TrackPointExtension/v1"><gpxtpx:atemp>18</gpxtpx:atemp></gpxtpx:TrackPointExtension></extensions></trkpt><trkpt lat="42.548035" lon="22.969401"><ele>692.4</ele><time>2026-09-22T12:31:07.000Z</time><extensions><gpxtpx:TrackPointExtension xmlns:gpxtpx="http://www.garmin.com/xmlschemas/TrackPointExtension/v1"><gpxtpx:atemp>17</gpxtpx:atemp></gpxtpx:TrackPointExtension></extensions></trkpt><trkpt lat="42.548189" lon="22.969436"><ele>694</ele><time>2026-09-22T12:31:15.000Z</time><extensions><gpxtpx:TrackPointExtension xmlns:gpxtpx="http://www.garmin.com/xmlschemas/TrackPointExtension/v1"><gpxtpx:atemp>18</gpxtpx:atemp></gpxtpx:TrackPointExtension></extensions></trkpt><trkpt lat="42.54839" lon="22.969535"><ele>696.2</ele><time>2026-09-22T12:31:25.000Z</time><extensions><gpxtpx:TrackPointExtension xmlns:gpxtpx="http://www.garmin.com/xmlschemas/TrackPointExtension/v1"><gpxtpx:atemp>18</gpxtpx:atemp></gpxtpx:TrackPointExtension></extensions></trkpt><trkpt lat="42.548484" lon="22.969603"><ele>697.2</ele><time>2026-09-22T12:31:30.000Z</time><extensions><gpxtpx:TrackPointExtension xmlns:gpxtpx="http://www.garmin.com/xmlschemas/TrackPointExtension/v1"><gpxtpx:atemp>17</gpxtpx:atemp></gpxtpx:TrackPointExtension></extensions></trkpt><trkpt lat="42.548612" lon="22.969633"><ele>697.8</ele><time>2026-09-22T12:31:36.000Z</time><extensions><gpxtpx:TrackPointExtension xmlns:gpxtpx="http://www.garmin.com/xmlschemas/TrackPointExtension/v1"><gpxtpx:atemp>17</gpxtpx:atemp></gpxtpx:TrackPointExtension></extensions></trkpt><trkpt lat="42.548736" lon="22.969697"><ele>698.8</ele><time>2026-09-22T12:31:42.000Z</time><extensions><gpxtpx:TrackPointExtension xmlns:gpxtpx="http://www.garmin.com/xmlschemas/TrackPointExtension/v1"><gpxtpx:atemp>17</gpxtpx:atemp></gpxtpx:TrackPointExtension></extensions></trkpt><trkpt lat="42.548928" lon="22.969704"><ele>700.8</ele><time>2026-09-22T12:31:52.000Z</time><extensions><gpxtpx:TrackPointExtension xmlns:gpxtpx="http://www.garmin.com/xmlschemas/TrackPointExtension/v1"><gpxtpx:atemp>17</gpxtpx:atemp></gpxtpx:TrackPointExtension></extensions></trkpt><trkpt lat="42.54904" lon="22.969757"><ele>701.8</ele><time>2026-09-22T12:31:58.000Z</time><extensions><gpxtpx:TrackPointExtension xmlns:gpxtpx="http://www.garmin.com/xmlschemas/TrackPointExtension/v1"><gpxtpx:atemp>17</gpxtpx:atemp></gpxtpx:TrackPointExtension></extensions></trkpt><trkpt lat="42.54925" lon="22.969808"><ele>703.4</ele><time>2026-09-22T12:32:11.000Z</time><extensions><gpxtpx:TrackPointExtension xmlns:gpxtpx="http://www.garmin.com/xmlschemas/TrackPointExtension/v1"><gpxtpx:atemp>17</gpxtpx:atemp></gpxtpx:TrackPointExtension></extensions></trkpt><trkpt lat="42.549263" lon="22.969974"><ele>705</ele><time>2026-09-22T12:32:20.000Z</time><extensions><gpxtpx:TrackPointExtension xmlns:gpxtpx="http://www.garmin.com/xmlschemas/TrackPointExtension/v1"><gpxtpx:atemp>17</gpxtpx:atemp></gpxtpx:TrackPointExtension></extensions></trkpt><trkpt lat="42.549287" lon="22.970046"><ele>705.8</ele><time>2026-09-22T12:32:24.000Z</time><extensions><gpxtpx:TrackPointExtension xmlns:gpxtpx="http://www.garmin.com/xmlschemas/TrackPointExtension/v1"><gpxtpx:atemp>17</gpxtpx:atemp></gpxtpx:TrackPointExtension></extensions></trkpt><trkpt lat="42.549265" lon="22.970152"><ele>707</ele><time>2026-09-22T12:32:30.000Z</time><extensions><gpxtpx:TrackPointExtension xmlns:gpxtpx="http://www.garmin.com/xmlschemas/TrackPointExtension/v1"><gpxtpx:atemp>17</gpxtpx:atemp></gpxtpx:TrackPointExtension></extensions></trkpt><trkpt lat="42.549298" lon="22.970238"><ele>708.4</ele><time>2026-09-22T12:32:35.000Z</time><extensions><gpxtpx:TrackPointExtension xmlns:gpxtpx="http://www.garmin.com/xmlschemas/TrackPointExtension/v1"><gpxtpx:atemp>17</gpxtpx:atemp></gpxtpx:TrackPointExtension></extensions></trkpt><trkpt lat="42.54928" lon="22.970399"><ele>709.8</ele><time>2026-09-22T12:32:43.000Z</time><extensions><gpxtpx:TrackPointExtension xmlns:gpxtpx="http://www.garmin.com/xmlschemas/TrackPointExtension/v1"><gpxtpx:atemp>17</gpxtpx:atemp></gpxtpx:TrackPointExtension></extensions></trkpt><trkpt lat="42.549308" lon="22.970534"><ele>711.4</ele><time>2026-09-22T12:32:50.000Z</time><extensions><gpxtpx:TrackPointExtension xmlns:gpxtpx="http://www.garmin.com/xmlschemas/TrackPointExtension/v1"><gpxtpx:atemp>17</gpxtpx:atemp></gpxtpx:TrackPointExtension></extensions></trkpt><trkpt lat="42.549311" lon="22.970637"><ele>712.2</ele><time>2026-09-22T12:32:55.000Z</time><extensions><gpxtpx:TrackPointExtension xmlns:gpxtpx="http://www.garmin.com/xmlschemas/TrackPointExtension/v1"><gpxtpx:atemp>17</gpxtpx:atemp></gpxtpx:TrackPointExtension></extensions></trkpt><trkpt lat="42.549334" lon="22.970738"><ele>713</ele><time>2026-09-22T12:33:00.000Z</time><extensions><gpxtpx:TrackPointExtension xmlns:gpxtpx="http://www.garmin.com/xmlschemas/TrackPointExtension/v1"><gpxtpx:atemp>17</gpxtpx:atemp></gpxtpx:TrackPointExtension></extensions></trkpt><trkpt lat="42.549454" lon="22.970921"><ele>714.2</ele><time>2026-09-22T12:33:12.000Z</time><extensions><gpxtpx:TrackPointExtension xmlns:gpxtpx="http://www.garmin.com/xmlschemas/TrackPointExtension/v1"><gpxtpx:atemp>17</gpxtpx:atemp></gpxtpx:TrackPointExtension></extensions></trkpt><trkpt lat="42.549444" lon="22.970884"><ele>714.2</ele><time>2026-09-22T12:33:14.000Z</time><extensions><gpxtpx:TrackPointExtension xmlns:gpxtpx="http://www.garmin.com/xmlschemas/TrackPointExtension/v1"><gpxtpx:atemp>17</gpxtpx:atemp></gpxtpx:TrackPointExtension></extensions></trkpt><trkpt lat="42.549409" lon="22.970852"><ele>714.4</ele><time>2026-09-22T12:33:16.000Z</time><extensions><gpxtpx:TrackPointExtension xmlns:gpxtpx="http://www.garmin.com/xmlschemas/TrackPointExtension/v1"><gpxtpx:atemp>17</gpxtpx:atemp></gpxtpx:TrackPointExtension></extensions></trkpt><trkpt lat="42.549404" lon="22.970814"><ele>714.4</ele><time>2026-09-22T12:33:17.000Z</time><extensions><gpxtpx:TrackPointExtension xmlns:gpxtpx="http://www.garmin.com/xmlschemas/TrackPointExtension/v1"><gpxtpx:atemp>17</gpxtpx:atemp></gpxtpx:TrackPointExtension></extensions></trkpt><trkpt lat="42.549457" lon="22.970713"><ele>714.4</ele><time>2026-09-22T12:33:20.000Z</time><extensions><gpxtpx:TrackPointExtension xmlns:gpxtpx="http://www.garmin.com/xmlschemas/TrackPointExtension/v1"><gpxtpx:atemp>17</gpxtpx:atemp></gpxtpx:TrackPointExtension></extensions></trkpt><trkpt lat="42.54966" lon="22.970529"><ele>715</ele><time>2026-09-22T12:33:30.000Z</time><extensions><gpxtpx:TrackPointExtension xmlns:gpxtpx="http://www.garmin.com/xmlschemas/TrackPointExtension/v1"><gpxtpx:atemp>17</gpxtpx:atemp></gpxtpx:TrackPointExtension></extensions></trkpt><trkpt lat="42.549744" lon="22.970488"><ele>715.4</ele><time>2026-09-22T12:33:34.000Z</time><extensions><gpxtpx:TrackPointExtension xmlns:gpxtpx="http://www.garmin.com/xmlschemas/TrackPointExtension/v1"><gpxtpx:atemp>17</gpxtpx:atemp></gpxtpx:TrackPointExtension></extensions></trkpt><trkpt lat="42.549862" lon="22.970365"><ele>716</ele><time>2026-09-22T12:33:41.000Z</time><extensions><gpxtpx:TrackPointExtension xmlns:gpxtpx="http://www.garmin.com/xmlschemas/TrackPointExtension/v1"><gpxtpx:atemp>17</gpxtpx:atemp></gpxtpx:TrackPointExtension></extensions></trkpt><trkpt lat="42.550196" lon="22.970149"><ele>715.6</ele><time>2026-09-22T12:33:55.000Z</time><extensions><gpxtpx:TrackPointExtension xmlns:gpxtpx="http://www.garmin.com/xmlschemas/TrackPointExtension/v1"><gpxtpx:atemp>17</gpxtpx:atemp></gpxtpx:TrackPointExtension></extensions></trkpt><trkpt lat="42.550335" lon="22.970038"><ele>715</ele><time>2026-09-22T12:34:00.000Z</time><extensions><gpxtpx:TrackPointExtension xmlns:gpxtpx="http://www.garmin.com/xmlschemas/TrackPointExtension/v1"><gpxtpx:atemp>17</gpxtpx:atemp></gpxtpx:TrackPointExtension></extensions></trkpt><trkpt lat="42.550549" lon="22.969792"><ele>714.2</ele><time>2026-09-22T12:34:08.000Z</time><extensions><gpxtpx:TrackPointExtension xmlns:gpxtpx="http://www.garmin.com/xmlschemas/TrackPointExtension/v1"><gpxtpx:atemp>17</gpxtpx:atemp></gpxtpx:TrackPointExtension></extensions></trkpt><trkpt lat="42.550634" lon="22.969747"><ele>714</ele><time>2026-09-22T12:34:10.000Z</time><extensions><gpxtpx:TrackPointExtension xmlns:gpxtpx="http://www.garmin.com/xmlschemas/TrackPointExtension/v1"><gpxtpx:atemp>17</gpxtpx:atemp></gpxtpx:TrackPointExtension></extensions></trkpt><trkpt lat="42.550973" lon="22.969672"><ele>713.2</ele><time>2026-09-22T12:34:17.000Z</time><extensions><gpxtpx:TrackPointExtension xmlns:gpxtpx="http://www.garmin.com/xmlschemas/TrackPointExtension/v1"><gpxtpx:atemp>17</gpxtpx:atemp></gpxtpx:TrackPointExtension></extensions></trkpt><trkpt lat="42.551229" lon="22.969583"><ele>711.8</ele><time>2026-09-22T12:34:23.000Z</time><extensions><gpxtpx:TrackPointExtension xmlns:gpxtpx="http://www.garmin.com/xmlschemas/TrackPointExtension/v1"><gpxtpx:atemp>17</gpxtpx:atemp></gpxtpx:TrackPointExtension></extensions></trkpt><trkpt lat="42.551362" lon="22.969555"><ele>711.2</ele><time>2026-09-22T12:34:26.000Z</time><extensions><gpxtpx:TrackPointExtension xmlns:gpxtpx="http://www.garmin.com/xmlschemas/TrackPointExtension/v1"><gpxtpx:atemp>17</gpxtpx:atemp></gpxtpx:TrackPointExtension></extensions></trkpt><trkpt lat="42.551432" lon="22.969513"><ele>710.8</ele><time>2026-09-22T12:34:28.000Z</time><extensions><gpxtpx:TrackPointExtension xmlns:gpxtpx="http://www.garmin.com/xmlschemas/TrackPointExtension/v1"><gpxtpx:atemp>17</gpxtpx:atemp></gpxtpx:TrackPointExtension></extensions></trkpt><trkpt lat="42.551532" lon="22.969386"><ele>710.4</ele><time>2026-09-22T12:34:33.000Z</time><extensions><gpxtpx:TrackPointExtension xmlns:gpxtpx="http://www.garmin.com/xmlschemas/TrackPointExtension/v1"><gpxtpx:atemp>17</gpxtpx:atemp></gpxtpx:TrackPointExtension></extensions></trkpt><trkpt lat="42.551578" lon="22.969267"><ele>710</ele><time>2026-09-22T12:34:36.000Z</time><extensions><gpxtpx:TrackPointExtension xmlns:gpxtpx="http://www.garmin.com/xmlschemas/TrackPointExtension/v1"><gpxtpx:atemp>17</gpxtpx:atemp></gpxtpx:TrackPointExtension></extensions></trkpt><trkpt lat="42.55161" lon="22.969033"><ele>709.6</ele><time>2026-09-22T12:34:40.000Z</time><extensions><gpxtpx:TrackPointExtension xmlns:gpxtpx="http://www.garmin.com/xmlschemas/TrackPointExtension/v1"><gpxtpx:atemp>17</gpxtpx:atemp></gpxtpx:TrackPointExtension></extensions></trkpt><trkpt lat="42.551429" lon="22.96756"><ele>715.6</ele><time>2026-09-22T12:35:19.000Z</time><extensions><gpxtpx:TrackPointExtension xmlns:gpxtpx="http://www.garmin.com/xmlschemas/TrackPointExtension/v1"><gpxtpx:atemp>17</gpxtpx:atemp></gpxtpx:TrackPointExtension></extensions></trkpt><trkpt lat="42.551414" lon="22.967241"><ele>717.6</ele><time>2026-09-22T12:35:31.000Z</time><extensions><gpxtpx:TrackPointExtension xmlns:gpxtpx="http://www.garmin.com/xmlschemas/TrackPointExtension/v1"><gpxtpx:atemp>16</gpxtpx:atemp></gpxtpx:TrackPointExtension></extensions></trkpt><trkpt lat="42.551419" lon="22.966954"><ele>719.4</ele><time>2026-09-22T12:35:42.000Z</time><extensions><gpxtpx:TrackPointExtension xmlns:gpxtpx="http://www.garmin.com/xmlschemas/TrackPointExtension/v1"><gpxtpx:atemp>16</gpxtpx:atemp></gpxtpx:TrackPointExtension></extensions></trkpt><trkpt lat="42.551451" lon="22.966919"><ele>720</ele><time>2026-09-22T12:35:45.000Z</time><extensions><gpxtpx:TrackPointExtension xmlns:gpxtpx="http://www.garmin.com/xmlschemas/TrackPointExtension/v1"><gpxtpx:atemp>16</gpxtpx:atemp></gpxtpx:TrackPointExtension></extensions></trkpt><trkpt lat="42.551499" lon="22.966946"><ele>720.8</ele><time>2026-09-22T12:35:50.000Z</time><extensions><gpxtpx:TrackPointExtension xmlns:gpxtpx="http://www.garmin.com/xmlschemas/TrackPointExtension/v1"><gpxtpx:atemp>16</gpxtpx:atemp></gpxtpx:TrackPointExtension></extensions></trkpt><trkpt lat="42.551598" lon="22.966963"><ele>721.4</ele><time>2026-09-22T12:35:56.000Z</time><extensions><gpxtpx:TrackPointExtension xmlns:gpxtpx="http://www.garmin.com/xmlschemas/TrackPointExtension/v1"><gpxtpx:atemp>16</gpxtpx:atemp></gpxtpx:TrackPointExtension></extensions></trkpt><trkpt lat="42.551696" lon="22.967032"><ele>722</ele><time>2026-09-22T12:36:01.000Z</time><extensions><gpxtpx:TrackPointExtension xmlns:gpxtpx="http://www.garmin.com/xmlschemas/TrackPointExtension/v1"><gpxtpx:atemp>16</gpxtpx:atemp></gpxtpx:TrackPointExtension></extensions></trkpt><trkpt lat="42.551845" lon="22.967097"><ele>722.8</ele><time>2026-09-22T12:36:08.000Z</time><extensions><gpxtpx:TrackPointExtension xmlns:gpxtpx="http://www.garmin.com/xmlschemas/TrackPointExtension/v1"><gpxtpx:atemp>16</gpxtpx:atemp></gpxtpx:TrackPointExtension></extensions></trkpt><trkpt lat="42.55187" lon="22.967104"><ele>723</ele><time>2026-09-22T12:36:09.000Z</time><extensions><gpxtpx:TrackPointExtension xmlns:gpxtpx="http://www.garmin.com/xmlschemas/TrackPointExtension/v1"><gpxtpx:atemp>16</gpxtpx:atemp></gpxtpx:TrackPointExtension></extensions></trkpt><trkpt lat="42.551915" lon="22.967076"><ele>723.2</ele><time>2026-09-22T12:36:11.000Z</time><extensions><gpxtpx:TrackPointExtension xmlns:gpxtpx="http://www.garmin.com/xmlschemas/TrackPointExtension/v1"><gpxtpx:atemp>16</gpxtpx:atemp></gpxtpx:TrackPointExtension></extensions></trkpt><trkpt lat="42.552176" lon="22.96677"><ele>723.8</ele><time>2026-09-22T12:36:22.000Z</time><extensions><gpxtpx:TrackPointExtension xmlns:gpxtpx="http://www.garmin.com/xmlschemas/TrackPointExtension/v1"><gpxtpx:atemp>16</gpxtpx:atemp></gpxtpx:TrackPointExtension></extensions></trkpt><trkpt lat="42.5522" lon="22.96659"><ele>724</ele><time>2026-09-22T12:36:26.000Z</time><extensions><gpxtpx:TrackPointExtension xmlns:gpxtpx="http://www.garmin.com/xmlschemas/TrackPointExtension/v1"><gpxtpx:atemp>16</gpxtpx:atemp></gpxtpx:TrackPointExtension></extensions></trkpt><trkpt lat="42.552204" lon="22.966216"><ele>724</ele><time>2026-09-22T12:36:33.000Z</time><extensions><gpxtpx:TrackPointExtension xmlns:gpxtpx="http://www.garmin.com/xmlschemas/TrackPointExtension/v1"><gpxtpx:atemp>16</gpxtpx:atemp></gpxtpx:TrackPointExtension></extensions></trkpt><trkpt lat="42.552236" lon="22.966122"><ele>724</ele><time>2026-09-22T12:36:35.000Z</time><extensions><gpxtpx:TrackPointExtension xmlns:gpxtpx="http://www.garmin.com/xmlschemas/TrackPointExtension/v1"><gpxtpx:atemp>16</gpxtpx:atemp></gpxtpx:TrackPointExtension></extensions></trkpt><trkpt lat="42.552269" lon="22.966106"><ele>724</ele><time>2026-09-22T12:36:36.000Z</time><extensions><gpxtpx:TrackPointExtension xmlns:gpxtpx="http://www.garmin.com/xmlschemas/TrackPointExtension/v1"><gpxtpx:atemp>16</gpxtpx:atemp></gpxtpx:TrackPointExtension></extensions></trkpt><trkpt lat="42.552465" lon="22.966097"><ele>723.8</ele><time>2026-09-22T12:36:42.000Z</time><extensions><gpxtpx:TrackPointExtension xmlns:gpxtpx="http://www.garmin.com/xmlschemas/TrackPointExtension/v1"><gpxtpx:atemp>16</gpxtpx:atemp></gpxtpx:TrackPointExtension></extensions></trkpt><trkpt lat="42.552549" lon="22.966053"><ele>724.2</ele><time>2026-09-22T12:36:45.000Z</time><extensions><gpxtpx:TrackPointExtension xmlns:gpxtpx="http://www.garmin.com/xmlschemas/TrackPointExtension/v1"><gpxtpx:atemp>16</gpxtpx:atemp></gpxtpx:TrackPointExtension></extensions></trkpt><trkpt lat="42.552662" lon="22.966059"><ele>724.6</ele><time>2026-09-22T12:36:49.000Z</time><extensions><gpxtpx:TrackPointExtension xmlns:gpxtpx="http://www.garmin.com/xmlschemas/TrackPointExtension/v1"><gpxtpx:atemp>16</gpxtpx:atemp></gpxtpx:TrackPointExtension></extensions></trkpt><trkpt lat="42.552765" lon="22.96603"><ele>725</ele><time>2026-09-22T12:36:53.000Z</time><extensions><gpxtpx:TrackPointExtension xmlns:gpxtpx="http://www.garmin.com/xmlschemas/TrackPointExtension/v1"><gpxtpx:atemp>16</gpxtpx:atemp></gpxtpx:TrackPointExtension></extensions></trkpt><trkpt lat="42.55285" lon="22.966036"><ele>725.4</ele><time>2026-09-22T12:36:56.000Z</time><extensions><gpxtpx:TrackPointExtension xmlns:gpxtpx="http://www.garmin.com/xmlschemas/TrackPointExtension/v1"><gpxtpx:atemp>16</gpxtpx:atemp></gpxtpx:TrackPointExtension></extensions></trkpt><trkpt lat="42.552928" lon="22.96602"><ele>725.4</ele><time>2026-09-22T12:36:59.000Z</time><extensions><gpxtpx:TrackPointExtension xmlns:gpxtpx="http://www.garmin.com/xmlschemas/TrackPointExtension/v1"><gpxtpx:atemp>16</gpxtpx:atemp></gpxtpx:TrackPointExtension></extensions></trkpt><trkpt lat="42.553303" lon="22.965884"><ele>727</ele><time>2026-09-22T12:37:13.000Z</time><extensions><gpxtpx:TrackPointExtension xmlns:gpxtpx="http://www.garmin.com/xmlschemas/TrackPointExtension/v1"><gpxtpx:atemp>16</gpxtpx:atemp></gpxtpx:TrackPointExtension></extensions></trkpt><trkpt lat="42.553513" lon="22.965829"><ele>727.2</ele><time>2026-09-22T12:37:20.000Z</time><extensions><gpxtpx:TrackPointExtension xmlns:gpxtpx="http://www.garmin.com/xmlschemas/TrackPointExtension/v1"><gpxtpx:atemp>16</gpxtpx:atemp></gpxtpx:TrackPointExtension></extensions></trkpt><trkpt lat="42.553718" lon="22.965675"><ele>727.2</ele><time>2026-09-22T12:37:28.000Z</time><extensions><gpxtpx:TrackPointExtension xmlns:gpxtpx="http://www.garmin.com/xmlschemas/TrackPointExtension/v1"><gpxtpx:atemp>16</gpxtpx:atemp></gpxtpx:TrackPointExtension></extensions></trkpt><trkpt lat="42.553834" lon="22.965682"><ele>728.2</ele><time>2026-09-22T12:37:35.000Z</time><extensions><gpxtpx:TrackPointExtension xmlns:gpxtpx="http://www.garmin.com/xmlschemas/TrackPointExtension/v1"><gpxtpx:atemp>16</gpxtpx:atemp></gpxtpx:TrackPointExtension></extensions></trkpt><trkpt lat="42.55394" lon="22.965645"><ele>728.4</ele><time>2026-09-22T12:37:40.000Z</time><extensions><gpxtpx:TrackPointExtension xmlns:gpxtpx="http://www.garmin.com/xmlschemas/TrackPointExtension/v1"><gpxtpx:atemp>16</gpxtpx:atemp></gpxtpx:TrackPointExtension></extensions></trkpt><trkpt lat="42.553998" lon="22.965648"><ele>728.6</ele><time>2026-09-22T12:37:43.000Z</time><extensions><gpxtpx:TrackPointExtension xmlns:gpxtpx="http://www.garmin.com/xmlschemas/TrackPointExtension/v1"><gpxtpx:atemp>16</gpxtpx:atemp></gpxtpx:TrackPointExtension></extensions></trkpt><trkpt lat="42.55433" lon="22.965599"><ele>729.4</ele><time>2026-09-22T12:37:56.000Z</time><extensions><gpxtpx:TrackPointExtension xmlns:gpxtpx="http://www.garmin.com/xmlschemas/TrackPointExtension/v1"><gpxtpx:atemp>16</gpxtpx:atemp></gpxtpx:TrackPointExtension></extensions></trkpt><trkpt lat="42.554507" lon="22.965617"><ele>730.6</ele><time>2026-09-22T12:38:04.000Z</time><extensions><gpxtpx:TrackPointExtension xmlns:gpxtpx="http://www.garmin.com/xmlschemas/TrackPointExtension/v1"><gpxtpx:atemp>16</gpxtpx:atemp></gpxtpx:TrackPointExtension></extensions></trkpt><trkpt lat="42.554577" lon="22.965577"><ele>730.8</ele><time>2026-09-22T12:38:08.000Z</time><extensions><gpxtpx:TrackPointExtension xmlns:gpxtpx="http://www.garmin.com/xmlschemas/TrackPointExtension/v1"><gpxtpx:atemp>16</gpxtpx:atemp></gpxtpx:TrackPointExtension></extensions></trkpt><trkpt lat="42.554699" lon="22.965476"><ele>730.8</ele><time>2026-09-22T12:38:14.000Z</time><extensions><gpxtpx:TrackPointExtension xmlns:gpxtpx="http://www.garmin.com/xmlschemas/TrackPointExtension/v1"><gpxtpx:atemp>16</gpxtpx:atemp></gpxtpx:TrackPointExtension></extensions></trkpt><trkpt lat="42.554824" lon="22.96545"><ele>730.8</ele><time>2026-09-22T12:38:19.000Z</time><extensions><gpxtpx:TrackPointExtension xmlns:gpxtpx="http://www.garmin.com/xmlschemas/TrackPointExtension/v1"><gpxtpx:atemp>16</gpxtpx:atemp></gpxtpx:TrackPointExtension></extensions></trkpt><trkpt lat="42.554875" lon="22.965424"><ele>731</ele><time>2026-09-22T12:38:21.000Z</time><extensions><gpxtpx:TrackPointExtension xmlns:gpxtpx="http://www.garmin.com/xmlschemas/TrackPointExtension/v1"><gpxtpx:atemp>16</gpxtpx:atemp></gpxtpx:TrackPointExtension></extensions></trkpt><trkpt lat="42.555904" lon="22.965241"><ele>734.4</ele><time>2026-09-22T12:38:58.000Z</time><extensions><gpxtpx:TrackPointExtension xmlns:gpxtpx="http://www.garmin.com/xmlschemas/TrackPointExtension/v1"><gpxtpx:atemp>16</gpxtpx:atemp></gpxtpx:TrackPointExtension></extensions></trkpt><trkpt lat="42.556509" lon="22.965151"><ele>736.4</ele><time>2026-09-22T12:39:18.000Z</time><extensions><gpxtpx:TrackPointExtension xmlns:gpxtpx="http://www.garmin.com/xmlschemas/TrackPointExtension/v1"><gpxtpx:atemp>16</gpxtpx:atemp></gpxtpx:TrackPointExtension></extensions></trkpt><trkpt lat="42.55669" lon="22.965109"><ele>737</ele><time>2026-09-22T12:39:25.000Z</time><extensions><gpxtpx:TrackPointExtension xmlns:gpxtpx="http://www.garmin.com/xmlschemas/TrackPointExtension/v1"><gpxtpx:atemp>16</gpxtpx:atemp></gpxtpx:TrackPointExtension></extensions></trkpt><trkpt lat="42.557727" lon="22.964951"><ele>740.6</ele><time>2026-09-22T12:40:00.000Z</time><extensions><gpxtpx:TrackPointExtension xmlns:gpxtpx="http://www.garmin.com/xmlschemas/TrackPointExtension/v1"><gpxtpx:atemp>16</gpxtpx:atemp></gpxtpx:TrackPointExtension></extensions></trkpt><trkpt lat="42.558619" lon="22.964752"><ele>744.2</ele><time>2026-09-22T12:40:31.000Z</time><extensions><gpxtpx:TrackPointExtension xmlns:gpxtpx="http://www.garmin.com/xmlschemas/TrackPointExtension/v1"><gpxtpx:atemp>16</gpxtpx:atemp></gpxtpx:TrackPointExtension></extensions></trkpt><trkpt lat="42.561999" lon="22.963888"><ele>749.8</ele><time>2026-09-22T12:42:17.000Z</time><extensions><gpxtpx:TrackPointExtension xmlns:gpxtpx="http://www.garmin.com/xmlschemas/TrackPointExtension/v1"><gpxtpx:atemp>16</gpxtpx:atemp></gpxtpx:TrackPointExtension></extensions></trkpt><trkpt lat="42.562218" lon="22.963822"><ele>749.2</ele><time>2026-09-22T12:42:22.000Z</time><extensions><gpxtpx:TrackPointExtension xmlns:gpxtpx="http://www.garmin.com/xmlschemas/TrackPointExtension/v1"><gpxtpx:atemp>16</gpxtpx:atemp></gpxtpx:TrackPointExtension></extensions></trkpt><trkpt lat="42.563555" lon="22.96349"><ele>745.4</ele><time>2026-09-22T12:42:48.000Z</time><extensions><gpxtpx:TrackPointExtension xmlns:gpxtpx="http://www.garmin.com/xmlschemas/TrackPointExtension/v1"><gpxtpx:atemp>15</gpxtpx:atemp></gpxtpx:TrackPointExtension></extensions></trkpt><trkpt lat="42.563937" lon="22.963384"><ele>744.4</ele><time>2026-09-22T12:42:55.000Z</time><extensions><gpxtpx:TrackPointExtension xmlns:gpxtpx="http://www.garmin.com/xmlschemas/TrackPointExtension/v1"><gpxtpx:atemp>15</gpxtpx:atemp></gpxtpx:TrackPointExtension></extensions></trkpt><trkpt lat="42.564308" lon="22.963254"><ele>743.4</ele><time>2026-09-22T12:43:03.000Z</time><extensions><gpxtpx:TrackPointExtension xmlns:gpxtpx="http://www.garmin.com/xmlschemas/TrackPointExtension/v1"><gpxtpx:atemp>15</gpxtpx:atemp></gpxtpx:TrackPointExtension></extensions></trkpt><trkpt lat="42.564579" lon="22.963135"><ele>743</ele><time>2026-09-22T12:43:09.000Z</time><extensions><gpxtpx:TrackPointExtension xmlns:gpxtpx="http://www.garmin.com/xmlschemas/TrackPointExtension/v1"><gpxtpx:atemp>15</gpxtpx:atemp></gpxtpx:TrackPointExtension></extensions></trkpt><trkpt lat="42.564844" lon="22.962989"><ele>742.6</ele><time>2026-09-22T12:43:15.000Z</time><extensions><gpxtpx:TrackPointExtension xmlns:gpxtpx="http://www.garmin.com/xmlschemas/TrackPointExtension/v1"><gpxtpx:atemp>15</gpxtpx:atemp></gpxtpx:TrackPointExtension></extensions></trkpt><trkpt lat="42.565325" lon="22.962669"><ele>741.4</ele><time>2026-09-22T12:43:26.000Z</time><extensions><gpxtpx:TrackPointExtension xmlns:gpxtpx="http://www.garmin.com/xmlschemas/TrackPointExtension/v1"><gpxtpx:atemp>15</gpxtpx:atemp></gpxtpx:TrackPointExtension></extensions></trkpt><trkpt lat="42.567898" lon="22.960676"><ele>736</ele><time>2026-09-22T12:44:26.000Z</time><extensions><gpxtpx:TrackPointExtension xmlns:gpxtpx="http://www.garmin.com/xmlschemas/TrackPointExtension/v1"><gpxtpx:atemp>15</gpxtpx:atemp></gpxtpx:TrackPointExtension></extensions></trkpt><trkpt lat="42.568935" lon="22.959895"><ele>735.2</ele><time>2026-09-22T12:44:52.000Z</time><extensions><gpxtpx:TrackPointExtension xmlns:gpxtpx="http://www.garmin.com/xmlschemas/TrackPointExtension/v1"><gpxtpx:atemp>15</gpxtpx:atemp></gpxtpx:TrackPointExtension></extensions></trkpt><trkpt lat="42.569495" lon="22.959496"><ele>735.4</ele><time>2026-09-22T12:45:07.000Z</time><extensions><gpxtpx:TrackPointExtension xmlns:gpxtpx="http://www.garmin.com/xmlschemas/TrackPointExtension/v1"><gpxtpx:atemp>15</gpxtpx:atemp></gpxtpx:TrackPointExtension></extensions></trkpt><trkpt lat="42.570331" lon="22.958946"><ele>736</ele><time>2026-09-22T12:45:31.000Z</time><extensions><gpxtpx:TrackPointExtension xmlns:gpxtpx="http://www.garmin.com/xmlschemas/TrackPointExtension/v1"><gpxtpx:atemp>15</gpxtpx:atemp></gpxtpx:TrackPointExtension></extensions></trkpt><trkpt lat="42.572413" lon="22.957678"><ele>738.2</ele><time>2026-09-22T12:46:33.000Z</time><extensions><gpxtpx:TrackPointExtension xmlns:gpxtpx="http://www.garmin.com/xmlschemas/TrackPointExtension/v1"><gpxtpx:atemp>15</gpxtpx:atemp></gpxtpx:TrackPointExtension></extensions></trkpt><trkpt lat="42.573489" lon="22.957113"><ele>739.2</ele><time>2026-09-22T12:47:06.000Z</time><extensions><gpxtpx:TrackPointExtension xmlns:gpxtpx="http://www.garmin.com/xmlschemas/TrackPointExtension/v1"><gpxtpx:atemp>15</gpxtpx:atemp></gpxtpx:TrackPointExtension></extensions></trkpt><trkpt lat="42.573778" lon="22.956987"><ele>739.4</ele><time>2026-09-22T12:47:14.000Z</time><extensions><gpxtpx:TrackPointExtension xmlns:gpxtpx="http://www.garmin.com/xmlschemas/TrackPointExtension/v1"><gpxtpx:atemp>15</gpxtpx:atemp></gpxtpx:TrackPointExtension></extensions></trkpt><trkpt lat="42.574088" lon="22.956822"><ele>739.8</ele><time>2026-09-22T12:47:23.000Z</time><extensions><gpxtpx:TrackPointExtension xmlns:gpxtpx="http://www.garmin.com/xmlschemas/TrackPointExtension/v1"><gpxtpx:atemp>15</gpxtpx:atemp></gpxtpx:TrackPointExtension></extensions></trkpt><trkpt lat="42.575166" lon="22.956319"><ele>743.4</ele><time>2026-09-22T12:48:00.000Z</time><extensions><gpxtpx:TrackPointExtension xmlns:gpxtpx="http://www.garmin.com/xmlschemas/TrackPointExtension/v1"><gpxtpx:atemp>15</gpxtpx:atemp></gpxtpx:TrackPointExtension></extensions></trkpt><trkpt lat="42.575454" lon="22.956213"><ele>745</ele><time>2026-09-22T12:48:11.000Z</time><extensions><gpxtpx:TrackPointExtension xmlns:gpxtpx="http://www.garmin.com/xmlschemas/TrackPointExtension/v1"><gpxtpx:atemp>15</gpxtpx:atemp></gpxtpx:TrackPointExtension></extensions></trkpt><trkpt lat="42.575706" lon="22.956157"><ele>746</ele><time>2026-09-22T12:48:21.000Z</time><extensions><gpxtpx:TrackPointExtension xmlns:gpxtpx="http://www.garmin.com/xmlschemas/TrackPointExtension/v1"><gpxtpx:atemp>15</gpxtpx:atemp></gpxtpx:TrackPointExtension></extensions></trkpt><trkpt lat="42.575922" lon="22.956139"><ele>747.4</ele><time>2026-09-22T12:48:29.000Z</time><extensions><gpxtpx:TrackPointExtension xmlns:gpxtpx="http://www.garmin.com/xmlschemas/TrackPointExtension/v1"><gpxtpx:atemp>15</gpxtpx:atemp></gpxtpx:TrackPointExtension></extensions></trkpt><trkpt lat="42.576088" lon="22.956152"><ele>748.2</ele><time>2026-09-22T12:48:35.000Z</time><extensions><gpxtpx:TrackPointExtension xmlns:gpxtpx="http://www.garmin.com/xmlschemas/TrackPointExtension/v1"><gpxtpx:atemp>15</gpxtpx:atemp></gpxtpx:TrackPointExtension></extensions></trkpt><trkpt lat="42.576438" lon="22.956214"><ele>749.8</ele><time>2026-09-22T12:48:47.000Z</time><extensions><gpxtpx:TrackPointExtension xmlns:gpxtpx="http://www.garmin.com/xmlschemas/TrackPointExtension/v1"><gpxtpx:atemp>15</gpxtpx:atemp></gpxtpx:TrackPointExtension></extensions></trkpt><trkpt lat="42.576611" lon="22.956267"><ele>750.8</ele><time>2026-09-22T12:48:53.000Z</time><extensions><gpxtpx:TrackPointExtension xmlns:gpxtpx="http://www.garmin.com/xmlschemas/TrackPointExtension/v1"><gpxtpx:atemp>15</gpxtpx:atemp></gpxtpx:TrackPointExtension></extensions></trkpt><trkpt lat="42.576738" lon="22.956321"><ele>751.2</ele><time>2026-09-22T12:48:57.000Z</time><extensions><gpxtpx:TrackPointExtension xmlns:gpxtpx="http://www.garmin.com/xmlschemas/TrackPointExtension/v1"><gpxtpx:atemp>15</gpxtpx:atemp></gpxtpx:TrackPointExtension></extensions></trkpt><trkpt lat="42.577005" lon="22.95647"><ele>752</ele><time>2026-09-22T12:49:06.000Z</time><extensions><gpxtpx:TrackPointExtension xmlns:gpxtpx="http://www.garmin.com/xmlschemas/TrackPointExtension/v1"><gpxtpx:atemp>15</gpxtpx:atemp></gpxtpx:TrackPointExtension></extensions></trkpt><trkpt lat="42.577348" lon="22.956751"><ele>753.8</ele><time>2026-09-22T12:49:18.000Z</time><extensions><gpxtpx:TrackPointExtension xmlns:gpxtpx="http://www.garmin.com/xmlschemas/TrackPointExtension/v1"><gpxtpx:atemp>15</gpxtpx:atemp></gpxtpx:TrackPointExtension></extensions></trkpt><trkpt lat="42.577561" lon="22.956985"><ele>753.8</ele><time>2026-09-22T12:49:26.000Z</time><extensions><gpxtpx:TrackPointExtension xmlns:gpxtpx="http://www.garmin.com/xmlschemas/TrackPointExtension/v1"><gpxtpx:atemp>15</gpxtpx:atemp></gpxtpx:TrackPointExtension></extensions></trkpt><trkpt lat="42.577736" lon="22.957227"><ele>754</ele><time>2026-09-22T12:49:33.000Z</time><extensions><gpxtpx:TrackPointExtension xmlns:gpxtpx="http://www.garmin.com/xmlschemas/TrackPointExtension/v1"><gpxtpx:atemp>15</gpxtpx:atemp></gpxtpx:TrackPointExtension></extensions></trkpt><trkpt lat="42.577898" lon="22.957495"><ele>754</ele><time>2026-09-22T12:49:40.000Z</time><extensions><gpxtpx:TrackPointExtension xmlns:gpxtpx="http://www.garmin.com/xmlschemas/TrackPointExtension/v1"><gpxtpx:atemp>15</gpxtpx:atemp></gpxtpx:TrackPointExtension></extensions></trkpt><trkpt lat="42.578138" lon="22.957974"><ele>754.4</ele><time>2026-09-22T12:49:51.000Z</time><extensions><gpxtpx:TrackPointExtension xmlns:gpxtpx="http://www.garmin.com/xmlschemas/TrackPointExtension/v1"><gpxtpx:atemp>15</gpxtpx:atemp></gpxtpx:TrackPointExtension></extensions></trkpt><trkpt lat="42.578528" lon="22.95883"><ele>754</ele><time>2026-09-22T12:50:08.000Z</time><extensions><gpxtpx:TrackPointExtension xmlns:gpxtpx="http://www.garmin.com/xmlschemas/TrackPointExtension/v1"><gpxtpx:atemp>15</gpxtpx:atemp></gpxtpx:TrackPointExtension></extensions></trkpt><trkpt lat="42.578763" lon="22.959253"><ele>754</ele><time>2026-09-22T12:50:17.000Z</time><extensions><gpxtpx:TrackPointExtension xmlns:gpxtpx="http://www.garmin.com/xmlschemas/TrackPointExtension/v1"><gpxtpx:atemp>15</gpxtpx:atemp></gpxtpx:TrackPointExtension></extensions></trkpt><trkpt lat="42.578978" lon="22.959532"><ele>753.6</ele><time>2026-09-22T12:50:25.000Z</time><extensions><gpxtpx:TrackPointExtension xmlns:gpxtpx="http://www.garmin.com/xmlschemas/TrackPointExtension/v1"><gpxtpx:atemp>15</gpxtpx:atemp></gpxtpx:TrackPointExtension></extensions></trkpt><trkpt lat="42.579111" lon="22.959678"><ele>753.2</ele><time>2026-09-22T12:50:29.000Z</time><extensions><gpxtpx:TrackPointExtension xmlns:gpxtpx="http://www.garmin.com/xmlschemas/TrackPointExtension/v1"><gpxtpx:atemp>15</gpxtpx:atemp></gpxtpx:TrackPointExtension></extensions></trkpt><trkpt lat="42.579308" lon="22.959864"><ele>752.8</ele><time>2026-09-22T12:50:34.000Z</time><extensions><gpxtpx:TrackPointExtension xmlns:gpxtpx="http://www.garmin.com/xmlschemas/TrackPointExtension/v1"><gpxtpx:atemp>15</gpxtpx:atemp></gpxtpx:TrackPointExtension></extensions></trkpt><trkpt lat="42.57952" lon="22.960022"><ele>752.4</ele><time>2026-09-22T12:50:39.000Z</time><extensions><gpxtpx:TrackPointExtension xmlns:gpxtpx="http://www.garmin.com/xmlschemas/TrackPointExtension/v1"><gpxtpx:atemp>15</gpxtpx:atemp></gpxtpx:TrackPointExtension></extensions></trkpt><trkpt lat="42.579737" lon="22.960148"><ele>752</ele><time>2026-09-22T12:50:44.000Z</time><extensions><gpxtpx:TrackPointExtension xmlns:gpxtpx="http://www.garmin.com/xmlschemas/TrackPointExtension/v1"><gpxtpx:atemp>15</gpxtpx:atemp></gpxtpx:TrackPointExtension></extensions></trkpt><trkpt lat="42.580045" lon="22.96027"><ele>751.8</ele><time>2026-09-22T12:50:51.000Z</time><extensions><gpxtpx:TrackPointExtension xmlns:gpxtpx="http://www.garmin.com/xmlschemas/TrackPointExtension/v1"><gpxtpx:atemp>15</gpxtpx:atemp></gpxtpx:TrackPointExtension></extensions></trkpt><trkpt lat="42.580357" lon="22.960321"><ele>751.4</ele><time>2026-09-22T12:50:58.000Z</time><extensions><gpxtpx:TrackPointExtension xmlns:gpxtpx="http://www.garmin.com/xmlschemas/TrackPointExtension/v1"><gpxtpx:atemp>15</gpxtpx:atemp></gpxtpx:TrackPointExtension></extensions></trkpt><trkpt lat="42.580496" lon="22.960328"><ele>751.2</ele><time>2026-09-22T12:51:01.000Z</time><extensions><gpxtpx:TrackPointExtension xmlns:gpxtpx="http://www.garmin.com/xmlschemas/TrackPointExtension/v1"><gpxtpx:atemp>15</gpxtpx:atemp></gpxtpx:TrackPointExtension></extensions></trkpt><trkpt lat="42.580731" lon="22.960315"><ele>750.8</ele><time>2026-09-22T12:51:06.000Z</time><extensions><gpxtpx:TrackPointExtension xmlns:gpxtpx="http://www.garmin.com/xmlschemas/TrackPointExtension/v1"><gpxtpx:atemp>15</gpxtpx:atemp></gpxtpx:TrackPointExtension></extensions></trkpt><trkpt lat="42.581052" lon="22.96024"><ele>750</ele><time>2026-09-22T12:51:13.000Z</time><extensions><gpxtpx:TrackPointExtension xmlns:gpxtpx="http://www.garmin.com/xmlschemas/TrackPointExtension/v1"><gpxtpx:atemp>15</gpxtpx:atemp></gpxtpx:TrackPointExtension></extensions></trkpt><trkpt lat="42.581269" lon="22.960147"><ele>749.8</ele><time>2026-09-22T12:51:18.000Z</time><extensions><gpxtpx:TrackPointExtension xmlns:gpxtpx="http://www.garmin.com/xmlschemas/TrackPointExtension/v1"><gpxtpx:atemp>15</gpxtpx:atemp></gpxtpx:TrackPointExtension></extensions></trkpt><trkpt lat="42.582293" lon="22.959592"><ele>747.6</ele><time>2026-09-22T12:51:40.000Z</time><extensions><gpxtpx:TrackPointExtension xmlns:gpxtpx="http://www.garmin.com/xmlschemas/TrackPointExtension/v1"><gpxtpx:atemp>16</gpxtpx:atemp></gpxtpx:TrackPointExtension></extensions></trkpt><trkpt lat="42.582611" lon="22.95948"><ele>747</ele><time>2026-09-22T12:51:46.000Z</time><extensions><gpxtpx:TrackPointExtension xmlns:gpxtpx="http://www.garmin.com/xmlschemas/TrackPointExtension/v1"><gpxtpx:atemp>16</gpxtpx:atemp></gpxtpx:TrackPointExtension></extensions></trkpt><trkpt lat="42.582885" lon="22.95943"><ele>746.4</ele><time>2026-09-22T12:51:51.000Z</time><extensions><gpxtpx:TrackPointExtension xmlns:gpxtpx="http://www.garmin.com/xmlschemas/TrackPointExtension/v1"><gpxtpx:atemp>16</gpxtpx:atemp></gpxtpx:TrackPointExtension></extensions></trkpt><trkpt lat="42.583195" lon="22.959431"><ele>746.2</ele><time>2026-09-22T12:51:57.000Z</time><extensions><gpxtpx:TrackPointExtension xmlns:gpxtpx="http://www.garmin.com/xmlschemas/TrackPointExtension/v1"><gpxtpx:atemp>16</gpxtpx:atemp></gpxtpx:TrackPointExtension></extensions></trkpt><trkpt lat="42.583511" lon="22.959483"><ele>746.6</ele><time>2026-09-22T12:52:03.000Z</time><extensions><gpxtpx:TrackPointExtension xmlns:gpxtpx="http://www.garmin.com/xmlschemas/TrackPointExtension/v1"><gpxtpx:atemp>16</gpxtpx:atemp></gpxtpx:TrackPointExtension></extensions></trkpt><trkpt lat="42.583759" lon="22.95957"><ele>746.2</ele><time>2026-09-22T12:52:08.000Z</time><extensions><gpxtpx:TrackPointExtension xmlns:gpxtpx="http://www.garmin.com/xmlschemas/TrackPointExtension/v1"><gpxtpx:atemp>16</gpxtpx:atemp></gpxtpx:TrackPointExtension></extensions></trkpt><trkpt lat="42.583947" lon="22.959659"><ele>746.2</ele><time>2026-09-22T12:52:12.000Z</time><extensions><gpxtpx:TrackPointExtension xmlns:gpxtpx="http://www.garmin.com/xmlschemas/TrackPointExtension/v1"><gpxtpx:atemp>16</gpxtpx:atemp></gpxtpx:TrackPointExtension></extensions></trkpt><trkpt lat="42.584163" lon="22.959797"><ele>745.8</ele><time>2026-09-22T12:52:17.000Z</time><extensions><gpxtpx:TrackPointExtension xmlns:gpxtpx="http://www.garmin.com/xmlschemas/TrackPointExtension/v1"><gpxtpx:atemp>16</gpxtpx:atemp></gpxtpx:TrackPointExtension></extensions></trkpt><trkpt lat="42.584446" lon="22.960033"><ele>745.4</ele><time>2026-09-22T12:52:24.000Z</time><extensions><gpxtpx:TrackPointExtension xmlns:gpxtpx="http://www.garmin.com/xmlschemas/TrackPointExtension/v1"><gpxtpx:atemp>16</gpxtpx:atemp></gpxtpx:TrackPointExtension></extensions></trkpt><trkpt lat="42.584676" lon="22.960268"><ele>745.2</ele><time>2026-09-22T12:52:30.000Z</time><extensions><gpxtpx:TrackPointExtension xmlns:gpxtpx="http://www.garmin.com/xmlschemas/TrackPointExtension/v1"><gpxtpx:atemp>16</gpxtpx:atemp></gpxtpx:TrackPointExtension></extensions></trkpt><trkpt lat="42.586434" lon="22.962422"><ele>744.2</ele><time>2026-09-22T12:53:18.000Z</time><extensions><gpxtpx:TrackPointExtension xmlns:gpxtpx="http://www.garmin.com/xmlschemas/TrackPointExtension/v1"><gpxtpx:atemp>16</gpxtpx:atemp></gpxtpx:TrackPointExtension></extensions></trkpt><trkpt lat="42.587129" lon="22.963297"><ele>743.6</ele><time>2026-09-22T12:53:41.000Z</time><extensions><gpxtpx:TrackPointExtension xmlns:gpxtpx="http://www.garmin.com/xmlschemas/TrackPointExtension/v1"><gpxtpx:atemp>16</gpxtpx:atemp></gpxtpx:TrackPointExtension></extensions></trkpt><trkpt lat="42.587438" lon="22.963738"><ele>744</ele><time>2026-09-22T12:53:51.000Z</time><extensions><gpxtpx:TrackPointExtension xmlns:gpxtpx="http://www.garmin.com/xmlschemas/TrackPointExtension/v1"><gpxtpx:atemp>16</gpxtpx:atemp></gpxtpx:TrackPointExtension></extensions></trkpt><trkpt lat="42.587671" lon="22.964135"><ele>744.4</ele><time>2026-09-22T12:53:59.000Z</time><extensions><gpxtpx:TrackPointExtension xmlns:gpxtpx="http://www.garmin.com/xmlschemas/TrackPointExtension/v1"><gpxtpx:atemp>16</gpxtpx:atemp></gpxtpx:TrackPointExtension></extensions></trkpt><trkpt lat="42.587922" lon="22.964663"><ele>744.8</ele><time>2026-09-22T12:54:09.000Z</time><extensions><gpxtpx:TrackPointExtension xmlns:gpxtpx="http://www.garmin.com/xmlschemas/TrackPointExtension/v1"><gpxtpx:atemp>17</gpxtpx:atemp></gpxtpx:TrackPointExtension></extensions></trkpt><trkpt lat="42.588105" lon="22.965148"><ele>745.2</ele><time>2026-09-22T12:54:18.000Z</time><extensions><gpxtpx:TrackPointExtension xmlns:gpxtpx="http://www.garmin.com/xmlschemas/TrackPointExtension/v1"><gpxtpx:atemp>17</gpxtpx:atemp></gpxtpx:TrackPointExtension></extensions></trkpt><trkpt lat="42.588368" lon="22.966023"><ele>745.8</ele><time>2026-09-22T12:54:34.000Z</time><extensions><gpxtpx:TrackPointExtension xmlns:gpxtpx="http://www.garmin.com/xmlschemas/TrackPointExtension/v1"><gpxtpx:atemp>17</gpxtpx:atemp></gpxtpx:TrackPointExtension></extensions></trkpt><trkpt lat="42.588524" lon="22.966654"><ele>746.2</ele><time>2026-09-22T12:54:45.000Z</time><extensions><gpxtpx:TrackPointExtension xmlns:gpxtpx="http://www.garmin.com/xmlschemas/TrackPointExtension/v1"><gpxtpx:atemp>17</gpxtpx:atemp></gpxtpx:TrackPointExtension></extensions></trkpt><trkpt lat="42.588725" lon="22.967245"><ele>746.4</ele><time>2026-09-22T12:54:55.000Z</time><extensions><gpxtpx:TrackPointExtension xmlns:gpxtpx="http://www.garmin.com/xmlschemas/TrackPointExtension/v1"><gpxtpx:atemp>16</gpxtpx:atemp></gpxtpx:TrackPointExtension></extensions></trkpt><trkpt lat="42.588769" lon="22.967437"><ele>746.2</ele><time>2026-09-22T12:54:58.000Z</time><extensions><gpxtpx:TrackPointExtension xmlns:gpxtpx="http://www.garmin.com/xmlschemas/TrackPointExtension/v1"><gpxtpx:atemp>17</gpxtpx:atemp></gpxtpx:TrackPointExtension></extensions></trkpt><trkpt lat="42.589208" lon="22.968952"><ele>744</ele><time>2026-09-22T12:55:18.000Z</time><extensions><gpxtpx:TrackPointExtension xmlns:gpxtpx="http://www.garmin.com/xmlschemas/TrackPointExtension/v1"><gpxtpx:atemp>16</gpxtpx:atemp></gpxtpx:TrackPointExtension></extensions></trkpt><trkpt lat="42.589765" lon="22.971115"><ele>737</ele><time>2026-09-22T12:55:38.000Z</time><extensions><gpxtpx:TrackPointExtension xmlns:gpxtpx="http://www.garmin.com/xmlschemas/TrackPointExtension/v1"><gpxtpx:atemp>16</gpxtpx:atemp></gpxtpx:TrackPointExtension></extensions></trkpt><trkpt lat="42.590017" lon="22.971831"><ele>735</ele><time>2026-09-22T12:55:44.000Z</time><extensions><gpxtpx:TrackPointExtension xmlns:gpxtpx="http://www.garmin.com/xmlschemas/TrackPointExtension/v1"><gpxtpx:atemp>16</gpxtpx:atemp></gpxtpx:TrackPointExtension></extensions></trkpt><trkpt lat="42.590607" lon="22.973154"><ele>730.6</ele><time>2026-09-22T12:55:56.000Z</time><extensions><gpxtpx:TrackPointExtension xmlns:gpxtpx="http://www.garmin.com/xmlschemas/TrackPointExtension/v1"><gpxtpx:atemp>16</gpxtpx:atemp></gpxtpx:TrackPointExtension></extensions></trkpt><trkpt lat="42.590768" lon="22.973582"><ele>729.6</ele><time>2026-09-22T12:56:00.000Z</time><extensions><gpxtpx:TrackPointExtension xmlns:gpxtpx="http://www.garmin.com/xmlschemas/TrackPointExtension/v1"><gpxtpx:atemp>16</gpxtpx:atemp></gpxtpx:TrackPointExtension></extensions></trkpt><trkpt lat="42.590934" lon="22.973966"><ele>729</ele><time>2026-09-22T12:56:04.000Z</time><extensions><gpxtpx:TrackPointExtension xmlns:gpxtpx="http://www.garmin.com/xmlschemas/TrackPointExtension/v1"><gpxtpx:atemp>16</gpxtpx:atemp></gpxtpx:TrackPointExtension></extensions></trkpt><trkpt lat="42.591788" lon="22.975782"><ele>726.8</ele><time>2026-09-22T12:56:27.000Z</time><extensions><gpxtpx:TrackPointExtension xmlns:gpxtpx="http://www.garmin.com/xmlschemas/TrackPointExtension/v1"><gpxtpx:atemp>16</gpxtpx:atemp></gpxtpx:TrackPointExtension></extensions></trkpt><trkpt lat="42.592643" lon="22.977724"><ele>723.2</ele><time>2026-09-22T12:56:53.000Z</time><extensions><gpxtpx:TrackPointExtension xmlns:gpxtpx="http://www.garmin.com/xmlschemas/TrackPointExtension/v1"><gpxtpx:atemp>16</gpxtpx:atemp></gpxtpx:TrackPointExtension></extensions></trkpt><trkpt lat="42.592973" lon="22.978437"><ele>720.8</ele><time>2026-09-22T12:57:01.000Z</time><extensions><gpxtpx:TrackPointExtension xmlns:gpxtpx="http://www.garmin.com/xmlschemas/TrackPointExtension/v1"><gpxtpx:atemp>16</gpxtpx:atemp></gpxtpx:TrackPointExtension></extensions></trkpt><trkpt lat="42.593217" lon="22.979021"><ele>718.8</ele><time>2026-09-22T12:57:07.000Z</time><extensions><gpxtpx:TrackPointExtension xmlns:gpxtpx="http://www.garmin.com/xmlschemas/TrackPointExtension/v1"><gpxtpx:atemp>16</gpxtpx:atemp></gpxtpx:TrackPointExtension></extensions></trkpt><trkpt lat="42.593327" lon="22.97933"><ele>717.8</ele><time>2026-09-22T12:57:10.000Z</time><extensions><gpxtpx:TrackPointExtension xmlns:gpxtpx="http://www.garmin.com/xmlschemas/TrackPointExtension/v1"><gpxtpx:atemp>16</gpxtpx:atemp></gpxtpx:TrackPointExtension></extensions></trkpt><trkpt lat="42.593484" lon="22.979888"><ele>716</ele><time>2026-09-22T12:57:15.000Z</time><extensions><gpxtpx:TrackPointExtension xmlns:gpxtpx="http://www.garmin.com/xmlschemas/TrackPointExtension/v1"><gpxtpx:atemp>16</gpxtpx:atemp></gpxtpx:TrackPointExtension></extensions></trkpt><trkpt lat="42.593584" lon="22.980365"><ele>714.4</ele><time>2026-09-22T12:57:19.000Z</time><extensions><gpxtpx:TrackPointExtension xmlns:gpxtpx="http://www.garmin.com/xmlschemas/TrackPointExtension/v1"><gpxtpx:atemp>16</gpxtpx:atemp></gpxtpx:TrackPointExtension></extensions></trkpt><trkpt lat="42.594586" lon="22.985948"><ele>696.2</ele><time>2026-09-22T12:58:02.000Z</time><extensions><gpxtpx:TrackPointExtension xmlns:gpxtpx="http://www.garmin.com/xmlschemas/TrackPointExtension/v1"><gpxtpx:atemp>16</gpxtpx:atemp></gpxtpx:TrackPointExtension></extensions></trkpt><trkpt lat="42.594654" lon="22.986677"><ele>694.6</ele><time>2026-09-22T12:58:12.000Z</time><extensions><gpxtpx:TrackPointExtension xmlns:gpxtpx="http://www.garmin.com/xmlschemas/TrackPointExtension/v1"><gpxtpx:atemp>16</gpxtpx:atemp></gpxtpx:TrackPointExtension></extensions></trkpt><trkpt lat="42.594711" lon="22.986901"><ele>694</ele><time>2026-09-22T12:58:16.000Z</time><extensions><gpxtpx:TrackPointExtension xmlns:gpxtpx="http://www.garmin.com/xmlschemas/TrackPointExtension/v1"><gpxtpx:atemp>16</gpxtpx:atemp></gpxtpx:TrackPointExtension></extensions></trkpt><trkpt lat="42.59476" lon="22.987256"><ele>694</ele><time>2026-09-22T12:58:23.000Z</time><extensions><gpxtpx:TrackPointExtension xmlns:gpxtpx="http://www.garmin.com/xmlschemas/TrackPointExtension/v1"><gpxtpx:atemp>16</gpxtpx:atemp></gpxtpx:TrackPointExtension></extensions></trkpt><trkpt lat="42.594893" lon="22.987966"><ele>694.4</ele><time>2026-09-22T12:58:39.000Z</time><extensions><gpxtpx:TrackPointExtension xmlns:gpxtpx="http://www.garmin.com/xmlschemas/TrackPointExtension/v1"><gpxtpx:atemp>16</gpxtpx:atemp></gpxtpx:TrackPointExtension></extensions></trkpt><trkpt lat="42.595107" lon="22.988893"><ele>695.4</ele><time>2026-09-22T12:59:00.000Z</time><extensions><gpxtpx:TrackPointExtension xmlns:gpxtpx="http://www.garmin.com/xmlschemas/TrackPointExtension/v1"><gpxtpx:atemp>16</gpxtpx:atemp></gpxtpx:TrackPointExtension></extensions></trkpt><trkpt lat="42.595129" lon="22.989099"><ele>695.8</ele><time>2026-09-22T12:59:05.000Z</time><extensions><gpxtpx:TrackPointExtension xmlns:gpxtpx="http://www.garmin.com/xmlschemas/TrackPointExtension/v1"><gpxtpx:atemp>16</gpxtpx:atemp></gpxtpx:TrackPointExtension></extensions></trkpt><trkpt lat="42.595209" lon="22.989475"><ele>697.2</ele><time>2026-09-22T12:59:15.000Z</time><extensions><gpxtpx:TrackPointExtension xmlns:gpxtpx="http://www.garmin.com/xmlschemas/TrackPointExtension/v1"><gpxtpx:atemp>16</gpxtpx:atemp></gpxtpx:TrackPointExtension></extensions></trkpt><trkpt lat="42.59528" lon="22.989902"><ele>698.4</ele><time>2026-09-22T12:59:27.000Z</time><extensions><gpxtpx:TrackPointExtension xmlns:gpxtpx="http://www.garmin.com/xmlschemas/TrackPointExtension/v1"><gpxtpx:atemp>16</gpxtpx:atemp></gpxtpx:TrackPointExtension></extensions></trkpt><trkpt lat="42.595324" lon="22.990058"><ele>699</ele><time>2026-09-22T12:59:32.000Z</time><extensions><gpxtpx:TrackPointExtension xmlns:gpxtpx="http://www.garmin.com/xmlschemas/TrackPointExtension/v1"><gpxtpx:atemp>16</gpxtpx:atemp></gpxtpx:TrackPointExtension></extensions></trkpt><trkpt lat="42.595336" lon="22.990189"><ele>699.2</ele><time>2026-09-22T12:59:36.000Z</time><extensions><gpxtpx:TrackPointExtension xmlns:gpxtpx="http://www.garmin.com/xmlschemas/TrackPointExtension/v1"><gpxtpx:atemp>16</gpxtpx:atemp></gpxtpx:TrackPointExtension></extensions></trkpt><trkpt lat="42.595378" lon="22.990347"><ele>699.4</ele><time>2026-09-22T12:59:41.000Z</time><extensions><gpxtpx:TrackPointExtension xmlns:gpxtpx="http://www.garmin.com/xmlschemas/TrackPointExtension/v1"><gpxtpx:atemp>16</gpxtpx:atemp></gpxtpx:TrackPointExtension></extensions></trkpt><trkpt lat="42.595426" lon="22.990714"><ele>700.6</ele><time>2026-09-22T12:59:52.000Z</time><extensions><gpxtpx:TrackPointExtension xmlns:gpxtpx="http://www.garmin.com/xmlschemas/TrackPointExtension/v1"><gpxtpx:atemp>17</gpxtpx:atemp></gpxtpx:TrackPointExtension></extensions></trkpt><trkpt lat="42.595524" lon="22.991181"><ele>702.4</ele><time>2026-09-22T13:00:07.000Z</time><extensions><gpxtpx:TrackPointExtension xmlns:gpxtpx="http://www.garmin.com/xmlschemas/TrackPointExtension/v1"><gpxtpx:atemp>17</gpxtpx:atemp></gpxtpx:TrackPointExtension></extensions></trkpt><trkpt lat="42.595525" lon="22.991265"><ele>702.8</ele><time>2026-09-22T13:00:10.000Z</time><extensions><gpxtpx:TrackPointExtension xmlns:gpxtpx="http://www.garmin.com/xmlschemas/TrackPointExtension/v1"><gpxtpx:atemp>17</gpxtpx:atemp></gpxtpx:TrackPointExtension></extensions></trkpt><trkpt lat="42.595576" lon="22.991486"><ele>703.4</ele><time>2026-09-22T13:00:18.000Z</time><extensions><gpxtpx:TrackPointExtension xmlns:gpxtpx="http://www.garmin.com/xmlschemas/TrackPointExtension/v1"><gpxtpx:atemp>17</gpxtpx:atemp></gpxtpx:TrackPointExtension></extensions></trkpt><trkpt lat="42.595579" lon="22.991569"><ele>703.6</ele><time>2026-09-22T13:00:21.000Z</time><extensions><gpxtpx:TrackPointExtension xmlns:gpxtpx="http://www.garmin.com/xmlschemas/TrackPointExtension/v1"><gpxtpx:atemp>17</gpxtpx:atemp></gpxtpx:TrackPointExtension></extensions></trkpt><trkpt lat="42.595648" lon="22.991956"><ele>705.4</ele><time>2026-09-22T13:00:36.000Z</time><extensions><gpxtpx:TrackPointExtension xmlns:gpxtpx="http://www.garmin.com/xmlschemas/TrackPointExtension/v1"><gpxtpx:atemp>17</gpxtpx:atemp></gpxtpx:TrackPointExtension></extensions></trkpt><trkpt lat="42.595707" lon="22.992174"><ele>705.8</ele><time>2026-09-22T13:00:44.000Z</time><extensions><gpxtpx:TrackPointExtension xmlns:gpxtpx="http://www.garmin.com/xmlschemas/TrackPointExtension/v1"><gpxtpx:atemp>17</gpxtpx:atemp></gpxtpx:TrackPointExtension></extensions></trkpt><trkpt lat="42.595712" lon="22.992277"><ele>706.2</ele><time>2026-09-22T13:00:48.000Z</time><extensions><gpxtpx:TrackPointExtension xmlns:gpxtpx="http://www.garmin.com/xmlschemas/TrackPointExtension/v1"><gpxtpx:atemp>17</gpxtpx:atemp></gpxtpx:TrackPointExtension></extensions></trkpt><trkpt lat="42.595764" lon="22.992376"><ele>707</ele><time>2026-09-22T13:00:54.000Z</time><extensions><gpxtpx:TrackPointExtension xmlns:gpxtpx="http://www.garmin.com/xmlschemas/TrackPointExtension/v1"><gpxtpx:atemp>17</gpxtpx:atemp></gpxtpx:TrackPointExtension></extensions></trkpt><trkpt lat="42.595825" lon="22.992804"><ele>707.8</ele><time>2026-09-22T13:01:06.000Z</time><extensions><gpxtpx:TrackPointExtension xmlns:gpxtpx="http://www.garmin.com/xmlschemas/TrackPointExtension/v1"><gpxtpx:atemp>17</gpxtpx:atemp></gpxtpx:TrackPointExtension></extensions></trkpt><trkpt lat="42.595848" lon="22.993073"><ele>708.4</ele><time>2026-09-22T13:01:12.000Z</time><extensions><gpxtpx:TrackPointExtension xmlns:gpxtpx="http://www.garmin.com/xmlschemas/TrackPointExtension/v1"><gpxtpx:atemp>17</gpxtpx:atemp></gpxtpx:TrackPointExtension></extensions></trkpt><trkpt lat="42.595845" lon="22.993577"><ele>709.6</ele><time>2026-09-22T13:01:23.000Z</time><extensions><gpxtpx:TrackPointExtension xmlns:gpxtpx="http://www.garmin.com/xmlschemas/TrackPointExtension/v1"><gpxtpx:atemp>17</gpxtpx:atemp></gpxtpx:TrackPointExtension></extensions></trkpt><trkpt lat="42.595824" lon="22.993866"><ele>710</ele><time>2026-09-22T13:01:29.000Z</time><extensions><gpxtpx:TrackPointExtension xmlns:gpxtpx="http://www.garmin.com/xmlschemas/TrackPointExtension/v1"><gpxtpx:atemp>17</gpxtpx:atemp></gpxtpx:TrackPointExtension></extensions></trkpt><trkpt lat="42.595766" lon="22.994134"><ele>710.4</ele><time>2026-09-22T13:01:35.000Z</time><extensions><gpxtpx:TrackPointExtension xmlns:gpxtpx="http://www.garmin.com/xmlschemas/TrackPointExtension/v1"><gpxtpx:atemp>17</gpxtpx:atemp></gpxtpx:TrackPointExtension></extensions></trkpt><trkpt lat="42.595625" lon="22.994561"><ele>710.6</ele><time>2026-09-22T13:01:44.000Z</time><extensions><gpxtpx:TrackPointExtension xmlns:gpxtpx="http://www.garmin.com/xmlschemas/TrackPointExtension/v1"><gpxtpx:atemp>17</gpxtpx:atemp></gpxtpx:TrackPointExtension></extensions></trkpt><trkpt lat="42.595475" lon="22.994874"><ele>710.2</ele><time>2026-09-22T13:01:51.000Z</time><extensions><gpxtpx:TrackPointExtension xmlns:gpxtpx="http://www.garmin.com/xmlschemas/TrackPointExtension/v1"><gpxtpx:atemp>17</gpxtpx:atemp></gpxtpx:TrackPointExtension></extensions></trkpt><trkpt lat="42.59537" lon="22.995017"><ele>709.8</ele><time>2026-09-22T13:01:55.000Z</time><extensions><gpxtpx:TrackPointExtension xmlns:gpxtpx="http://www.garmin.com/xmlschemas/TrackPointExtension/v1"><gpxtpx:atemp>17</gpxtpx:atemp></gpxtpx:TrackPointExtension></extensions></trkpt><trkpt lat="42.595302" lon="22.995175"><ele>709.2</ele><time>2026-09-22T13:01:59.000Z</time><extensions><gpxtpx:TrackPointExtension xmlns:gpxtpx="http://www.garmin.com/xmlschemas/TrackPointExtension/v1"><gpxtpx:atemp>17</gpxtpx:atemp></gpxtpx:TrackPointExtension></extensions></trkpt><trkpt lat="42.595135" lon="22.995431"><ele>708.6</ele><time>2026-09-22T13:02:05.000Z</time><extensions><gpxtpx:TrackPointExtension xmlns:gpxtpx="http://www.garmin.com/xmlschemas/TrackPointExtension/v1"><gpxtpx:atemp>17</gpxtpx:atemp></gpxtpx:TrackPointExtension></extensions></trkpt><trkpt lat="42.594223" lon="22.996508"><ele>705.4</ele><time>2026-09-22T13:02:23.000Z</time><extensions><gpxtpx:TrackPointExtension xmlns:gpxtpx="http://www.garmin.com/xmlschemas/TrackPointExtension/v1"><gpxtpx:atemp>17</gpxtpx:atemp></gpxtpx:TrackPointExtension></extensions></trkpt><trkpt lat="42.594038" lon="22.99675"><ele>704.4</ele><time>2026-09-22T13:02:26.000Z</time><extensions><gpxtpx:TrackPointExtension xmlns:gpxtpx="http://www.garmin.com/xmlschemas/TrackPointExtension/v1"><gpxtpx:atemp>17</gpxtpx:atemp></gpxtpx:TrackPointExtension></extensions></trkpt><trkpt lat="42.59386" lon="22.99702"><ele>703.6</ele><time>2026-09-22T13:02:29.000Z</time><extensions><gpxtpx:TrackPointExtension xmlns:gpxtpx="http://www.garmin.com/xmlschemas/TrackPointExtension/v1"><gpxtpx:atemp>17</gpxtpx:atemp></gpxtpx:TrackPointExtension></extensions></trkpt><trkpt lat="42.593703" lon="22.997322"><ele>702.6</ele><time>2026-09-22T13:02:32.000Z</time><extensions><gpxtpx:TrackPointExtension xmlns:gpxtpx="http://www.garmin.com/xmlschemas/TrackPointExtension/v1"><gpxtpx:atemp>17</gpxtpx:atemp></gpxtpx:TrackPointExtension></extensions></trkpt><trkpt lat="42.593536" lon="22.997758"><ele>701.2</ele><time>2026-09-22T13:02:36.000Z</time><extensions><gpxtpx:TrackPointExtension xmlns:gpxtpx="http://www.garmin.com/xmlschemas/TrackPointExtension/v1"><gpxtpx:atemp>17</gpxtpx:atemp></gpxtpx:TrackPointExtension></extensions></trkpt><trkpt lat="42.593087" lon="22.999195"><ele>697</ele><time>2026-09-22T13:02:48.000Z</time><extensions><gpxtpx:TrackPointExtension xmlns:gpxtpx="http://www.garmin.com/xmlschemas/TrackPointExtension/v1"><gpxtpx:atemp>17</gpxtpx:atemp></gpxtpx:TrackPointExtension></extensions></trkpt><trkpt lat="42.592779" lon="23.000297"><ele>695.4</ele><time>2026-09-22T13:02:58.000Z</time><extensions><gpxtpx:TrackPointExtension xmlns:gpxtpx="http://www.garmin.com/xmlschemas/TrackPointExtension/v1"><gpxtpx:atemp>17</gpxtpx:atemp></gpxtpx:TrackPointExtension></extensions></trkpt><trkpt lat="42.592692" lon="23.000703"><ele>695.4</ele><time>2026-09-22T13:03:02.000Z</time><extensions><gpxtpx:TrackPointExtension xmlns:gpxtpx="http://www.garmin.com/xmlschemas/TrackPointExtension/v1"><gpxtpx:atemp>17</gpxtpx:atemp></gpxtpx:TrackPointExtension></extensions></trkpt><trkpt lat="42.592629" lon="23.001211"><ele>695.2</ele><time>2026-09-22T13:03:07.000Z</time><extensions><gpxtpx:TrackPointExtension xmlns:gpxtpx="http://www.garmin.com/xmlschemas/TrackPointExtension/v1"><gpxtpx:atemp>17</gpxtpx:atemp></gpxtpx:TrackPointExtension></extensions></trkpt><trkpt lat="42.592587" lon="23.001977"><ele>694.4</ele><time>2026-09-22T13:03:15.000Z</time><extensions><gpxtpx:TrackPointExtension xmlns:gpxtpx="http://www.garmin.com/xmlschemas/TrackPointExtension/v1"><gpxtpx:atemp>17</gpxtpx:atemp></gpxtpx:TrackPointExtension></extensions></trkpt><trkpt lat="42.592519" lon="23.006864"><ele>686.8</ele><time>2026-09-22T13:04:04.000Z</time><extensions><gpxtpx:TrackPointExtension xmlns:gpxtpx="http://www.garmin.com/xmlschemas/TrackPointExtension/v1"><gpxtpx:atemp>17</gpxtpx:atemp></gpxtpx:TrackPointExtension></extensions></trkpt><trkpt lat="42.592429" lon="23.008008"><ele>686.8</ele><time>2026-09-22T13:04:20.000Z</time><extensions><gpxtpx:TrackPointExtension xmlns:gpxtpx="http://www.garmin.com/xmlschemas/TrackPointExtension/v1"><gpxtpx:atemp>17</gpxtpx:atemp></gpxtpx:TrackPointExtension></extensions></trkpt><trkpt lat="42.592196" lon="23.009738"><ele>689.8</ele><time>2026-09-22T13:04:46.000Z</time><extensions><gpxtpx:TrackPointExtension xmlns:gpxtpx="http://www.garmin.com/xmlschemas/TrackPointExtension/v1"><gpxtpx:atemp>16</gpxtpx:atemp></gpxtpx:TrackPointExtension></extensions></trkpt><trkpt lat="42.59213" lon="23.010539"><ele>691.4</ele><time>2026-09-22T13:04:58.000Z</time><extensions><gpxtpx:TrackPointExtension xmlns:gpxtpx="http://www.garmin.com/xmlschemas/TrackPointExtension/v1"><gpxtpx:atemp>16</gpxtpx:atemp></gpxtpx:TrackPointExtension></extensions></trkpt><trkpt lat="42.5921" lon="23.012835"><ele>695</ele><time>2026-09-22T13:05:32.000Z</time><extensions><gpxtpx:TrackPointExtension xmlns:gpxtpx="http://www.garmin.com/xmlschemas/TrackPointExtension/v1"><gpxtpx:atemp>16</gpxtpx:atemp></gpxtpx:TrackPointExtension></extensions></trkpt><trkpt lat="42.592139" lon="23.014244"><ele>696</ele><time>2026-09-22T13:05:52.000Z</time><extensions><gpxtpx:TrackPointExtension xmlns:gpxtpx="http://www.garmin.com/xmlschemas/TrackPointExtension/v1"><gpxtpx:atemp>16</gpxtpx:atemp></gpxtpx:TrackPointExtension></extensions></trkpt><trkpt lat="42.592122" lon="23.014696"><ele>696</ele><time>2026-09-22T13:05:58.000Z</time><extensions><gpxtpx:TrackPointExtension xmlns:gpxtpx="http://www.garmin.com/xmlschemas/TrackPointExtension/v1"><gpxtpx:atemp>16</gpxtpx:atemp></gpxtpx:TrackPointExtension></extensions></trkpt><trkpt lat="42.592133" lon="23.015772"><ele>696.4</ele><time>2026-09-22T13:06:14.000Z</time><extensions><gpxtpx:TrackPointExtension xmlns:gpxtpx="http://www.garmin.com/xmlschemas/TrackPointExtension/v1"><gpxtpx:atemp>16</gpxtpx:atemp></gpxtpx:TrackPointExtension></extensions></trkpt><trkpt lat="42.592099" lon="23.015883"><ele>696.4</ele><time>2026-09-22T13:06:16.000Z</time><extensions><gpxtpx:TrackPointExtension xmlns:gpxtpx="http://www.garmin.com/xmlschemas/TrackPointExtension/v1"><gpxtpx:atemp>16</gpxtpx:atemp></gpxtpx:TrackPointExtension></extensions></trkpt><trkpt lat="42.592068" lon="23.015922"><ele>696.4</ele><time>2026-09-22T13:06:17.000Z</time><extensions><gpxtpx:TrackPointExtension xmlns:gpxtpx="http://www.garmin.com/xmlschemas/TrackPointExtension/v1"><gpxtpx:atemp>16</gpxtpx:atemp></gpxtpx:TrackPointExtension></extensions></trkpt><trkpt lat="42.591805" lon="23.016018"><ele>696.4</ele><time>2026-09-22T13:06:24.000Z</time><extensions><gpxtpx:TrackPointExtension xmlns:gpxtpx="http://www.garmin.com/xmlschemas/TrackPointExtension/v1"><gpxtpx:atemp>16</gpxtpx:atemp></gpxtpx:TrackPointExtension></extensions></trkpt><trkpt lat="42.591556" lon="23.016244"><ele>697</ele><time>2026-09-22T13:06:35.000Z</time><extensions><gpxtpx:TrackPointExtension xmlns:gpxtpx="http://www.garmin.com/xmlschemas/TrackPointExtension/v1"><gpxtpx:atemp>16</gpxtpx:atemp></gpxtpx:TrackPointExtension></extensions></trkpt><trkpt lat="42.591548" lon="23.016271"><ele>697.2</ele><time>2026-09-22T13:06:36.000Z</time><extensions><gpxtpx:TrackPointExtension xmlns:gpxtpx="http://www.garmin.com/xmlschemas/TrackPointExtension/v1"><gpxtpx:atemp>16</gpxtpx:atemp></gpxtpx:TrackPointExtension></extensions></trkpt><trkpt lat="42.59156" lon="23.01632"><ele>697.2</ele><time>2026-09-22T13:06:39.000Z</time><extensions><gpxtpx:TrackPointExtension xmlns:gpxtpx="http://www.garmin.com/xmlschemas/TrackPointExtension/v1"><gpxtpx:atemp>16</gpxtpx:atemp></gpxtpx:TrackPointExtension></extensions></trkpt><trkpt lat="42.591578" lon="23.016261"><ele>698.4</ele><time>2026-09-22T13:10:41.000Z</time><extensions><gpxtpx:TrackPointExtension xmlns:gpxtpx="http://www.garmin.com/xmlschemas/TrackPointExtension/v1"><gpxtpx:atemp>16</gpxtpx:atemp></gpxtpx:TrackPointExtension></extensions></trkpt><trkpt lat="42.591631" lon="23.016197"><ele>698.4</ele><time>2026-09-22T13:10:44.000Z</time><extensions><gpxtpx:TrackPointExtension xmlns:gpxtpx="http://www.garmin.com/xmlschemas/TrackPointExtension/v1"><gpxtpx:atemp>16</gpxtpx:atemp></gpxtpx:TrackPointExtension></extensions></trkpt><trkpt lat="42.5918" lon="23.016063"><ele>698.2</ele><time>2026-09-22T13:10:50.000Z</time><extensions><gpxtpx:TrackPointExtension xmlns:gpxtpx="http://www.garmin.com/xmlschemas/TrackPointExtension/v1"><gpxtpx:atemp>16</gpxtpx:atemp></gpxtpx:TrackPointExtension></extensions></trkpt><trkpt lat="42.59195" lon="23.015995"><ele>698</ele><time>2026-09-22T13:10:54.000Z</time><extensions><gpxtpx:TrackPointExtension xmlns:gpxtpx="http://www.garmin.com/xmlschemas/TrackPointExtension/v1"><gpxtpx:atemp>16</gpxtpx:atemp></gpxtpx:TrackPointExtension></extensions></trkpt><trkpt lat="42.592064" lon="23.015999"><ele>698</ele><time>2026-09-22T13:10:57.000Z</time><extensions><gpxtpx:TrackPointExtension xmlns:gpxtpx="http://www.garmin.com/xmlschemas/TrackPointExtension/v1"><gpxtpx:atemp>16</gpxtpx:atemp></gpxtpx:TrackPointExtension></extensions></trkpt><trkpt lat="42.592123" lon="23.01605"><ele>697.2</ele><time>2026-09-22T13:11:30.000Z</time><extensions><gpxtpx:TrackPointExtension xmlns:gpxtpx="http://www.garmin.com/xmlschemas/TrackPointExtension/v1"><gpxtpx:atemp>16</gpxtpx:atemp></gpxtpx:TrackPointExtension></extensions></trkpt><trkpt lat="42.592139" lon="23.016097"><ele>697.4</ele><time>2026-09-22T13:11:32.000Z</time><extensions><gpxtpx:TrackPointExtension xmlns:gpxtpx="http://www.garmin.com/xmlschemas/TrackPointExtension/v1"><gpxtpx:atemp>16</gpxtpx:atemp></gpxtpx:TrackPointExtension></extensions></trkpt><trkpt lat="42.592108" lon="23.016665"><ele>697.2</ele><time>2026-09-22T13:11:43.000Z</time><extensions><gpxtpx:TrackPointExtension xmlns:gpxtpx="http://www.garmin.com/xmlschemas/TrackPointExtension/v1"><gpxtpx:atemp>16</gpxtpx:atemp></gpxtpx:TrackPointExtension></extensions></trkpt><trkpt lat="42.591991" lon="23.017912"><ele>697</ele><time>2026-09-22T13:12:02.000Z</time><extensions><gpxtpx:TrackPointExtension xmlns:gpxtpx="http://www.garmin.com/xmlschemas/TrackPointExtension/v1"><gpxtpx:atemp>16</gpxtpx:atemp></gpxtpx:TrackPointExtension></extensions></trkpt><trkpt lat="42.591949" lon="23.018511"><ele>697.4</ele><time>2026-09-22T13:12:11.000Z</time><extensions><gpxtpx:TrackPointExtension xmlns:gpxtpx="http://www.garmin.com/xmlschemas/TrackPointExtension/v1"><gpxtpx:atemp>16</gpxtpx:atemp></gpxtpx:TrackPointExtension></extensions></trkpt><trkpt lat="42.591957" lon="23.019081"><ele>698</ele><time>2026-09-22T13:12:20.000Z</time><extensions><gpxtpx:TrackPointExtension xmlns:gpxtpx="http://www.garmin.com/xmlschemas/TrackPointExtension/v1"><gpxtpx:atemp>16</gpxtpx:atemp></gpxtpx:TrackPointExtension></extensions></trkpt><trkpt lat="42.592004" lon="23.019468"><ele>698</ele><time>2026-09-22T13:12:26.000Z</time><extensions><gpxtpx:TrackPointExtension xmlns:gpxtpx="http://www.garmin.com/xmlschemas/TrackPointExtension/v1"><gpxtpx:atemp>16</gpxtpx:atemp></gpxtpx:TrackPointExtension></extensions></trkpt><trkpt lat="42.592126" lon="23.019956"><ele>698.4</ele><time>2026-09-22T13:12:34.000Z</time><extensions><gpxtpx:TrackPointExtension xmlns:gpxtpx="http://www.garmin.com/xmlschemas/TrackPointExtension/v1"><gpxtpx:atemp>16</gpxtpx:atemp></gpxtpx:TrackPointExtension></extensions></trkpt><trkpt lat="42.592226" lon="23.020242"><ele>698.4</ele><time>2026-09-22T13:12:39.000Z</time><extensions><gpxtpx:TrackPointExtension xmlns:gpxtpx="http://www.garmin.com/xmlschemas/TrackPointExtension/v1"><gpxtpx:atemp>16</gpxtpx:atemp></gpxtpx:TrackPointExtension></extensions></trkpt><trkpt lat="42.592368" lon="23.020551"><ele>698.6</ele><time>2026-09-22T13:12:45.000Z</time><extensions><gpxtpx:TrackPointExtension xmlns:gpxtpx="http://www.garmin.com/xmlschemas/TrackPointExtension/v1"><gpxtpx:atemp>16</gpxtpx:atemp></gpxtpx:TrackPointExtension></extensions></trkpt><trkpt lat="42.592502" lon="23.020793"><ele>699</ele><time>2026-09-22T13:12:50.000Z</time><extensions><gpxtpx:TrackPointExtension xmlns:gpxtpx="http://www.garmin.com/xmlschemas/TrackPointExtension/v1"><gpxtpx:atemp>16</gpxtpx:atemp></gpxtpx:TrackPointExtension></extensions></trkpt><trkpt lat="42.592732" lon="23.02113"><ele>699.6</ele><time>2026-09-22T13:12:58.000Z</time><extensions><gpxtpx:TrackPointExtension xmlns:gpxtpx="http://www.garmin.com/xmlschemas/TrackPointExtension/v1"><gpxtpx:atemp>16</gpxtpx:atemp></gpxtpx:TrackPointExtension></extensions></trkpt><trkpt lat="42.593177" lon="23.021607"><ele>700</ele><time>2026-09-22T13:13:12.000Z</time><extensions><gpxtpx:TrackPointExtension xmlns:gpxtpx="http://www.garmin.com/xmlschemas/TrackPointExtension/v1"><gpxtpx:atemp>16</gpxtpx:atemp></gpxtpx:TrackPointExtension></extensions></trkpt><trkpt lat="42.593549" lon="23.021977"><ele>701.4</ele><time>2026-09-22T13:13:24.000Z</time><extensions><gpxtpx:TrackPointExtension xmlns:gpxtpx="http://www.garmin.com/xmlschemas/TrackPointExtension/v1"><gpxtpx:atemp>16</gpxtpx:atemp></gpxtpx:TrackPointExtension></extensions></trkpt><trkpt lat="42.593882" lon="23.022404"><ele>702.4</ele><time>2026-09-22T13:13:35.000Z</time><extensions><gpxtpx:TrackPointExtension xmlns:gpxtpx="http://www.garmin.com/xmlschemas/TrackPointExtension/v1"><gpxtpx:atemp>16</gpxtpx:atemp></gpxtpx:TrackPointExtension></extensions></trkpt><trkpt lat="42.594264" lon="23.023028"><ele>703.2</ele><time>2026-09-22T13:13:49.000Z</time><extensions><gpxtpx:TrackPointExtension xmlns:gpxtpx="http://www.garmin.com/xmlschemas/TrackPointExtension/v1"><gpxtpx:atemp>16</gpxtpx:atemp></gpxtpx:TrackPointExtension></extensions></trkpt><trkpt lat="42.594652" lon="23.023797"><ele>704.2</ele><time>2026-09-22T13:14:05.000Z</time><extensions><gpxtpx:TrackPointExtension xmlns:gpxtpx="http://www.garmin.com/xmlschemas/TrackPointExtension/v1"><gpxtpx:atemp>16</gpxtpx:atemp></gpxtpx:TrackPointExtension></extensions></trkpt><trkpt lat="42.594987" lon="23.024353"><ele>704.6</ele><time>2026-09-22T13:14:18.000Z</time><extensions><gpxtpx:TrackPointExtension xmlns:gpxtpx="http://www.garmin.com/xmlschemas/TrackPointExtension/v1"><gpxtpx:atemp>16</gpxtpx:atemp></gpxtpx:TrackPointExtension></extensions></trkpt><trkpt lat="42.595007" lon="23.024463"><ele>704.6</ele><time>2026-09-22T13:14:21.000Z</time><extensions><gpxtpx:TrackPointExtension xmlns:gpxtpx="http://www.garmin.com/xmlschemas/TrackPointExtension/v1"><gpxtpx:atemp>16</gpxtpx:atemp></gpxtpx:TrackPointExtension></extensions></trkpt><trkpt lat="42.595035" lon="23.024486"><ele>704.8</ele><time>2026-09-22T13:14:23.000Z</time><extensions><gpxtpx:TrackPointExtension xmlns:gpxtpx="http://www.garmin.com/xmlschemas/TrackPointExtension/v1"><gpxtpx:atemp>16</gpxtpx:atemp></gpxtpx:TrackPointExtension></extensions></trkpt><trkpt lat="42.595079" lon="23.024487"><ele>704.2</ele><time>2026-09-22T13:17:00.000Z</time><extensions><gpxtpx:TrackPointExtension xmlns:gpxtpx="http://www.garmin.com/xmlschemas/TrackPointExtension/v1"><gpxtpx:atemp>16</gpxtpx:atemp></gpxtpx:TrackPointExtension></extensions></trkpt><trkpt lat="42.595134" lon="23.024536"><ele>704.2</ele><time>2026-09-22T13:17:02.000Z</time><extensions><gpxtpx:TrackPointExtension xmlns:gpxtpx="http://www.garmin.com/xmlschemas/TrackPointExtension/v1"><gpxtpx:atemp>16</gpxtpx:atemp></gpxtpx:TrackPointExtension></extensions></trkpt><trkpt lat="42.595358" lon="23.02486"><ele>703.8</ele><time>2026-09-22T13:17:10.000Z</time><extensions><gpxtpx:TrackPointExtension xmlns:gpxtpx="http://www.garmin.com/xmlschemas/TrackPointExtension/v1"><gpxtpx:atemp>16</gpxtpx:atemp></gpxtpx:TrackPointExtension></extensions></trkpt><trkpt lat="42.595602" lon="23.025137"><ele>703.8</ele><time>2026-09-22T13:17:17.000Z</time><extensions><gpxtpx:TrackPointExtension xmlns:gpxtpx="http://www.garmin.com/xmlschemas/TrackPointExtension/v1"><gpxtpx:atemp>16</gpxtpx:atemp></gpxtpx:TrackPointExtension></extensions></trkpt><trkpt lat="42.596779" lon="23.026273"><ele>705</ele><time>2026-09-22T13:17:51.000Z</time><extensions><gpxtpx:TrackPointExtension xmlns:gpxtpx="http://www.garmin.com/xmlschemas/TrackPointExtension/v1"><gpxtpx:atemp>16</gpxtpx:atemp></gpxtpx:TrackPointExtension></extensions></trkpt><trkpt lat="42.597712" lon="23.027403"><ele>705.4</ele><time>2026-09-22T13:18:18.000Z</time><extensions><gpxtpx:TrackPointExtension xmlns:gpxtpx="http://www.garmin.com/xmlschemas/TrackPointExtension/v1"><gpxtpx:atemp>16</gpxtpx:atemp></gpxtpx:TrackPointExtension></extensions></trkpt><trkpt lat="42.598136" lon="23.027953"><ele>705.4</ele><time>2026-09-22T13:18:29.000Z</time><extensions><gpxtpx:TrackPointExtension xmlns:gpxtpx="http://www.garmin.com/xmlschemas/TrackPointExtension/v1"><gpxtpx:atemp>16</gpxtpx:atemp></gpxtpx:TrackPointExtension></extensions></trkpt><trkpt lat="42.598397" lon="23.028318"><ele>705.4</ele><time>2026-09-22T13:18:36.000Z</time><extensions><gpxtpx:TrackPointExtension xmlns:gpxtpx="http://www.garmin.com/xmlschemas/TrackPointExtension/v1"><gpxtpx:atemp>16</gpxtpx:atemp></gpxtpx:TrackPointExtension></extensions></trkpt><trkpt lat="42.599971" lon="23.030589"><ele>705.6</ele><time>2026-09-22T13:19:23.000Z</time><extensions><gpxtpx:TrackPointExtension xmlns:gpxtpx="http://www.garmin.com/xmlschemas/TrackPointExtension/v1"><gpxtpx:atemp>16</gpxtpx:atemp></gpxtpx:TrackPointExtension></extensions></trkpt><trkpt lat="42.600683" lon="23.031585"><ele>706.2</ele><time>2026-09-22T13:19:47.000Z</time><extensions><gpxtpx:TrackPointExtension xmlns:gpxtpx="http://www.garmin.com/xmlschemas/TrackPointExtension/v1"><gpxtpx:atemp>16</gpxtpx:atemp></gpxtpx:TrackPointExtension></extensions></trkpt><trkpt lat="42.60111" lon="23.032134"><ele>706.4</ele><time>2026-09-22T13:20:00.000Z</time><extensions><gpxtpx:TrackPointExtension xmlns:gpxtpx="http://www.garmin.com/xmlschemas/TrackPointExtension/v1"><gpxtpx:atemp>16</gpxtpx:atemp></gpxtpx:TrackPointExtension></extensions></trkpt><trkpt lat="42.602357" lon="23.033647"><ele>706.2</ele><time>2026-09-22T13:20:38.000Z</time><extensions><gpxtpx:TrackPointExtension xmlns:gpxtpx="http://www.garmin.com/xmlschemas/TrackPointExtension/v1"><gpxtpx:atemp>16</gpxtpx:atemp></gpxtpx:TrackPointExtension></extensions></trkpt><trkpt lat="42.602536" lon="23.033834"><ele>706.4</ele><time>2026-09-22T13:20:43.000Z</time><extensions><gpxtpx:TrackPointExtension xmlns:gpxtpx="http://www.garmin.com/xmlschemas/TrackPointExtension/v1"><gpxtpx:atemp>16</gpxtpx:atemp></gpxtpx:TrackPointExtension></extensions></trkpt><trkpt lat="42.602856" lon="23.034122"><ele>706.2</ele><time>2026-09-22T13:20:51.000Z</time><extensions><gpxtpx:TrackPointExtension xmlns:gpxtpx="http://www.garmin.com/xmlschemas/TrackPointExtension/v1"><gpxtpx:atemp>16</gpxtpx:atemp></gpxtpx:TrackPointExtension></extensions></trkpt><trkpt lat="42.603353" lon="23.034521"><ele>706.2</ele><time>2026-09-22T13:21:02.000Z</time><extensions><gpxtpx:TrackPointExtension xmlns:gpxtpx="http://www.garmin.com/xmlschemas/TrackPointExtension/v1"><gpxtpx:atemp>16</gpxtpx:atemp></gpxtpx:TrackPointExtension></extensions></trkpt><trkpt lat="42.603612" lon="23.034766"><ele>706.2</ele><time>2026-09-22T13:21:08.000Z</time><extensions><gpxtpx:TrackPointExtension xmlns:gpxtpx="http://www.garmin.com/xmlschemas/TrackPointExtension/v1"><gpxtpx:atemp>16</gpxtpx:atemp></gpxtpx:TrackPointExtension></extensions></trkpt><trkpt lat="42.603857" lon="23.035038"><ele>706.4</ele><time>2026-09-22T13:21:14.000Z</time><extensions><gpxtpx:TrackPointExtension xmlns:gpxtpx="http://www.garmin.com/xmlschemas/TrackPointExtension/v1"><gpxtpx:atemp>16</gpxtpx:atemp></gpxtpx:TrackPointExtension></extensions></trkpt><trkpt lat="42.604098" lon="23.03541"><ele>706.4</ele><time>2026-09-22T13:21:22.000Z</time><extensions><gpxtpx:TrackPointExtension xmlns:gpxtpx="http://www.garmin.com/xmlschemas/TrackPointExtension/v1"><gpxtpx:atemp>16</gpxtpx:atemp></gpxtpx:TrackPointExtension></extensions></trkpt><trkpt lat="42.604314" lon="23.0358"><ele>706.6</ele><time>2026-09-22T13:21:30.000Z</time><extensions><gpxtpx:TrackPointExtension xmlns:gpxtpx="http://www.garmin.com/xmlschemas/TrackPointExtension/v1"><gpxtpx:atemp>16</gpxtpx:atemp></gpxtpx:TrackPointExtension></extensions></trkpt><trkpt lat="42.604428" lon="23.036042"><ele>706.8</ele><time>2026-09-22T13:21:35.000Z</time><extensions><gpxtpx:TrackPointExtension xmlns:gpxtpx="http://www.garmin.com/xmlschemas/TrackPointExtension/v1"><gpxtpx:atemp>16</gpxtpx:atemp></gpxtpx:TrackPointExtension></extensions></trkpt><trkpt lat="42.604544" lon="23.036342"><ele>707</ele><time>2026-09-22T13:21:41.000Z</time><extensions><gpxtpx:TrackPointExtension xmlns:gpxtpx="http://www.garmin.com/xmlschemas/TrackPointExtension/v1"><gpxtpx:atemp>16</gpxtpx:atemp></gpxtpx:TrackPointExtension></extensions></trkpt><trkpt lat="42.604673" lon="23.036772"><ele>707.6</ele><time>2026-09-22T13:21:49.000Z</time><extensions><gpxtpx:TrackPointExtension xmlns:gpxtpx="http://www.garmin.com/xmlschemas/TrackPointExtension/v1"><gpxtpx:atemp>16</gpxtpx:atemp></gpxtpx:TrackPointExtension></extensions></trkpt><trkpt lat="42.604758" lon="23.037168"><ele>708.2</ele><time>2026-09-22T13:21:56.000Z</time><extensions><gpxtpx:TrackPointExtension xmlns:gpxtpx="http://www.garmin.com/xmlschemas/TrackPointExtension/v1"><gpxtpx:atemp>16</gpxtpx:atemp></gpxtpx:TrackPointExtension></extensions></trkpt><trkpt lat="42.604809" lon="23.0375"><ele>708.4</ele><time>2026-09-22T13:22:02.000Z</time><extensions><gpxtpx:TrackPointExtension xmlns:gpxtpx="http://www.garmin.com/xmlschemas/TrackPointExtension/v1"><gpxtpx:atemp>16</gpxtpx:atemp></gpxtpx:TrackPointExtension></extensions></trkpt><trkpt lat="42.604852" lon="23.038051"><ele>708.6</ele><time>2026-09-22T13:22:12.000Z</time><extensions><gpxtpx:TrackPointExtension xmlns:gpxtpx="http://www.garmin.com/xmlschemas/TrackPointExtension/v1"><gpxtpx:atemp>16</gpxtpx:atemp></gpxtpx:TrackPointExtension></extensions></trkpt><trkpt lat="42.604847" lon="23.038604"><ele>709.2</ele><time>2026-09-22T13:22:22.000Z</time><extensions><gpxtpx:TrackPointExtension xmlns:gpxtpx="http://www.garmin.com/xmlschemas/TrackPointExtension/v1"><gpxtpx:atemp>16</gpxtpx:atemp></gpxtpx:TrackPointExtension></extensions></trkpt><trkpt lat="42.604803" lon="23.039"><ele>709.8</ele><time>2026-09-22T13:22:30.000Z</time><extensions><gpxtpx:TrackPointExtension xmlns:gpxtpx="http://www.garmin.com/xmlschemas/TrackPointExtension/v1"><gpxtpx:atemp>16</gpxtpx:atemp></gpxtpx:TrackPointExtension></extensions></trkpt><trkpt lat="42.604696" lon="23.039506"><ele>711</ele><time>2026-09-22T13:22:49.000Z</time><extensions><gpxtpx:TrackPointExtension xmlns:gpxtpx="http://www.garmin.com/xmlschemas/TrackPointExtension/v1"><gpxtpx:atemp>16</gpxtpx:atemp></gpxtpx:TrackPointExtension></extensions></trkpt><trkpt lat="42.604587" lon="23.039901"><ele>711.2</ele><time>2026-09-22T13:22:58.000Z</time><extensions><gpxtpx:TrackPointExtension xmlns:gpxtpx="http://www.garmin.com/xmlschemas/TrackPointExtension/v1"><gpxtpx:atemp>16</gpxtpx:atemp></gpxtpx:TrackPointExtension></extensions></trkpt><trkpt lat="42.604499" lon="23.040154"><ele>711.8</ele><time>2026-09-22T13:23:04.000Z</time><extensions><gpxtpx:TrackPointExtension xmlns:gpxtpx="http://www.garmin.com/xmlschemas/TrackPointExtension/v1"><gpxtpx:atemp>16</gpxtpx:atemp></gpxtpx:TrackPointExtension></extensions></trkpt><trkpt lat="42.604251" lon="23.040987"><ele>713.4</ele><time>2026-09-22T13:23:23.000Z</time><extensions><gpxtpx:TrackPointExtension xmlns:gpxtpx="http://www.garmin.com/xmlschemas/TrackPointExtension/v1"><gpxtpx:atemp>16</gpxtpx:atemp></gpxtpx:TrackPointExtension></extensions></trkpt><trkpt lat="42.604195" lon="23.041083"><ele>713.8</ele><time>2026-09-22T13:23:26.000Z</time><extensions><gpxtpx:TrackPointExtension xmlns:gpxtpx="http://www.garmin.com/xmlschemas/TrackPointExtension/v1"><gpxtpx:atemp>16</gpxtpx:atemp></gpxtpx:TrackPointExtension></extensions></trkpt><trkpt lat="42.604082" lon="23.041177"><ele>714.8</ele><time>2026-09-22T13:23:31.000Z</time><extensions><gpxtpx:TrackPointExtension xmlns:gpxtpx="http://www.garmin.com/xmlschemas/TrackPointExtension/v1"><gpxtpx:atemp>16</gpxtpx:atemp></gpxtpx:TrackPointExtension></extensions></trkpt><trkpt lat="42.603969" lon="23.041221"><ele>715.8</ele><time>2026-09-22T13:23:37.000Z</time><extensions><gpxtpx:TrackPointExtension xmlns:gpxtpx="http://www.garmin.com/xmlschemas/TrackPointExtension/v1"><gpxtpx:atemp>16</gpxtpx:atemp></gpxtpx:TrackPointExtension></extensions></trkpt><trkpt lat="42.603898" lon="23.041206"><ele>716.2</ele><time>2026-09-22T13:23:41.000Z</time><extensions><gpxtpx:TrackPointExtension xmlns:gpxtpx="http://www.garmin.com/xmlschemas/TrackPointExtension/v1"><gpxtpx:atemp>16</gpxtpx:atemp></gpxtpx:TrackPointExtension></extensions></trkpt><trkpt lat="42.603834" lon="23.041138"><ele>716.4</ele><time>2026-09-22T13:23:47.000Z</time><extensions><gpxtpx:TrackPointExtension xmlns:gpxtpx="http://www.garmin.com/xmlschemas/TrackPointExtension/v1"><gpxtpx:atemp>16</gpxtpx:atemp></gpxtpx:TrackPointExtension></extensions></trkpt><trkpt lat="42.603837" lon="23.041162"><ele>716.6</ele><time>2026-09-22T13:26:35.000Z</time><extensions><gpxtpx:TrackPointExtension xmlns:gpxtpx="http://www.garmin.com/xmlschemas/TrackPointExtension/v1"><gpxtpx:atemp>18</gpxtpx:atemp></gpxtpx:TrackPointExtension></extensions></trkpt><trkpt lat="42.603802" lon="23.041124"><ele>716.6</ele><time>2026-09-22T13:27:59.000Z</time><extensions><gpxtpx:TrackPointExtension xmlns:gpxtpx="http://www.garmin.com/xmlschemas/TrackPointExtension/v1"><gpxtpx:atemp>18</gpxtpx:atemp></gpxtpx:TrackPointExtension></extensions></trkpt><trkpt lat="42.60378" lon="23.041146"><ele>716.6</ele><time>2026-09-22T13:28:01.000Z</time><extensions><gpxtpx:TrackPointExtension xmlns:gpxtpx="http://www.garmin.com/xmlschemas/TrackPointExtension/v1"><gpxtpx:atemp>18</gpxtpx:atemp></gpxtpx:TrackPointExtension></extensions></trkpt><trkpt lat="42.603827" lon="23.041707"><ele>716.4</ele><time>2026-09-22T13:28:14.000Z</time><extensions><gpxtpx:TrackPointExtension xmlns:gpxtpx="http://www.garmin.com/xmlschemas/TrackPointExtension/v1"><gpxtpx:atemp>18</gpxtpx:atemp></gpxtpx:TrackPointExtension></extensions></trkpt><trkpt lat="42.603808" lon="23.041907"><ele>716.4</ele><time>2026-09-22T13:28:18.000Z</time><extensions><gpxtpx:TrackPointExtension xmlns:gpxtpx="http://www.garmin.com/xmlschemas/TrackPointExtension/v1"><gpxtpx:atemp>18</gpxtpx:atemp></gpxtpx:TrackPointExtension></extensions></trkpt><trkpt lat="42.603741" lon="23.042182"><ele>715.6</ele><time>2026-09-22T13:28:23.000Z</time><extensions><gpxtpx:TrackPointExtension xmlns:gpxtpx="http://www.garmin.com/xmlschemas/TrackPointExtension/v1"><gpxtpx:atemp>18</gpxtpx:atemp></gpxtpx:TrackPointExtension></extensions></trkpt><trkpt lat="42.603595" lon="23.042617"><ele>715.2</ele><time>2026-09-22T13:28:30.000Z</time><extensions><gpxtpx:TrackPointExtension xmlns:gpxtpx="http://www.garmin.com/xmlschemas/TrackPointExtension/v1"><gpxtpx:atemp>18</gpxtpx:atemp></gpxtpx:TrackPointExtension></extensions></trkpt><trkpt lat="42.602883" lon="23.044577"><ele>712</ele><time>2026-09-22T13:29:05.000Z</time><extensions><gpxtpx:TrackPointExtension xmlns:gpxtpx="http://www.garmin.com/xmlschemas/TrackPointExtension/v1"><gpxtpx:atemp>18</gpxtpx:atemp></gpxtpx:TrackPointExtension></extensions></trkpt><trkpt lat="42.602778" lon="23.045013"><ele>712.4</ele><time>2026-09-22T13:29:14.000Z</time><extensions><gpxtpx:TrackPointExtension xmlns:gpxtpx="http://www.garmin.com/xmlschemas/TrackPointExtension/v1"><gpxtpx:atemp>18</gpxtpx:atemp></gpxtpx:TrackPointExtension></extensions></trkpt><trkpt lat="42.602723" lon="23.045428"><ele>712.4</ele><time>2026-09-22T13:29:21.000Z</time><extensions><gpxtpx:TrackPointExtension xmlns:gpxtpx="http://www.garmin.com/xmlschemas/TrackPointExtension/v1"><gpxtpx:atemp>18</gpxtpx:atemp></gpxtpx:TrackPointExtension></extensions></trkpt><trkpt lat="42.60271" lon="23.045628"><ele>712.4</ele><time>2026-09-22T13:29:24.000Z</time><extensions><gpxtpx:TrackPointExtension xmlns:gpxtpx="http://www.garmin.com/xmlschemas/TrackPointExtension/v1"><gpxtpx:atemp>18</gpxtpx:atemp></gpxtpx:TrackPointExtension></extensions></trkpt><trkpt lat="42.602729" lon="23.046251"><ele>711.8</ele><time>2026-09-22T13:29:32.000Z</time><extensions><gpxtpx:TrackPointExtension xmlns:gpxtpx="http://www.garmin.com/xmlschemas/TrackPointExtension/v1"><gpxtpx:atemp>18</gpxtpx:atemp></gpxtpx:TrackPointExtension></extensions></trkpt><trkpt lat="42.602766" lon="23.046606"><ele>711</ele><time>2026-09-22T13:29:36.000Z</time><extensions><gpxtpx:TrackPointExtension xmlns:gpxtpx="http://www.garmin.com/xmlschemas/TrackPointExtension/v1"><gpxtpx:atemp>18</gpxtpx:atemp></gpxtpx:TrackPointExtension></extensions></trkpt><trkpt lat="42.602869" lon="23.047275"><ele>709.4</ele><time>2026-09-22T13:29:43.000Z</time><extensions><gpxtpx:TrackPointExtension xmlns:gpxtpx="http://www.garmin.com/xmlschemas/TrackPointExtension/v1"><gpxtpx:atemp>18</gpxtpx:atemp></gpxtpx:TrackPointExtension></extensions></trkpt><trkpt lat="42.602914" lon="23.047705"><ele>709.6</ele><time>2026-09-22T13:29:48.000Z</time><extensions><gpxtpx:TrackPointExtension xmlns:gpxtpx="http://www.garmin.com/xmlschemas/TrackPointExtension/v1"><gpxtpx:atemp>18</gpxtpx:atemp></gpxtpx:TrackPointExtension></extensions></trkpt><trkpt lat="42.603021" lon="23.048375"><ele>712.6</ele><time>2026-09-22T13:30:01.000Z</time><extensions><gpxtpx:TrackPointExtension xmlns:gpxtpx="http://www.garmin.com/xmlschemas/TrackPointExtension/v1"><gpxtpx:atemp>18</gpxtpx:atemp></gpxtpx:TrackPointExtension></extensions></trkpt><trkpt lat="42.603024" lon="23.048464"><ele>713</ele><time>2026-09-22T13:30:03.000Z</time><extensions><gpxtpx:TrackPointExtension xmlns:gpxtpx="http://www.garmin.com/xmlschemas/TrackPointExtension/v1"><gpxtpx:atemp>18</gpxtpx:atemp></gpxtpx:TrackPointExtension></extensions></trkpt><trkpt lat="42.602988" lon="23.048535"><ele>713</ele><time>2026-09-22T13:30:05.000Z</time><extensions><gpxtpx:TrackPointExtension xmlns:gpxtpx="http://www.garmin.com/xmlschemas/TrackPointExtension/v1"><gpxtpx:atemp>18</gpxtpx:atemp></gpxtpx:TrackPointExtension></extensions></trkpt><trkpt lat="42.602962" lon="23.048551"><ele>713.2</ele><time>2026-09-22T13:30:06.000Z</time><extensions><gpxtpx:TrackPointExtension xmlns:gpxtpx="http://www.garmin.com/xmlschemas/TrackPointExtension/v1"><gpxtpx:atemp>18</gpxtpx:atemp></gpxtpx:TrackPointExtension></extensions></trkpt><trkpt lat="42.602732" lon="23.048582"><ele>714</ele><time>2026-09-22T13:30:15.000Z</time><extensions><gpxtpx:TrackPointExtension xmlns:gpxtpx="http://www.garmin.com/xmlschemas/TrackPointExtension/v1"><gpxtpx:atemp>18</gpxtpx:atemp></gpxtpx:TrackPointExtension></extensions></trkpt><trkpt lat="42.602639" lon="23.048615"><ele>715</ele><time>2026-09-22T13:30:19.000Z</time><extensions><gpxtpx:TrackPointExtension xmlns:gpxtpx="http://www.garmin.com/xmlschemas/TrackPointExtension/v1"><gpxtpx:atemp>18</gpxtpx:atemp></gpxtpx:TrackPointExtension></extensions></trkpt><trkpt lat="42.602533" lon="23.048628"><ele>716.2</ele><time>2026-09-22T13:30:24.000Z</time><extensions><gpxtpx:TrackPointExtension xmlns:gpxtpx="http://www.garmin.com/xmlschemas/TrackPointExtension/v1"><gpxtpx:atemp>18</gpxtpx:atemp></gpxtpx:TrackPointExtension></extensions></trkpt><trkpt lat="42.602492" lon="23.04861"><ele>716.8</ele><time>2026-09-22T13:30:26.000Z</time><extensions><gpxtpx:TrackPointExtension xmlns:gpxtpx="http://www.garmin.com/xmlschemas/TrackPointExtension/v1"><gpxtpx:atemp>18</gpxtpx:atemp></gpxtpx:TrackPointExtension></extensions></trkpt><trkpt lat="42.602404" lon="23.048522"><ele>717</ele><time>2026-09-22T13:30:30.000Z</time><extensions><gpxtpx:TrackPointExtension xmlns:gpxtpx="http://www.garmin.com/xmlschemas/TrackPointExtension/v1"><gpxtpx:atemp>18</gpxtpx:atemp></gpxtpx:TrackPointExtension></extensions></trkpt><trkpt lat="42.602344" lon="23.048505"><ele>717.2</ele><time>2026-09-22T13:30:32.000Z</time><extensions><gpxtpx:TrackPointExtension xmlns:gpxtpx="http://www.garmin.com/xmlschemas/TrackPointExtension/v1"><gpxtpx:atemp>18</gpxtpx:atemp></gpxtpx:TrackPointExtension></extensions></trkpt><trkpt lat="42.602316" lon="23.048517"><ele>717.2</ele><time>2026-09-22T13:30:33.000Z</time><extensions><gpxtpx:TrackPointExtension xmlns:gpxtpx="http://www.garmin.com/xmlschemas/TrackPointExtension/v1"><gpxtpx:atemp>18</gpxtpx:atemp></gpxtpx:TrackPointExtension></extensions></trkpt><trkpt lat="42.602288" lon="23.048583"><ele>717.4</ele><time>2026-09-22T13:30:35.000Z</time><extensions><gpxtpx:TrackPointExtension xmlns:gpxtpx="http://www.garmin.com/xmlschemas/TrackPointExtension/v1"><gpxtpx:atemp>18</gpxtpx:atemp></gpxtpx:TrackPointExtension></extensions></trkpt><trkpt lat="42.60228" lon="23.048748"><ele>717.8</ele><time>2026-09-22T13:30:39.000Z</time><extensions><gpxtpx:TrackPointExtension xmlns:gpxtpx="http://www.garmin.com/xmlschemas/TrackPointExtension/v1"><gpxtpx:atemp>18</gpxtpx:atemp></gpxtpx:TrackPointExtension></extensions></trkpt><trkpt lat="42.602251" lon="23.048823"><ele>717.8</ele><time>2026-09-22T13:30:41.000Z</time><extensions><gpxtpx:TrackPointExtension xmlns:gpxtpx="http://www.garmin.com/xmlschemas/TrackPointExtension/v1"><gpxtpx:atemp>18</gpxtpx:atemp></gpxtpx:TrackPointExtension></extensions></trkpt><trkpt lat="42.602197" lon="23.048855"><ele>717.8</ele><time>2026-09-22T13:30:43.000Z</time><extensions><gpxtpx:TrackPointExtension xmlns:gpxtpx="http://www.garmin.com/xmlschemas/TrackPointExtension/v1"><gpxtpx:atemp>18</gpxtpx:atemp></gpxtpx:TrackPointExtension></extensions></trkpt><trkpt lat="42.602141" lon="23.048851"><ele>718</ele><time>2026-09-22T13:30:45.000Z</time><extensions><gpxtpx:TrackPointExtension xmlns:gpxtpx="http://www.garmin.com/xmlschemas/TrackPointExtension/v1"><gpxtpx:atemp>18</gpxtpx:atemp></gpxtpx:TrackPointExtension></extensions></trkpt><trkpt lat="42.602058" lon="23.048885"><ele>718.2</ele><time>2026-09-22T13:30:48.000Z</time><extensions><gpxtpx:TrackPointExtension xmlns:gpxtpx="http://www.garmin.com/xmlschemas/TrackPointExtension/v1"><gpxtpx:atemp>18</gpxtpx:atemp></gpxtpx:TrackPointExtension></extensions></trkpt><trkpt lat="42.602034" lon="23.048903"><ele>718.2</ele><time>2026-09-22T13:30:49.000Z</time><extensions><gpxtpx:TrackPointExtension xmlns:gpxtpx="http://www.garmin.com/xmlschemas/TrackPointExtension/v1"><gpxtpx:atemp>18</gpxtpx:atemp></gpxtpx:TrackPointExtension></extensions></trkpt><trkpt lat="42.602004" lon="23.048961"><ele>718.4</ele><time>2026-09-22T13:30:51.000Z</time><extensions><gpxtpx:TrackPointExtension xmlns:gpxtpx="http://www.garmin.com/xmlschemas/TrackPointExtension/v1"><gpxtpx:atemp>18</gpxtpx:atemp></gpxtpx:TrackPointExtension></extensions></trkpt><trkpt lat="42.601989" lon="23.049078"><ele>718.4</ele><time>2026-09-22T13:30:54.000Z</time><extensions><gpxtpx:TrackPointExtension xmlns:gpxtpx="http://www.garmin.com/xmlschemas/TrackPointExtension/v1"><gpxtpx:atemp>18</gpxtpx:atemp></gpxtpx:TrackPointExtension></extensions></trkpt><trkpt lat="42.602019" lon="23.049486"><ele>718.6</ele><time>2026-09-22T13:31:05.000Z</time><extensions><gpxtpx:TrackPointExtension xmlns:gpxtpx="http://www.garmin.com/xmlschemas/TrackPointExtension/v1"><gpxtpx:atemp>18</gpxtpx:atemp></gpxtpx:TrackPointExtension></extensions></trkpt><trkpt lat="42.601997" lon="23.049539"><ele>718.4</ele><time>2026-09-22T13:31:07.000Z</time><extensions><gpxtpx:TrackPointExtension xmlns:gpxtpx="http://www.garmin.com/xmlschemas/TrackPointExtension/v1"><gpxtpx:atemp>18</gpxtpx:atemp></gpxtpx:TrackPointExtension></extensions></trkpt><trkpt lat="42.601951" lon="23.049578"><ele>718.4</ele><time>2026-09-22T13:31:11.000Z</time><extensions><gpxtpx:TrackPointExtension xmlns:gpxtpx="http://www.garmin.com/xmlschemas/TrackPointExtension/v1"><gpxtpx:atemp>18</gpxtpx:atemp></gpxtpx:TrackPointExtension></extensions></trkpt><trkpt lat="42.601946" lon="23.049569"><ele>718.4</ele><time>2026-09-22T13:31:13.000Z</time><extensions><gpxtpx:TrackPointExtension xmlns:gpxtpx="http://www.garmin.com/xmlschemas/TrackPointExtension/v1"><gpxtpx:atemp>18</gpxtpx:atemp></gpxtpx:TrackPointExtension></extensions></trkpt><trkpt lat="42.6021" lon="23.049565"><ele>718</ele><time>2026-09-22T13:50:53.000Z</time><extensions><gpxtpx:TrackPointExtension xmlns:gpxtpx="http://www.garmin.com/xmlschemas/TrackPointExtension/v1"><gpxtpx:atemp>15</gpxtpx:atemp></gpxtpx:TrackPointExtension></extensions></trkpt><trkpt lat="42.602438" lon="23.049524"><ele>716.8</ele><time>2026-09-22T13:51:04.000Z</time><extensions><gpxtpx:TrackPointExtension xmlns:gpxtpx="http://www.garmin.com/xmlschemas/TrackPointExtension/v1"><gpxtpx:atemp>15</gpxtpx:atemp></gpxtpx:TrackPointExtension></extensions></trkpt><trkpt lat="42.602626" lon="23.049496"><ele>716.4</ele><time>2026-09-22T13:51:09.000Z</time><extensions><gpxtpx:TrackPointExtension xmlns:gpxtpx="http://www.garmin.com/xmlschemas/TrackPointExtension/v1"><gpxtpx:atemp>15</gpxtpx:atemp></gpxtpx:TrackPointExtension></extensions></trkpt><trkpt lat="42.602772" lon="23.049457"><ele>716</ele><time>2026-09-22T13:51:13.000Z</time><extensions><gpxtpx:TrackPointExtension xmlns:gpxtpx="http://www.garmin.com/xmlschemas/TrackPointExtension/v1"><gpxtpx:atemp>15</gpxtpx:atemp></gpxtpx:TrackPointExtension></extensions></trkpt><trkpt lat="42.602857" lon="23.049452"><ele>715.6</ele><time>2026-09-22T13:51:16.000Z</time><extensions><gpxtpx:TrackPointExtension xmlns:gpxtpx="http://www.garmin.com/xmlschemas/TrackPointExtension/v1"><gpxtpx:atemp>15</gpxtpx:atemp></gpxtpx:TrackPointExtension></extensions></trkpt><trkpt lat="42.602893" lon="23.049489"><ele>715.4</ele><time>2026-09-22T13:51:18.000Z</time><extensions><gpxtpx:TrackPointExtension xmlns:gpxtpx="http://www.garmin.com/xmlschemas/TrackPointExtension/v1"><gpxtpx:atemp>15</gpxtpx:atemp></gpxtpx:TrackPointExtension></extensions></trkpt><trkpt lat="42.602917" lon="23.049578"><ele>715.2</ele><time>2026-09-22T13:51:21.000Z</time><extensions><gpxtpx:TrackPointExtension xmlns:gpxtpx="http://www.garmin.com/xmlschemas/TrackPointExtension/v1"><gpxtpx:atemp>15</gpxtpx:atemp></gpxtpx:TrackPointExtension></extensions></trkpt><trkpt lat="42.602909" lon="23.049792"><ele>715.2</ele><time>2026-09-22T13:51:27.000Z</time><extensions><gpxtpx:TrackPointExtension xmlns:gpxtpx="http://www.garmin.com/xmlschemas/TrackPointExtension/v1"><gpxtpx:atemp>15</gpxtpx:atemp></gpxtpx:TrackPointExtension></extensions></trkpt><trkpt lat="42.602922" lon="23.049985"><ele>715.4</ele><time>2026-09-22T13:51:33.000Z</time><extensions><gpxtpx:TrackPointExtension xmlns:gpxtpx="http://www.garmin.com/xmlschemas/TrackPointExtension/v1"><gpxtpx:atemp>15</gpxtpx:atemp></gpxtpx:TrackPointExtension></extensions></trkpt><trkpt lat="42.602951" lon="23.050012"><ele>715.6</ele><time>2026-09-22T13:51:35.000Z</time><extensions><gpxtpx:TrackPointExtension xmlns:gpxtpx="http://www.garmin.com/xmlschemas/TrackPointExtension/v1"><gpxtpx:atemp>15</gpxtpx:atemp></gpxtpx:TrackPointExtension></extensions></trkpt><trkpt lat="42.602972" lon="23.049981"><ele>715.6</ele><time>2026-09-22T13:51:37.000Z</time><extensions><gpxtpx:TrackPointExtension xmlns:gpxtpx="http://www.garmin.com/xmlschemas/TrackPointExtension/v1"><gpxtpx:atemp>15</gpxtpx:atemp></gpxtpx:TrackPointExtension></extensions></trkpt><trkpt lat="42.602858" lon="23.048684"><ele>713.2</ele><time>2026-09-22T13:52:05.000Z</time><extensions><gpxtpx:TrackPointExtension xmlns:gpxtpx="http://www.garmin.com/xmlschemas/TrackPointExtension/v1"><gpxtpx:atemp>15</gpxtpx:atemp></gpxtpx:TrackPointExtension></extensions></trkpt><trkpt lat="42.602896" lon="23.0486"><ele>712.8</ele><time>2026-09-22T13:52:08.000Z</time><extensions><gpxtpx:TrackPointExtension xmlns:gpxtpx="http://www.garmin.com/xmlschemas/TrackPointExtension/v1"><gpxtpx:atemp>15</gpxtpx:atemp></gpxtpx:TrackPointExtension></extensions></trkpt><trkpt lat="42.602841" lon="23.048513"><ele>712.6</ele><time>2026-09-22T13:52:12.000Z</time><extensions><gpxtpx:TrackPointExtension xmlns:gpxtpx="http://www.garmin.com/xmlschemas/TrackPointExtension/v1"><gpxtpx:atemp>15</gpxtpx:atemp></gpxtpx:TrackPointExtension></extensions></trkpt><trkpt lat="42.602782" lon="23.047802"><ele>714</ele><time>2026-09-22T13:52:30.000Z</time><extensions><gpxtpx:TrackPointExtension xmlns:gpxtpx="http://www.garmin.com/xmlschemas/TrackPointExtension/v1"><gpxtpx:atemp>15</gpxtpx:atemp></gpxtpx:TrackPointExtension></extensions></trkpt><trkpt lat="42.602698" lon="23.047186"><ele>714.8</ele><time>2026-09-22T13:52:43.000Z</time><extensions><gpxtpx:TrackPointExtension xmlns:gpxtpx="http://www.garmin.com/xmlschemas/TrackPointExtension/v1"><gpxtpx:atemp>15</gpxtpx:atemp></gpxtpx:TrackPointExtension></extensions></trkpt><trkpt lat="42.602656" lon="23.047002"><ele>714.8</ele><time>2026-09-22T13:52:47.000Z</time><extensions><gpxtpx:TrackPointExtension xmlns:gpxtpx="http://www.garmin.com/xmlschemas/TrackPointExtension/v1"><gpxtpx:atemp>15</gpxtpx:atemp></gpxtpx:TrackPointExtension></extensions></trkpt><trkpt lat="42.602584" lon="23.046826"><ele>715</ele><time>2026-09-22T13:52:52.000Z</time><extensions><gpxtpx:TrackPointExtension xmlns:gpxtpx="http://www.garmin.com/xmlschemas/TrackPointExtension/v1"><gpxtpx:atemp>15</gpxtpx:atemp></gpxtpx:TrackPointExtension></extensions></trkpt><trkpt lat="42.602388" lon="23.046623"><ele>714.6</ele><time>2026-09-22T13:53:10.000Z</time><extensions><gpxtpx:TrackPointExtension xmlns:gpxtpx="http://www.garmin.com/xmlschemas/TrackPointExtension/v1"><gpxtpx:atemp>15</gpxtpx:atemp></gpxtpx:TrackPointExtension></extensions></trkpt><trkpt lat="42.602369" lon="23.046524"><ele>714.4</ele><time>2026-09-22T13:53:22.000Z</time><extensions><gpxtpx:TrackPointExtension xmlns:gpxtpx="http://www.garmin.com/xmlschemas/TrackPointExtension/v1"><gpxtpx:atemp>15</gpxtpx:atemp></gpxtpx:TrackPointExtension></extensions></trkpt><trkpt lat="42.602264" lon="23.046398"><ele>714.2</ele><time>2026-09-22T13:53:34.000Z</time><extensions><gpxtpx:TrackPointExtension xmlns:gpxtpx="http://www.garmin.com/xmlschemas/TrackPointExtension/v1"><gpxtpx:atemp>15</gpxtpx:atemp></gpxtpx:TrackPointExtension></extensions></trkpt><trkpt lat="42.602203" lon="23.046273"><ele>714</ele><time>2026-09-22T13:53:47.000Z</time><extensions><gpxtpx:TrackPointExtension xmlns:gpxtpx="http://www.garmin.com/xmlschemas/TrackPointExtension/v1"><gpxtpx:atemp>15</gpxtpx:atemp></gpxtpx:TrackPointExtension></extensions></trkpt><trkpt lat="42.602205" lon="23.046226"><ele>714</ele><time>2026-09-22T13:53:51.000Z</time><extensions><gpxtpx:TrackPointExtension xmlns:gpxtpx="http://www.garmin.com/xmlschemas/TrackPointExtension/v1"><gpxtpx:atemp>15</gpxtpx:atemp></gpxtpx:TrackPointExtension></extensions></trkpt><trkpt lat="42.602236" lon="23.046178"><ele>713.8</ele><time>2026-09-22T13:53:54.000Z</time><extensions><gpxtpx:TrackPointExtension xmlns:gpxtpx="http://www.garmin.com/xmlschemas/TrackPointExtension/v1"><gpxtpx:atemp>15</gpxtpx:atemp></gpxtpx:TrackPointExtension></extensions></trkpt><trkpt lat="42.602421" lon="23.045926"><ele>712.4</ele><time>2026-09-22T13:54:25.000Z</time><extensions><gpxtpx:TrackPointExtension xmlns:gpxtpx="http://www.garmin.com/xmlschemas/TrackPointExtension/v1"><gpxtpx:atemp>15</gpxtpx:atemp></gpxtpx:TrackPointExtension></extensions></trkpt><trkpt lat="42.60247" lon="23.045886"><ele>712</ele><time>2026-09-22T13:54:28.000Z</time><extensions><gpxtpx:TrackPointExtension xmlns:gpxtpx="http://www.garmin.com/xmlschemas/TrackPointExtension/v1"><gpxtpx:atemp>15</gpxtpx:atemp></gpxtpx:TrackPointExtension></extensions></trkpt><trkpt lat="42.602535" lon="23.045872"><ele>711.8</ele><time>2026-09-22T13:54:31.000Z</time><extensions><gpxtpx:TrackPointExtension xmlns:gpxtpx="http://www.garmin.com/xmlschemas/TrackPointExtension/v1"><gpxtpx:atemp>15</gpxtpx:atemp></gpxtpx:TrackPointExtension></extensions></trkpt><trkpt lat="42.602602" lon="23.045893"><ele>711.6</ele><time>2026-09-22T13:54:34.000Z</time><extensions><gpxtpx:TrackPointExtension xmlns:gpxtpx="http://www.garmin.com/xmlschemas/TrackPointExtension/v1"><gpxtpx:atemp>15</gpxtpx:atemp></gpxtpx:TrackPointExtension></extensions></trkpt><trkpt lat="42.60266" lon="23.045945"><ele>711.2</ele><time>2026-09-22T13:54:37.000Z</time><extensions><gpxtpx:TrackPointExtension xmlns:gpxtpx="http://www.garmin.com/xmlschemas/TrackPointExtension/v1"><gpxtpx:atemp>15</gpxtpx:atemp></gpxtpx:TrackPointExtension></extensions></trkpt><trkpt lat="42.602703" lon="23.046033"><ele>710.8</ele><time>2026-09-22T13:54:40.000Z</time><extensions><gpxtpx:TrackPointExtension xmlns:gpxtpx="http://www.garmin.com/xmlschemas/TrackPointExtension/v1"><gpxtpx:atemp>15</gpxtpx:atemp></gpxtpx:TrackPointExtension></extensions></trkpt><trkpt lat="42.602744" lon="23.046497"><ele>709.8</ele><time>2026-09-22T13:54:48.000Z</time><extensions><gpxtpx:TrackPointExtension xmlns:gpxtpx="http://www.garmin.com/xmlschemas/TrackPointExtension/v1"><gpxtpx:atemp>15</gpxtpx:atemp></gpxtpx:TrackPointExtension></extensions></trkpt><trkpt lat="42.602902" lon="23.047534"><ele>708.4</ele><time>2026-09-22T13:55:01.000Z</time><extensions><gpxtpx:TrackPointExtension xmlns:gpxtpx="http://www.garmin.com/xmlschemas/TrackPointExtension/v1"><gpxtpx:atemp>15</gpxtpx:atemp></gpxtpx:TrackPointExtension></extensions></trkpt><trkpt lat="42.603065" lon="23.048461"><ele>711.2</ele><time>2026-09-22T13:55:18.000Z</time><extensions><gpxtpx:TrackPointExtension xmlns:gpxtpx="http://www.garmin.com/xmlschemas/TrackPointExtension/v1"><gpxtpx:atemp>15</gpxtpx:atemp></gpxtpx:TrackPointExtension></extensions></trkpt><trkpt lat="42.603128" lon="23.049024"><ele>711.4</ele><time>2026-09-22T13:55:28.000Z</time><extensions><gpxtpx:TrackPointExtension xmlns:gpxtpx="http://www.garmin.com/xmlschemas/TrackPointExtension/v1"><gpxtpx:atemp>15</gpxtpx:atemp></gpxtpx:TrackPointExtension></extensions></trkpt><trkpt lat="42.603304" lon="23.053058"><ele>709.6</ele><time>2026-09-22T13:56:20.000Z</time><extensions><gpxtpx:TrackPointExtension xmlns:gpxtpx="http://www.garmin.com/xmlschemas/TrackPointExtension/v1"><gpxtpx:atemp>16</gpxtpx:atemp></gpxtpx:TrackPointExtension></extensions></trkpt><trkpt lat="42.603273" lon="23.053672"><ele>710.2</ele><time>2026-09-22T13:56:29.000Z</time><extensions><gpxtpx:TrackPointExtension xmlns:gpxtpx="http://www.garmin.com/xmlschemas/TrackPointExtension/v1"><gpxtpx:atemp>16</gpxtpx:atemp></gpxtpx:TrackPointExtension></extensions></trkpt><trkpt lat="42.60331" lon="23.053899"><ele>710.4</ele><time>2026-09-22T13:56:33.000Z</time><extensions><gpxtpx:TrackPointExtension xmlns:gpxtpx="http://www.garmin.com/xmlschemas/TrackPointExtension/v1"><gpxtpx:atemp>16</gpxtpx:atemp></gpxtpx:TrackPointExtension></extensions></trkpt><trkpt lat="42.603345" lon="23.053999"><ele>710.6</ele><time>2026-09-22T13:56:35.000Z</time><extensions><gpxtpx:TrackPointExtension xmlns:gpxtpx="http://www.garmin.com/xmlschemas/TrackPointExtension/v1"><gpxtpx:atemp>16</gpxtpx:atemp></gpxtpx:TrackPointExtension></extensions></trkpt><trkpt lat="42.603427" lon="23.05483"><ele>709.8</ele><time>2026-09-22T13:56:49.000Z</time><extensions><gpxtpx:TrackPointExtension xmlns:gpxtpx="http://www.garmin.com/xmlschemas/TrackPointExtension/v1"><gpxtpx:atemp>16</gpxtpx:atemp></gpxtpx:TrackPointExtension></extensions></trkpt><trkpt lat="42.603581" lon="23.057041"><ele>710.4</ele><time>2026-09-22T13:57:19.000Z</time><extensions><gpxtpx:TrackPointExtension xmlns:gpxtpx="http://www.garmin.com/xmlschemas/TrackPointExtension/v1"><gpxtpx:atemp>16</gpxtpx:atemp></gpxtpx:TrackPointExtension></extensions></trkpt><trkpt lat="42.603862" lon="23.060174"><ele>712.8</ele><time>2026-09-22T13:57:59.000Z</time><extensions><gpxtpx:TrackPointExtension xmlns:gpxtpx="http://www.garmin.com/xmlschemas/TrackPointExtension/v1"><gpxtpx:atemp>16</gpxtpx:atemp></gpxtpx:TrackPointExtension></extensions></trkpt><trkpt lat="42.603992" lon="23.062006"><ele>714.6</ele><time>2026-09-22T13:58:28.000Z</time><extensions><gpxtpx:TrackPointExtension xmlns:gpxtpx="http://www.garmin.com/xmlschemas/TrackPointExtension/v1"><gpxtpx:atemp>16</gpxtpx:atemp></gpxtpx:TrackPointExtension></extensions></trkpt><trkpt lat="42.604012" lon="23.063486"><ele>715.2</ele><time>2026-09-22T13:58:50.000Z</time><extensions><gpxtpx:TrackPointExtension xmlns:gpxtpx="http://www.garmin.com/xmlschemas/TrackPointExtension/v1"><gpxtpx:atemp>16</gpxtpx:atemp></gpxtpx:TrackPointExtension></extensions></trkpt><trkpt lat="42.603984" lon="23.064372"><ele>714.8</ele><time>2026-09-22T13:59:02.000Z</time><extensions><gpxtpx:TrackPointExtension xmlns:gpxtpx="http://www.garmin.com/xmlschemas/TrackPointExtension/v1"><gpxtpx:atemp>16</gpxtpx:atemp></gpxtpx:TrackPointExtension></extensions></trkpt><trkpt lat="42.603752" lon="23.068534"><ele>711.8</ele><time>2026-09-22T13:59:54.000Z</time><extensions><gpxtpx:TrackPointExtension xmlns:gpxtpx="http://www.garmin.com/xmlschemas/TrackPointExtension/v1"><gpxtpx:atemp>16</gpxtpx:atemp></gpxtpx:TrackPointExtension></extensions></trkpt><trkpt lat="42.603691" lon="23.069381"><ele>711.4</ele><time>2026-09-22T14:00:04.000Z</time><extensions><gpxtpx:TrackPointExtension xmlns:gpxtpx="http://www.garmin.com/xmlschemas/TrackPointExtension/v1"><gpxtpx:atemp>16</gpxtpx:atemp></gpxtpx:TrackPointExtension></extensions></trkpt><trkpt lat="42.603672" lon="23.07028"><ele>712</ele><time>2026-09-22T14:00:15.000Z</time><extensions><gpxtpx:TrackPointExtension xmlns:gpxtpx="http://www.garmin.com/xmlschemas/TrackPointExtension/v1"><gpxtpx:atemp>16</gpxtpx:atemp></gpxtpx:TrackPointExtension></extensions></trkpt><trkpt lat="42.60369" lon="23.070645"><ele>712.2</ele><time>2026-09-22T14:00:20.000Z</time><extensions><gpxtpx:TrackPointExtension xmlns:gpxtpx="http://www.garmin.com/xmlschemas/TrackPointExtension/v1"><gpxtpx:atemp>16</gpxtpx:atemp></gpxtpx:TrackPointExtension></extensions></trkpt><trkpt lat="42.603764" lon="23.071176"><ele>713</ele><time>2026-09-22T14:00:28.000Z</time><extensions><gpxtpx:TrackPointExtension xmlns:gpxtpx="http://www.garmin.com/xmlschemas/TrackPointExtension/v1"><gpxtpx:atemp>16</gpxtpx:atemp></gpxtpx:TrackPointExtension></extensions></trkpt><trkpt lat="42.604024" lon="23.072592"><ele>716.2</ele><time>2026-09-22T14:00:55.000Z</time><extensions><gpxtpx:TrackPointExtension xmlns:gpxtpx="http://www.garmin.com/xmlschemas/TrackPointExtension/v1"><gpxtpx:atemp>16</gpxtpx:atemp></gpxtpx:TrackPointExtension></extensions></trkpt><trkpt lat="42.604104" lon="23.07315"><ele>717.8</ele><time>2026-09-22T14:01:06.000Z</time><extensions><gpxtpx:TrackPointExtension xmlns:gpxtpx="http://www.garmin.com/xmlschemas/TrackPointExtension/v1"><gpxtpx:atemp>16</gpxtpx:atemp></gpxtpx:TrackPointExtension></extensions></trkpt><trkpt lat="42.604139" lon="23.073847"><ele>719.8</ele><time>2026-09-22T14:01:20.000Z</time><extensions><gpxtpx:TrackPointExtension xmlns:gpxtpx="http://www.garmin.com/xmlschemas/TrackPointExtension/v1"><gpxtpx:atemp>16</gpxtpx:atemp></gpxtpx:TrackPointExtension></extensions></trkpt><trkpt lat="42.604121" lon="23.074498"><ele>721.4</ele><time>2026-09-22T14:01:33.000Z</time><extensions><gpxtpx:TrackPointExtension xmlns:gpxtpx="http://www.garmin.com/xmlschemas/TrackPointExtension/v1"><gpxtpx:atemp>16</gpxtpx:atemp></gpxtpx:TrackPointExtension></extensions></trkpt><trkpt lat="42.604073" lon="23.075036"><ele>722.8</ele><time>2026-09-22T14:01:43.000Z</time><extensions><gpxtpx:TrackPointExtension xmlns:gpxtpx="http://www.garmin.com/xmlschemas/TrackPointExtension/v1"><gpxtpx:atemp>16</gpxtpx:atemp></gpxtpx:TrackPointExtension></extensions></trkpt><trkpt lat="42.603765" lon="23.077952"><ele>723.6</ele><time>2026-09-22T14:02:29.000Z</time><extensions><gpxtpx:TrackPointExtension xmlns:gpxtpx="http://www.garmin.com/xmlschemas/TrackPointExtension/v1"><gpxtpx:atemp>16</gpxtpx:atemp></gpxtpx:TrackPointExtension></extensions></trkpt><trkpt lat="42.603618" lon="23.079519"><ele>720.8</ele><time>2026-09-22T14:02:47.000Z</time><extensions><gpxtpx:TrackPointExtension xmlns:gpxtpx="http://www.garmin.com/xmlschemas/TrackPointExtension/v1"><gpxtpx:atemp>16</gpxtpx:atemp></gpxtpx:TrackPointExtension></extensions></trkpt><trkpt lat="42.603481" lon="23.081421"><ele>718.8</ele><time>2026-09-22T14:03:06.000Z</time><extensions><gpxtpx:TrackPointExtension xmlns:gpxtpx="http://www.garmin.com/xmlschemas/TrackPointExtension/v1"><gpxtpx:atemp>16</gpxtpx:atemp></gpxtpx:TrackPointExtension></extensions></trkpt><trkpt lat="42.603383" lon="23.083255"><ele>720.2</ele><time>2026-09-22T14:03:29.000Z</time><extensions><gpxtpx:TrackPointExtension xmlns:gpxtpx="http://www.garmin.com/xmlschemas/TrackPointExtension/v1"><gpxtpx:atemp>16</gpxtpx:atemp></gpxtpx:TrackPointExtension></extensions></trkpt><trkpt lat="42.603336" lon="23.084567"><ele>721.6</ele><time>2026-09-22T14:03:48.000Z</time><extensions><gpxtpx:TrackPointExtension xmlns:gpxtpx="http://www.garmin.com/xmlschemas/TrackPointExtension/v1"><gpxtpx:atemp>16</gpxtpx:atemp></gpxtpx:TrackPointExtension></extensions></trkpt><trkpt lat="42.603274" lon="23.08529"><ele>722.2</ele><time>2026-09-22T14:03:59.000Z</time><extensions><gpxtpx:TrackPointExtension xmlns:gpxtpx="http://www.garmin.com/xmlschemas/TrackPointExtension/v1"><gpxtpx:atemp>15</gpxtpx:atemp></gpxtpx:TrackPointExtension></extensions></trkpt><trkpt lat="42.603228" lon="23.086185"><ele>722.8</ele><time>2026-09-22T14:04:14.000Z</time><extensions><gpxtpx:TrackPointExtension xmlns:gpxtpx="http://www.garmin.com/xmlschemas/TrackPointExtension/v1"><gpxtpx:atemp>16</gpxtpx:atemp></gpxtpx:TrackPointExtension></extensions></trkpt><trkpt lat="42.603225" lon="23.087228"><ele>723.8</ele><time>2026-09-22T14:04:32.000Z</time><extensions><gpxtpx:TrackPointExtension xmlns:gpxtpx="http://www.garmin.com/xmlschemas/TrackPointExtension/v1"><gpxtpx:atemp>15</gpxtpx:atemp></gpxtpx:TrackPointExtension></extensions></trkpt><trkpt lat="42.603171" lon="23.08798"><ele>724.4</ele><time>2026-09-22T14:04:45.000Z</time><extensions><gpxtpx:TrackPointExtension xmlns:gpxtpx="http://www.garmin.com/xmlschemas/TrackPointExtension/v1"><gpxtpx:atemp>15</gpxtpx:atemp></gpxtpx:TrackPointExtension></extensions></trkpt><trkpt lat="42.603154" lon="23.088643"><ele>724.8</ele><time>2026-09-22T14:04:56.000Z</time><extensions><gpxtpx:TrackPointExtension xmlns:gpxtpx="http://www.garmin.com/xmlschemas/TrackPointExtension/v1"><gpxtpx:atemp>15</gpxtpx:atemp></gpxtpx:TrackPointExtension></extensions></trkpt><trkpt lat="42.603134" lon="23.08887"><ele>725.2</ele><time>2026-09-22T14:05:00.000Z</time><extensions><gpxtpx:TrackPointExtension xmlns:gpxtpx="http://www.garmin.com/xmlschemas/TrackPointExtension/v1"><gpxtpx:atemp>15</gpxtpx:atemp></gpxtpx:TrackPointExtension></extensions></trkpt><trkpt lat="42.603153" lon="23.089125"><ele>725.4</ele><time>2026-09-22T14:05:05.000Z</time><extensions><gpxtpx:TrackPointExtension xmlns:gpxtpx="http://www.garmin.com/xmlschemas/TrackPointExtension/v1"><gpxtpx:atemp>15</gpxtpx:atemp></gpxtpx:TrackPointExtension></extensions></trkpt><trkpt lat="42.603151" lon="23.089437"><ele>725.8</ele><time>2026-09-22T14:05:11.000Z</time><extensions><gpxtpx:TrackPointExtension xmlns:gpxtpx="http://www.garmin.com/xmlschemas/TrackPointExtension/v1"><gpxtpx:atemp>15</gpxtpx:atemp></gpxtpx:TrackPointExtension></extensions></trkpt><trkpt lat="42.603113" lon="23.089718"><ele>725.8</ele><time>2026-09-22T14:05:16.000Z</time><extensions><gpxtpx:TrackPointExtension xmlns:gpxtpx="http://www.garmin.com/xmlschemas/TrackPointExtension/v1"><gpxtpx:atemp>15</gpxtpx:atemp></gpxtpx:TrackPointExtension></extensions></trkpt><trkpt lat="42.603081" lon="23.090362"><ele>726.4</ele><time>2026-09-22T14:05:27.000Z</time><extensions><gpxtpx:TrackPointExtension xmlns:gpxtpx="http://www.garmin.com/xmlschemas/TrackPointExtension/v1"><gpxtpx:atemp>15</gpxtpx:atemp></gpxtpx:TrackPointExtension></extensions></trkpt><trkpt lat="42.60303" lon="23.092266"><ele>727.6</ele><time>2026-09-22T14:05:58.000Z</time><extensions><gpxtpx:TrackPointExtension xmlns:gpxtpx="http://www.garmin.com/xmlschemas/TrackPointExtension/v1"><gpxtpx:atemp>15</gpxtpx:atemp></gpxtpx:TrackPointExtension></extensions></trkpt><trkpt lat="42.602948" lon="23.09432"><ele>728.4</ele><time>2026-09-22T14:06:28.000Z</time><extensions><gpxtpx:TrackPointExtension xmlns:gpxtpx="http://www.garmin.com/xmlschemas/TrackPointExtension/v1"><gpxtpx:atemp>15</gpxtpx:atemp></gpxtpx:TrackPointExtension></extensions></trkpt><trkpt lat="42.602821" lon="23.096867"><ele>728.2</ele><time>2026-09-22T14:07:02.000Z</time><extensions><gpxtpx:TrackPointExtension xmlns:gpxtpx="http://www.garmin.com/xmlschemas/TrackPointExtension/v1"><gpxtpx:atemp>15</gpxtpx:atemp></gpxtpx:TrackPointExtension></extensions></trkpt><trkpt lat="42.602801" lon="23.097658"><ele>728.2</ele><time>2026-09-22T14:07:12.000Z</time><extensions><gpxtpx:TrackPointExtension xmlns:gpxtpx="http://www.garmin.com/xmlschemas/TrackPointExtension/v1"><gpxtpx:atemp>15</gpxtpx:atemp></gpxtpx:TrackPointExtension></extensions></trkpt><trkpt lat="42.602708" lon="23.099408"><ele>727.8</ele><time>2026-09-22T14:07:35.000Z</time><extensions><gpxtpx:TrackPointExtension xmlns:gpxtpx="http://www.garmin.com/xmlschemas/TrackPointExtension/v1"><gpxtpx:atemp>15</gpxtpx:atemp></gpxtpx:TrackPointExtension></extensions></trkpt><trkpt lat="42.602676" lon="23.100506"><ele>727.4</ele><time>2026-09-22T14:07:50.000Z</time><extensions><gpxtpx:TrackPointExtension xmlns:gpxtpx="http://www.garmin.com/xmlschemas/TrackPointExtension/v1"><gpxtpx:atemp>15</gpxtpx:atemp></gpxtpx:TrackPointExtension></extensions></trkpt><trkpt lat="42.602608" lon="23.101472"><ele>727.4</ele><time>2026-09-22T14:08:03.000Z</time><extensions><gpxtpx:TrackPointExtension xmlns:gpxtpx="http://www.garmin.com/xmlschemas/TrackPointExtension/v1"><gpxtpx:atemp>15</gpxtpx:atemp></gpxtpx:TrackPointExtension></extensions></trkpt><trkpt lat="42.602581" lon="23.102064"><ele>727.2</ele><time>2026-09-22T14:08:11.000Z</time><extensions><gpxtpx:TrackPointExtension xmlns:gpxtpx="http://www.garmin.com/xmlschemas/TrackPointExtension/v1"><gpxtpx:atemp>15</gpxtpx:atemp></gpxtpx:TrackPointExtension></extensions></trkpt><trkpt lat="42.602583" lon="23.102809"><ele>727</ele><time>2026-09-22T14:08:22.000Z</time><extensions><gpxtpx:TrackPointExtension xmlns:gpxtpx="http://www.garmin.com/xmlschemas/TrackPointExtension/v1"><gpxtpx:atemp>15</gpxtpx:atemp></gpxtpx:TrackPointExtension></extensions></trkpt><trkpt lat="42.602409" lon="23.106869"><ele>726.6</ele><time>2026-09-22T14:09:22.000Z</time><extensions><gpxtpx:TrackPointExtension xmlns:gpxtpx="http://www.garmin.com/xmlschemas/TrackPointExtension/v1"><gpxtpx:atemp>15</gpxtpx:atemp></gpxtpx:TrackPointExtension></extensions></trkpt><trkpt lat="42.602328" lon="23.107733"><ele>726.6</ele><time>2026-09-22T14:09:35.000Z</time><extensions><gpxtpx:TrackPointExtension xmlns:gpxtpx="http://www.garmin.com/xmlschemas/TrackPointExtension/v1"><gpxtpx:atemp>15</gpxtpx:atemp></gpxtpx:TrackPointExtension></extensions></trkpt><trkpt lat="42.602143" lon="23.108869"><ele>727</ele><time>2026-09-22T14:09:53.000Z</time><extensions><gpxtpx:TrackPointExtension xmlns:gpxtpx="http://www.garmin.com/xmlschemas/TrackPointExtension/v1"><gpxtpx:atemp>15</gpxtpx:atemp></gpxtpx:TrackPointExtension></extensions></trkpt><trkpt lat="42.601996" lon="23.110057"><ele>727.4</ele><time>2026-09-22T14:10:12.000Z</time><extensions><gpxtpx:TrackPointExtension xmlns:gpxtpx="http://www.garmin.com/xmlschemas/TrackPointExtension/v1"><gpxtpx:atemp>15</gpxtpx:atemp></gpxtpx:TrackPointExtension></extensions></trkpt><trkpt lat="42.601966" lon="23.110432"><ele>727.6</ele><time>2026-09-22T14:10:18.000Z</time><extensions><gpxtpx:TrackPointExtension xmlns:gpxtpx="http://www.garmin.com/xmlschemas/TrackPointExtension/v1"><gpxtpx:atemp>15</gpxtpx:atemp></gpxtpx:TrackPointExtension></extensions></trkpt><trkpt lat="42.601898" lon="23.111832"><ele>727.8</ele><time>2026-09-22T14:10:40.000Z</time><extensions><gpxtpx:TrackPointExtension xmlns:gpxtpx="http://www.garmin.com/xmlschemas/TrackPointExtension/v1"><gpxtpx:atemp>15</gpxtpx:atemp></gpxtpx:TrackPointExtension></extensions></trkpt><trkpt lat="42.601839" lon="23.112298"><ele>728.2</ele><time>2026-09-22T14:10:48.000Z</time><extensions><gpxtpx:TrackPointExtension xmlns:gpxtpx="http://www.garmin.com/xmlschemas/TrackPointExtension/v1"><gpxtpx:atemp>15</gpxtpx:atemp></gpxtpx:TrackPointExtension></extensions></trkpt><trkpt lat="42.601387" lon="23.1148"><ele>731.6</ele><time>2026-09-22T14:11:36.000Z</time><extensions><gpxtpx:TrackPointExtension xmlns:gpxtpx="http://www.garmin.com/xmlschemas/TrackPointExtension/v1"><gpxtpx:atemp>15</gpxtpx:atemp></gpxtpx:TrackPointExtension></extensions></trkpt><trkpt lat="42.601131" lon="23.116115"><ele>732</ele><time>2026-09-22T14:11:58.000Z</time><extensions><gpxtpx:TrackPointExtension xmlns:gpxtpx="http://www.garmin.com/xmlschemas/TrackPointExtension/v1"><gpxtpx:atemp>15</gpxtpx:atemp></gpxtpx:TrackPointExtension></extensions></trkpt><trkpt lat="42.601099" lon="23.116358"><ele>732</ele><time>2026-09-22T14:12:02.000Z</time><extensions><gpxtpx:TrackPointExtension xmlns:gpxtpx="http://www.garmin.com/xmlschemas/TrackPointExtension/v1"><gpxtpx:atemp>15</gpxtpx:atemp></gpxtpx:TrackPointExtension></extensions></trkpt><trkpt lat="42.60092" lon="23.117339"><ele>731.8</ele><time>2026-09-22T14:12:17.000Z</time><extensions><gpxtpx:TrackPointExtension xmlns:gpxtpx="http://www.garmin.com/xmlschemas/TrackPointExtension/v1"><gpxtpx:atemp>15</gpxtpx:atemp></gpxtpx:TrackPointExtension></extensions></trkpt><trkpt lat="42.600818" lon="23.117805"><ele>731.8</ele><time>2026-09-22T14:12:24.000Z</time><extensions><gpxtpx:TrackPointExtension xmlns:gpxtpx="http://www.garmin.com/xmlschemas/TrackPointExtension/v1"><gpxtpx:atemp>15</gpxtpx:atemp></gpxtpx:TrackPointExtension></extensions></trkpt><trkpt lat="42.600781" lon="23.118065"><ele>731.6</ele><time>2026-09-22T14:12:28.000Z</time><extensions><gpxtpx:TrackPointExtension xmlns:gpxtpx="http://www.garmin.com/xmlschemas/TrackPointExtension/v1"><gpxtpx:atemp>16</gpxtpx:atemp></gpxtpx:TrackPointExtension></extensions></trkpt><trkpt lat="42.600652" lon="23.119473"><ele>731.2</ele><time>2026-09-22T14:12:47.000Z</time><extensions><gpxtpx:TrackPointExtension xmlns:gpxtpx="http://www.garmin.com/xmlschemas/TrackPointExtension/v1"><gpxtpx:atemp>15</gpxtpx:atemp></gpxtpx:TrackPointExtension></extensions></trkpt><trkpt lat="42.600634" lon="23.120621"><ele>733</ele><time>2026-09-22T14:13:08.000Z</time><extensions><gpxtpx:TrackPointExtension xmlns:gpxtpx="http://www.garmin.com/xmlschemas/TrackPointExtension/v1"><gpxtpx:atemp>15</gpxtpx:atemp></gpxtpx:TrackPointExtension></extensions></trkpt><trkpt lat="42.600667" lon="23.121512"><ele>736.2</ele><time>2026-09-22T14:13:30.000Z</time><extensions><gpxtpx:TrackPointExtension xmlns:gpxtpx="http://www.garmin.com/xmlschemas/TrackPointExtension/v1"><gpxtpx:atemp>15</gpxtpx:atemp></gpxtpx:TrackPointExtension></extensions></trkpt><trkpt lat="42.60066" lon="23.121634"><ele>736.6</ele><time>2026-09-22T14:13:33.000Z</time><extensions><gpxtpx:TrackPointExtension xmlns:gpxtpx="http://www.garmin.com/xmlschemas/TrackPointExtension/v1"><gpxtpx:atemp>15</gpxtpx:atemp></gpxtpx:TrackPointExtension></extensions></trkpt><trkpt lat="42.600605" lon="23.121982"><ele>738.2</ele><time>2026-09-22T14:13:42.000Z</time><extensions><gpxtpx:TrackPointExtension xmlns:gpxtpx="http://www.garmin.com/xmlschemas/TrackPointExtension/v1"><gpxtpx:atemp>15</gpxtpx:atemp></gpxtpx:TrackPointExtension></extensions></trkpt><trkpt lat="42.60054" lon="23.122192"><ele>738.8</ele><time>2026-09-22T14:13:48.000Z</time><extensions><gpxtpx:TrackPointExtension xmlns:gpxtpx="http://www.garmin.com/xmlschemas/TrackPointExtension/v1"><gpxtpx:atemp>15</gpxtpx:atemp></gpxtpx:TrackPointExtension></extensions></trkpt><trkpt lat="42.600462" lon="23.122345"><ele>739.4</ele><time>2026-09-22T14:13:53.000Z</time><extensions><gpxtpx:TrackPointExtension xmlns:gpxtpx="http://www.garmin.com/xmlschemas/TrackPointExtension/v1"><gpxtpx:atemp>15</gpxtpx:atemp></gpxtpx:TrackPointExtension></extensions></trkpt><trkpt lat="42.600386" lon="23.122436"><ele>740.2</ele><time>2026-09-22T14:13:57.000Z</time><extensions><gpxtpx:TrackPointExtension xmlns:gpxtpx="http://www.garmin.com/xmlschemas/TrackPointExtension/v1"><gpxtpx:atemp>15</gpxtpx:atemp></gpxtpx:TrackPointExtension></extensions></trkpt><trkpt lat="42.600261" lon="23.122516"><ele>740.8</ele><time>2026-09-22T14:14:02.000Z</time><extensions><gpxtpx:TrackPointExtension xmlns:gpxtpx="http://www.garmin.com/xmlschemas/TrackPointExtension/v1"><gpxtpx:atemp>15</gpxtpx:atemp></gpxtpx:TrackPointExtension></extensions></trkpt><trkpt lat="42.600171" lon="23.122544"><ele>741.2</ele><time>2026-09-22T14:14:05.000Z</time><extensions><gpxtpx:TrackPointExtension xmlns:gpxtpx="http://www.garmin.com/xmlschemas/TrackPointExtension/v1"><gpxtpx:atemp>15</gpxtpx:atemp></gpxtpx:TrackPointExtension></extensions></trkpt><trkpt lat="42.599495" lon="23.122518"><ele>741.6</ele><time>2026-09-22T14:14:19.000Z</time><extensions><gpxtpx:TrackPointExtension xmlns:gpxtpx="http://www.garmin.com/xmlschemas/TrackPointExtension/v1"><gpxtpx:atemp>15</gpxtpx:atemp></gpxtpx:TrackPointExtension></extensions></trkpt><trkpt lat="42.599336" lon="23.122557"><ele>741.8</ele><time>2026-09-22T14:14:22.000Z</time><extensions><gpxtpx:TrackPointExtension xmlns:gpxtpx="http://www.garmin.com/xmlschemas/TrackPointExtension/v1"><gpxtpx:atemp>15</gpxtpx:atemp></gpxtpx:TrackPointExtension></extensions></trkpt><trkpt lat="42.599193" lon="23.12265"><ele>742</ele><time>2026-09-22T14:14:25.000Z</time><extensions><gpxtpx:TrackPointExtension xmlns:gpxtpx="http://www.garmin.com/xmlschemas/TrackPointExtension/v1"><gpxtpx:atemp>15</gpxtpx:atemp></gpxtpx:TrackPointExtension></extensions></trkpt><trkpt lat="42.599045" lon="23.12283"><ele>742.2</ele><time>2026-09-22T14:14:29.000Z</time><extensions><gpxtpx:TrackPointExtension xmlns:gpxtpx="http://www.garmin.com/xmlschemas/TrackPointExtension/v1"><gpxtpx:atemp>15</gpxtpx:atemp></gpxtpx:TrackPointExtension></extensions></trkpt><trkpt lat="42.598983" lon="23.122938"><ele>742.4</ele><time>2026-09-22T14:14:31.000Z</time><extensions><gpxtpx:TrackPointExtension xmlns:gpxtpx="http://www.garmin.com/xmlschemas/TrackPointExtension/v1"><gpxtpx:atemp>15</gpxtpx:atemp></gpxtpx:TrackPointExtension></extensions></trkpt><trkpt lat="42.598912" lon="23.123108"><ele>742.4</ele><time>2026-09-22T14:14:34.000Z</time><extensions><gpxtpx:TrackPointExtension xmlns:gpxtpx="http://www.garmin.com/xmlschemas/TrackPointExtension/v1"><gpxtpx:atemp>15</gpxtpx:atemp></gpxtpx:TrackPointExtension></extensions></trkpt><trkpt lat="42.598878" lon="23.123212"><ele>742.4</ele><time>2026-09-22T14:14:36.000Z</time><extensions><gpxtpx:TrackPointExtension xmlns:gpxtpx="http://www.garmin.com/xmlschemas/TrackPointExtension/v1"><gpxtpx:atemp>15</gpxtpx:atemp></gpxtpx:TrackPointExtension></extensions></trkpt><trkpt lat="42.598833" lon="23.123668"><ele>742.4</ele><time>2026-09-22T14:14:42.000Z</time><extensions><gpxtpx:TrackPointExtension xmlns:gpxtpx="http://www.garmin.com/xmlschemas/TrackPointExtension/v1"><gpxtpx:atemp>15</gpxtpx:atemp></gpxtpx:TrackPointExtension></extensions></trkpt><trkpt lat="42.598843" lon="23.123888"><ele>742</ele><time>2026-09-22T14:14:45.000Z</time><extensions><gpxtpx:TrackPointExtension xmlns:gpxtpx="http://www.garmin.com/xmlschemas/TrackPointExtension/v1"><gpxtpx:atemp>15</gpxtpx:atemp></gpxtpx:TrackPointExtension></extensions></trkpt><trkpt lat="42.598901" lon="23.124208"><ele>741.8</ele><time>2026-09-22T14:14:49.000Z</time><extensions><gpxtpx:TrackPointExtension xmlns:gpxtpx="http://www.garmin.com/xmlschemas/TrackPointExtension/v1"><gpxtpx:atemp>15</gpxtpx:atemp></gpxtpx:TrackPointExtension></extensions></trkpt><trkpt lat="42.598977" lon="23.124436"><ele>741.8</ele><time>2026-09-22T14:14:52.000Z</time><extensions><gpxtpx:TrackPointExtension xmlns:gpxtpx="http://www.garmin.com/xmlschemas/TrackPointExtension/v1"><gpxtpx:atemp>15</gpxtpx:atemp></gpxtpx:TrackPointExtension></extensions></trkpt><trkpt lat="42.599122" lon="23.124707"><ele>741.6</ele><time>2026-09-22T14:14:56.000Z</time><extensions><gpxtpx:TrackPointExtension xmlns:gpxtpx="http://www.garmin.com/xmlschemas/TrackPointExtension/v1"><gpxtpx:atemp>15</gpxtpx:atemp></gpxtpx:TrackPointExtension></extensions></trkpt><trkpt lat="42.599211" lon="23.124825"><ele>741.4</ele><time>2026-09-22T14:14:58.000Z</time><extensions><gpxtpx:TrackPointExtension xmlns:gpxtpx="http://www.garmin.com/xmlschemas/TrackPointExtension/v1"><gpxtpx:atemp>15</gpxtpx:atemp></gpxtpx:TrackPointExtension></extensions></trkpt><trkpt lat="42.599366" lon="23.124976"><ele>741</ele><time>2026-09-22T14:15:01.000Z</time><extensions><gpxtpx:TrackPointExtension xmlns:gpxtpx="http://www.garmin.com/xmlschemas/TrackPointExtension/v1"><gpxtpx:atemp>15</gpxtpx:atemp></gpxtpx:TrackPointExtension></extensions></trkpt><trkpt lat="42.599538" lon="23.125088"><ele>740.8</ele><time>2026-09-22T14:15:04.000Z</time><extensions><gpxtpx:TrackPointExtension xmlns:gpxtpx="http://www.garmin.com/xmlschemas/TrackPointExtension/v1"><gpxtpx:atemp>15</gpxtpx:atemp></gpxtpx:TrackPointExtension></extensions></trkpt><trkpt lat="42.599774" lon="23.125216"><ele>740.6</ele><time>2026-09-22T14:15:08.000Z</time><extensions><gpxtpx:TrackPointExtension xmlns:gpxtpx="http://www.garmin.com/xmlschemas/TrackPointExtension/v1"><gpxtpx:atemp>16</gpxtpx:atemp></gpxtpx:TrackPointExtension></extensions></trkpt><trkpt lat="42.599879" lon="23.125297"><ele>740.4</ele><time>2026-09-22T14:15:10.000Z</time><extensions><gpxtpx:TrackPointExtension xmlns:gpxtpx="http://www.garmin.com/xmlschemas/TrackPointExtension/v1"><gpxtpx:atemp>16</gpxtpx:atemp></gpxtpx:TrackPointExtension></extensions></trkpt><trkpt lat="42.6" lon="23.125463"><ele>740.2</ele><time>2026-09-22T14:15:13.000Z</time><extensions><gpxtpx:TrackPointExtension xmlns:gpxtpx="http://www.garmin.com/xmlschemas/TrackPointExtension/v1"><gpxtpx:atemp>16</gpxtpx:atemp></gpxtpx:TrackPointExtension></extensions></trkpt><trkpt lat="42.600065" lon="23.125592"><ele>740.2</ele><time>2026-09-22T14:15:15.000Z</time><extensions><gpxtpx:TrackPointExtension xmlns:gpxtpx="http://www.garmin.com/xmlschemas/TrackPointExtension/v1"><gpxtpx:atemp>16</gpxtpx:atemp></gpxtpx:TrackPointExtension></extensions></trkpt><trkpt lat="42.600352" lon="23.126372"><ele>741</ele><time>2026-09-22T14:15:29.000Z</time><extensions><gpxtpx:TrackPointExtension xmlns:gpxtpx="http://www.garmin.com/xmlschemas/TrackPointExtension/v1"><gpxtpx:atemp>16</gpxtpx:atemp></gpxtpx:TrackPointExtension></extensions></trkpt><trkpt lat="42.600853" lon="23.127809"><ele>743.4</ele><time>2026-09-22T14:15:57.000Z</time><extensions><gpxtpx:TrackPointExtension xmlns:gpxtpx="http://www.garmin.com/xmlschemas/TrackPointExtension/v1"><gpxtpx:atemp>16</gpxtpx:atemp></gpxtpx:TrackPointExtension></extensions></trkpt><trkpt lat="42.600981" lon="23.128293"><ele>744</ele><time>2026-09-22T14:16:06.000Z</time><extensions><gpxtpx:TrackPointExtension xmlns:gpxtpx="http://www.garmin.com/xmlschemas/TrackPointExtension/v1"><gpxtpx:atemp>16</gpxtpx:atemp></gpxtpx:TrackPointExtension></extensions></trkpt><trkpt lat="42.601076" lon="23.12888"><ele>744.8</ele><time>2026-09-22T14:16:16.000Z</time><extensions><gpxtpx:TrackPointExtension xmlns:gpxtpx="http://www.garmin.com/xmlschemas/TrackPointExtension/v1"><gpxtpx:atemp>16</gpxtpx:atemp></gpxtpx:TrackPointExtension></extensions></trkpt><trkpt lat="42.601169" lon="23.129935"><ele>745.4</ele><time>2026-09-22T14:16:32.000Z</time><extensions><gpxtpx:TrackPointExtension xmlns:gpxtpx="http://www.garmin.com/xmlschemas/TrackPointExtension/v1"><gpxtpx:atemp>16</gpxtpx:atemp></gpxtpx:TrackPointExtension></extensions></trkpt><trkpt lat="42.60126" lon="23.131477"><ele>745</ele><time>2026-09-22T14:16:54.000Z</time><extensions><gpxtpx:TrackPointExtension xmlns:gpxtpx="http://www.garmin.com/xmlschemas/TrackPointExtension/v1"><gpxtpx:atemp>15</gpxtpx:atemp></gpxtpx:TrackPointExtension></extensions></trkpt><trkpt lat="42.601337" lon="23.132342"><ele>743.8</ele><time>2026-09-22T14:17:05.000Z</time><extensions><gpxtpx:TrackPointExtension xmlns:gpxtpx="http://www.garmin.com/xmlschemas/TrackPointExtension/v1"><gpxtpx:atemp>15</gpxtpx:atemp></gpxtpx:TrackPointExtension></extensions></trkpt><trkpt lat="42.601863" lon="23.141367"><ele>744.8</ele><time>2026-09-22T14:19:15.000Z</time><extensions><gpxtpx:TrackPointExtension xmlns:gpxtpx="http://www.garmin.com/xmlschemas/TrackPointExtension/v1"><gpxtpx:atemp>15</gpxtpx:atemp></gpxtpx:TrackPointExtension></extensions></trkpt><trkpt lat="42.601954" lon="23.142744"><ele>745.8</ele><time>2026-09-22T14:19:44.000Z</time><extensions><gpxtpx:TrackPointExtension xmlns:gpxtpx="http://www.garmin.com/xmlschemas/TrackPointExtension/v1"><gpxtpx:atemp>15</gpxtpx:atemp></gpxtpx:TrackPointExtension></extensions></trkpt><trkpt lat="42.602017" lon="23.144073"><ele>747.2</ele><time>2026-09-22T14:20:08.000Z</time><extensions><gpxtpx:TrackPointExtension xmlns:gpxtpx="http://www.garmin.com/xmlschemas/TrackPointExtension/v1"><gpxtpx:atemp>15</gpxtpx:atemp></gpxtpx:TrackPointExtension></extensions></trkpt><trkpt lat="42.602163" lon="23.146086"><ele>752.8</ele><time>2026-09-22T14:20:53.000Z</time><extensions><gpxtpx:TrackPointExtension xmlns:gpxtpx="http://www.garmin.com/xmlschemas/TrackPointExtension/v1"><gpxtpx:atemp>15</gpxtpx:atemp></gpxtpx:TrackPointExtension></extensions></trkpt><trkpt lat="42.602224" lon="23.147087"><ele>756.2</ele><time>2026-09-22T14:21:21.000Z</time><extensions><gpxtpx:TrackPointExtension xmlns:gpxtpx="http://www.garmin.com/xmlschemas/TrackPointExtension/v1"><gpxtpx:atemp>15</gpxtpx:atemp></gpxtpx:TrackPointExtension></extensions></trkpt><trkpt lat="42.602249" lon="23.147802"><ele>758</ele><time>2026-09-22T14:21:40.000Z</time><extensions><gpxtpx:TrackPointExtension xmlns:gpxtpx="http://www.garmin.com/xmlschemas/TrackPointExtension/v1"><gpxtpx:atemp>15</gpxtpx:atemp></gpxtpx:TrackPointExtension></extensions></trkpt><trkpt lat="42.60229" lon="23.148296"><ele>759.6</ele><time>2026-09-22T14:21:54.000Z</time><extensions><gpxtpx:TrackPointExtension xmlns:gpxtpx="http://www.garmin.com/xmlschemas/TrackPointExtension/v1"><gpxtpx:atemp>15</gpxtpx:atemp></gpxtpx:TrackPointExtension></extensions></trkpt><trkpt lat="42.602448" lon="23.151005"><ele>769</ele><time>2026-09-22T14:23:04.000Z</time><extensions><gpxtpx:TrackPointExtension xmlns:gpxtpx="http://www.garmin.com/xmlschemas/TrackPointExtension/v1"><gpxtpx:atemp>15</gpxtpx:atemp></gpxtpx:TrackPointExtension></extensions></trkpt><trkpt lat="42.602459" lon="23.151485"><ele>770.6</ele><time>2026-09-22T14:23:16.000Z</time><extensions><gpxtpx:TrackPointExtension xmlns:gpxtpx="http://www.garmin.com/xmlschemas/TrackPointExtension/v1"><gpxtpx:atemp>15</gpxtpx:atemp></gpxtpx:TrackPointExtension></extensions></trkpt><trkpt lat="42.602449" lon="23.152344"><ele>773.6</ele><time>2026-09-22T14:23:38.000Z</time><extensions><gpxtpx:TrackPointExtension xmlns:gpxtpx="http://www.garmin.com/xmlschemas/TrackPointExtension/v1"><gpxtpx:atemp>15</gpxtpx:atemp></gpxtpx:TrackPointExtension></extensions></trkpt><trkpt lat="42.602354" lon="23.153699"><ele>777.2</ele><time>2026-09-22T14:24:11.000Z</time><extensions><gpxtpx:TrackPointExtension xmlns:gpxtpx="http://www.garmin.com/xmlschemas/TrackPointExtension/v1"><gpxtpx:atemp>15</gpxtpx:atemp></gpxtpx:TrackPointExtension></extensions></trkpt><trkpt lat="42.602243" lon="23.154936"><ele>779.4</ele><time>2026-09-22T14:24:37.000Z</time><extensions><gpxtpx:TrackPointExtension xmlns:gpxtpx="http://www.garmin.com/xmlschemas/TrackPointExtension/v1"><gpxtpx:atemp>15</gpxtpx:atemp></gpxtpx:TrackPointExtension></extensions></trkpt><trkpt lat="42.602178" lon="23.15599"><ele>781.2</ele><time>2026-09-22T14:24:58.000Z</time><extensions><gpxtpx:TrackPointExtension xmlns:gpxtpx="http://www.garmin.com/xmlschemas/TrackPointExtension/v1"><gpxtpx:atemp>15</gpxtpx:atemp></gpxtpx:TrackPointExtension></extensions></trkpt><trkpt lat="42.602197" lon="23.156428"><ele>781.6</ele><time>2026-09-22T14:25:06.000Z</time><extensions><gpxtpx:TrackPointExtension xmlns:gpxtpx="http://www.garmin.com/xmlschemas/TrackPointExtension/v1"><gpxtpx:atemp>15</gpxtpx:atemp></gpxtpx:TrackPointExtension></extensions></trkpt><trkpt lat="42.602234" lon="23.156802"><ele>781.8</ele><time>2026-09-22T14:25:13.000Z</time><extensions><gpxtpx:TrackPointExtension xmlns:gpxtpx="http://www.garmin.com/xmlschemas/TrackPointExtension/v1"><gpxtpx:atemp>15</gpxtpx:atemp></gpxtpx:TrackPointExtension></extensions></trkpt><trkpt lat="42.602322" lon="23.15732"><ele>782.2</ele><time>2026-09-22T14:25:23.000Z</time><extensions><gpxtpx:TrackPointExtension xmlns:gpxtpx="http://www.garmin.com/xmlschemas/TrackPointExtension/v1"><gpxtpx:atemp>15</gpxtpx:atemp></gpxtpx:TrackPointExtension></extensions></trkpt><trkpt lat="42.602413" lon="23.157708"><ele>782.4</ele><time>2026-09-22T14:25:31.000Z</time><extensions><gpxtpx:TrackPointExtension xmlns:gpxtpx="http://www.garmin.com/xmlschemas/TrackPointExtension/v1"><gpxtpx:atemp>15</gpxtpx:atemp></gpxtpx:TrackPointExtension></extensions></trkpt><trkpt lat="42.602705" lon="23.158504"><ele>783.6</ele><time>2026-09-22T14:25:48.000Z</time><extensions><gpxtpx:TrackPointExtension xmlns:gpxtpx="http://www.garmin.com/xmlschemas/TrackPointExtension/v1"><gpxtpx:atemp>15</gpxtpx:atemp></gpxtpx:TrackPointExtension></extensions></trkpt><trkpt lat="42.60293" lon="23.159005"><ele>784</ele><time>2026-09-22T14:25:59.000Z</time><extensions><gpxtpx:TrackPointExtension xmlns:gpxtpx="http://www.garmin.com/xmlschemas/TrackPointExtension/v1"><gpxtpx:atemp>15</gpxtpx:atemp></gpxtpx:TrackPointExtension></extensions></trkpt><trkpt lat="42.603114" lon="23.159338"><ele>784.4</ele><time>2026-09-22T14:26:07.000Z</time><extensions><gpxtpx:TrackPointExtension xmlns:gpxtpx="http://www.garmin.com/xmlschemas/TrackPointExtension/v1"><gpxtpx:atemp>15</gpxtpx:atemp></gpxtpx:TrackPointExtension></extensions></trkpt><trkpt lat="42.6033" lon="23.159638"><ele>785</ele><time>2026-09-22T14:26:14.000Z</time><extensions><gpxtpx:TrackPointExtension xmlns:gpxtpx="http://www.garmin.com/xmlschemas/TrackPointExtension/v1"><gpxtpx:atemp>15</gpxtpx:atemp></gpxtpx:TrackPointExtension></extensions></trkpt><trkpt lat="42.603838" lon="23.16035"><ele>785.8</ele><time>2026-09-22T14:26:32.000Z</time><extensions><gpxtpx:TrackPointExtension xmlns:gpxtpx="http://www.garmin.com/xmlschemas/TrackPointExtension/v1"><gpxtpx:atemp>14</gpxtpx:atemp></gpxtpx:TrackPointExtension></extensions></trkpt><trkpt lat="42.606491" lon="23.163622"><ele>792.6</ele><time>2026-09-22T14:28:05.000Z</time><extensions><gpxtpx:TrackPointExtension xmlns:gpxtpx="http://www.garmin.com/xmlschemas/TrackPointExtension/v1"><gpxtpx:atemp>15</gpxtpx:atemp></gpxtpx:TrackPointExtension></extensions></trkpt><trkpt lat="42.606972" lon="23.164296"><ele>794.4</ele><time>2026-09-22T14:28:25.000Z</time><extensions><gpxtpx:TrackPointExtension xmlns:gpxtpx="http://www.garmin.com/xmlschemas/TrackPointExtension/v1"><gpxtpx:atemp>15</gpxtpx:atemp></gpxtpx:TrackPointExtension></extensions></trkpt><trkpt lat="42.60724" lon="23.164734"><ele>795.6</ele><time>2026-09-22T14:28:37.000Z</time><extensions><gpxtpx:TrackPointExtension xmlns:gpxtpx="http://www.garmin.com/xmlschemas/TrackPointExtension/v1"><gpxtpx:atemp>14</gpxtpx:atemp></gpxtpx:TrackPointExtension></extensions></trkpt><trkpt lat="42.607681" lon="23.165627"><ele>797.6</ele><time>2026-09-22T14:29:01.000Z</time><extensions><gpxtpx:TrackPointExtension xmlns:gpxtpx="http://www.garmin.com/xmlschemas/TrackPointExtension/v1"><gpxtpx:atemp>14</gpxtpx:atemp></gpxtpx:TrackPointExtension></extensions></trkpt><trkpt lat="42.608329" lon="23.167163"><ele>802.2</ele><time>2026-09-22T14:29:43.000Z</time><extensions><gpxtpx:TrackPointExtension xmlns:gpxtpx="http://www.garmin.com/xmlschemas/TrackPointExtension/v1"><gpxtpx:atemp>14</gpxtpx:atemp></gpxtpx:TrackPointExtension></extensions></trkpt><trkpt lat="42.608642" lon="23.167957"><ele>804.6</ele><time>2026-09-22T14:30:05.000Z</time><extensions><gpxtpx:TrackPointExtension xmlns:gpxtpx="http://www.garmin.com/xmlschemas/TrackPointExtension/v1"><gpxtpx:atemp>14</gpxtpx:atemp></gpxtpx:TrackPointExtension></extensions></trkpt><trkpt lat="42.608899" lon="23.16854"><ele>807.2</ele><time>2026-09-22T14:30:25.000Z</time><extensions><gpxtpx:TrackPointExtension xmlns:gpxtpx="http://www.garmin.com/xmlschemas/TrackPointExtension/v1"><gpxtpx:atemp>14</gpxtpx:atemp></gpxtpx:TrackPointExtension></extensions></trkpt><trkpt lat="42.609385" lon="23.169835"><ele>813.6</ele><time>2026-09-22T14:31:12.000Z</time><extensions><gpxtpx:TrackPointExtension xmlns:gpxtpx="http://www.garmin.com/xmlschemas/TrackPointExtension/v1"><gpxtpx:atemp>14</gpxtpx:atemp></gpxtpx:TrackPointExtension></extensions></trkpt><trkpt lat="42.609744" lon="23.170907"><ele>817.8</ele><time>2026-09-22T14:31:49.000Z</time><extensions><gpxtpx:TrackPointExtension xmlns:gpxtpx="http://www.garmin.com/xmlschemas/TrackPointExtension/v1"><gpxtpx:atemp>14</gpxtpx:atemp></gpxtpx:TrackPointExtension></extensions></trkpt><trkpt lat="42.610013" lon="23.171631"><ele>820.6</ele><time>2026-09-22T14:32:13.000Z</time><extensions><gpxtpx:TrackPointExtension xmlns:gpxtpx="http://www.garmin.com/xmlschemas/TrackPointExtension/v1"><gpxtpx:atemp>14</gpxtpx:atemp></gpxtpx:TrackPointExtension></extensions></trkpt><trkpt lat="42.610118" lon="23.171869"><ele>821.6</ele><time>2026-09-22T14:32:21.000Z</time><extensions><gpxtpx:TrackPointExtension xmlns:gpxtpx="http://www.garmin.com/xmlschemas/TrackPointExtension/v1"><gpxtpx:atemp>14</gpxtpx:atemp></gpxtpx:TrackPointExtension></extensions></trkpt><trkpt lat="42.610336" lon="23.172281"><ele>822.8</ele><time>2026-09-22T14:32:35.000Z</time><extensions><gpxtpx:TrackPointExtension xmlns:gpxtpx="http://www.garmin.com/xmlschemas/TrackPointExtension/v1"><gpxtpx:atemp>14</gpxtpx:atemp></gpxtpx:TrackPointExtension></extensions></trkpt><trkpt lat="42.610478" lon="23.1725"><ele>823.4</ele><time>2026-09-22T14:32:43.000Z</time><extensions><gpxtpx:TrackPointExtension xmlns:gpxtpx="http://www.garmin.com/xmlschemas/TrackPointExtension/v1"><gpxtpx:atemp>14</gpxtpx:atemp></gpxtpx:TrackPointExtension></extensions></trkpt><trkpt lat="42.610677" lon="23.172762"><ele>824.4</ele><time>2026-09-22T14:32:53.000Z</time><extensions><gpxtpx:TrackPointExtension xmlns:gpxtpx="http://www.garmin.com/xmlschemas/TrackPointExtension/v1"><gpxtpx:atemp>14</gpxtpx:atemp></gpxtpx:TrackPointExtension></extensions></trkpt><trkpt lat="42.61096" lon="23.173047"><ele>825.6</ele><time>2026-09-22T14:33:06.000Z</time><extensions><gpxtpx:TrackPointExtension xmlns:gpxtpx="http://www.garmin.com/xmlschemas/TrackPointExtension/v1"><gpxtpx:atemp>14</gpxtpx:atemp></gpxtpx:TrackPointExtension></extensions></trkpt><trkpt lat="42.611167" lon="23.173216"><ele>826.6</ele><time>2026-09-22T14:33:14.000Z</time><extensions><gpxtpx:TrackPointExtension xmlns:gpxtpx="http://www.garmin.com/xmlschemas/TrackPointExtension/v1"><gpxtpx:atemp>14</gpxtpx:atemp></gpxtpx:TrackPointExtension></extensions></trkpt><trkpt lat="42.611365" lon="23.173349"><ele>827.6</ele><time>2026-09-22T14:33:22.000Z</time><extensions><gpxtpx:TrackPointExtension xmlns:gpxtpx="http://www.garmin.com/xmlschemas/TrackPointExtension/v1"><gpxtpx:atemp>14</gpxtpx:atemp></gpxtpx:TrackPointExtension></extensions></trkpt><trkpt lat="42.611732" lon="23.173522"><ele>830</ele><time>2026-09-22T14:33:37.000Z</time><extensions><gpxtpx:TrackPointExtension xmlns:gpxtpx="http://www.garmin.com/xmlschemas/TrackPointExtension/v1"><gpxtpx:atemp>14</gpxtpx:atemp></gpxtpx:TrackPointExtension></extensions></trkpt><trkpt lat="42.612129" lon="23.173631"><ele>832.2</ele><time>2026-09-22T14:33:53.000Z</time><extensions><gpxtpx:TrackPointExtension xmlns:gpxtpx="http://www.garmin.com/xmlschemas/TrackPointExtension/v1"><gpxtpx:atemp>14</gpxtpx:atemp></gpxtpx:TrackPointExtension></extensions></trkpt><trkpt lat="42.612489" lon="23.173696"><ele>834.2</ele><time>2026-09-22T14:34:06.000Z</time><extensions><gpxtpx:TrackPointExtension xmlns:gpxtpx="http://www.garmin.com/xmlschemas/TrackPointExtension/v1"><gpxtpx:atemp>14</gpxtpx:atemp></gpxtpx:TrackPointExtension></extensions></trkpt><trkpt lat="42.612974" lon="23.173747"><ele>837</ele><time>2026-09-22T14:34:25.000Z</time><extensions><gpxtpx:TrackPointExtension xmlns:gpxtpx="http://www.garmin.com/xmlschemas/TrackPointExtension/v1"><gpxtpx:atemp>14</gpxtpx:atemp></gpxtpx:TrackPointExtension></extensions></trkpt><trkpt lat="42.613172" lon="23.173788"><ele>838.2</ele><time>2026-09-22T14:34:34.000Z</time><extensions><gpxtpx:TrackPointExtension xmlns:gpxtpx="http://www.garmin.com/xmlschemas/TrackPointExtension/v1"><gpxtpx:atemp>14</gpxtpx:atemp></gpxtpx:TrackPointExtension></extensions></trkpt><trkpt lat="42.613601" lon="23.17383"><ele>840.8</ele><time>2026-09-22T14:34:54.000Z</time><extensions><gpxtpx:TrackPointExtension xmlns:gpxtpx="http://www.garmin.com/xmlschemas/TrackPointExtension/v1"><gpxtpx:atemp>14</gpxtpx:atemp></gpxtpx:TrackPointExtension></extensions></trkpt><trkpt lat="42.613867" lon="23.173873"><ele>842.4</ele><time>2026-09-22T14:35:05.000Z</time><extensions><gpxtpx:TrackPointExtension xmlns:gpxtpx="http://www.garmin.com/xmlschemas/TrackPointExtension/v1"><gpxtpx:atemp>14</gpxtpx:atemp></gpxtpx:TrackPointExtension></extensions></trkpt><trkpt lat="42.614017" lon="23.173882"><ele>843.2</ele><time>2026-09-22T14:35:11.000Z</time><extensions><gpxtpx:TrackPointExtension xmlns:gpxtpx="http://www.garmin.com/xmlschemas/TrackPointExtension/v1"><gpxtpx:atemp>14</gpxtpx:atemp></gpxtpx:TrackPointExtension></extensions></trkpt><trkpt lat="42.61446" lon="23.173953"><ele>845</ele><time>2026-09-22T14:35:27.000Z</time><extensions><gpxtpx:TrackPointExtension xmlns:gpxtpx="http://www.garmin.com/xmlschemas/TrackPointExtension/v1"><gpxtpx:atemp>14</gpxtpx:atemp></gpxtpx:TrackPointExtension></extensions></trkpt><trkpt lat="42.614768" lon="23.174047"><ele>846</ele><time>2026-09-22T14:35:37.000Z</time><extensions><gpxtpx:TrackPointExtension xmlns:gpxtpx="http://www.garmin.com/xmlschemas/TrackPointExtension/v1"><gpxtpx:atemp>14</gpxtpx:atemp></gpxtpx:TrackPointExtension></extensions></trkpt><trkpt lat="42.614927" lon="23.17411"><ele>846.4</ele><time>2026-09-22T14:35:42.000Z</time><extensions><gpxtpx:TrackPointExtension xmlns:gpxtpx="http://www.garmin.com/xmlschemas/TrackPointExtension/v1"><gpxtpx:atemp>14</gpxtpx:atemp></gpxtpx:TrackPointExtension></extensions></trkpt><trkpt lat="42.61518" lon="23.174248"><ele>847</ele><time>2026-09-22T14:35:50.000Z</time><extensions><gpxtpx:TrackPointExtension xmlns:gpxtpx="http://www.garmin.com/xmlschemas/TrackPointExtension/v1"><gpxtpx:atemp>14</gpxtpx:atemp></gpxtpx:TrackPointExtension></extensions></trkpt><trkpt lat="42.615347" lon="23.174363"><ele>847.2</ele><time>2026-09-22T14:35:55.000Z</time><extensions><gpxtpx:TrackPointExtension xmlns:gpxtpx="http://www.garmin.com/xmlschemas/TrackPointExtension/v1"><gpxtpx:atemp>14</gpxtpx:atemp></gpxtpx:TrackPointExtension></extensions></trkpt><trkpt lat="42.615553" lon="23.174534"><ele>847.2</ele><time>2026-09-22T14:36:01.000Z</time><extensions><gpxtpx:TrackPointExtension xmlns:gpxtpx="http://www.garmin.com/xmlschemas/TrackPointExtension/v1"><gpxtpx:atemp>14</gpxtpx:atemp></gpxtpx:TrackPointExtension></extensions></trkpt><trkpt lat="42.61585" lon="23.174843"><ele>847.2</ele><time>2026-09-22T14:36:09.000Z</time><extensions><gpxtpx:TrackPointExtension xmlns:gpxtpx="http://www.garmin.com/xmlschemas/TrackPointExtension/v1"><gpxtpx:atemp>14</gpxtpx:atemp></gpxtpx:TrackPointExtension></extensions></trkpt><trkpt lat="42.617064" lon="23.176224"><ele>847</ele><time>2026-09-22T14:36:41.000Z</time><extensions><gpxtpx:TrackPointExtension xmlns:gpxtpx="http://www.garmin.com/xmlschemas/TrackPointExtension/v1"><gpxtpx:atemp>14</gpxtpx:atemp></gpxtpx:TrackPointExtension></extensions></trkpt><trkpt lat="42.617234" lon="23.176442"><ele>847.2</ele><time>2026-09-22T14:36:46.000Z</time><extensions><gpxtpx:TrackPointExtension xmlns:gpxtpx="http://www.garmin.com/xmlschemas/TrackPointExtension/v1"><gpxtpx:atemp>14</gpxtpx:atemp></gpxtpx:TrackPointExtension></extensions></trkpt><trkpt lat="42.618094" lon="23.177387"><ele>849.2</ele><time>2026-09-22T14:37:14.000Z</time><extensions><gpxtpx:TrackPointExtension xmlns:gpxtpx="http://www.garmin.com/xmlschemas/TrackPointExtension/v1"><gpxtpx:atemp>14</gpxtpx:atemp></gpxtpx:TrackPointExtension></extensions></trkpt><trkpt lat="42.618187" lon="23.177473"><ele>849.6</ele><time>2026-09-22T14:37:17.000Z</time><extensions><gpxtpx:TrackPointExtension xmlns:gpxtpx="http://www.garmin.com/xmlschemas/TrackPointExtension/v1"><gpxtpx:atemp>14</gpxtpx:atemp></gpxtpx:TrackPointExtension></extensions></trkpt><trkpt lat="42.618784" lon="23.177886"><ele>852</ele><time>2026-09-22T14:37:36.000Z</time><extensions><gpxtpx:TrackPointExtension xmlns:gpxtpx="http://www.garmin.com/xmlschemas/TrackPointExtension/v1"><gpxtpx:atemp>14</gpxtpx:atemp></gpxtpx:TrackPointExtension></extensions></trkpt><trkpt lat="42.619031" lon="23.178081"><ele>853</ele><time>2026-09-22T14:37:44.000Z</time><extensions><gpxtpx:TrackPointExtension xmlns:gpxtpx="http://www.garmin.com/xmlschemas/TrackPointExtension/v1"><gpxtpx:atemp>14</gpxtpx:atemp></gpxtpx:TrackPointExtension></extensions></trkpt><trkpt lat="42.619858" lon="23.178937"><ele>855.8</ele><time>2026-09-22T14:38:13.000Z</time><extensions><gpxtpx:TrackPointExtension xmlns:gpxtpx="http://www.garmin.com/xmlschemas/TrackPointExtension/v1"><gpxtpx:atemp>14</gpxtpx:atemp></gpxtpx:TrackPointExtension></extensions></trkpt><trkpt lat="42.620122" lon="23.179187"><ele>857</ele><time>2026-09-22T14:38:23.000Z</time><extensions><gpxtpx:TrackPointExtension xmlns:gpxtpx="http://www.garmin.com/xmlschemas/TrackPointExtension/v1"><gpxtpx:atemp>14</gpxtpx:atemp></gpxtpx:TrackPointExtension></extensions></trkpt><trkpt lat="42.620334" lon="23.179423"><ele>857.8</ele><time>2026-09-22T14:38:31.000Z</time><extensions><gpxtpx:TrackPointExtension xmlns:gpxtpx="http://www.garmin.com/xmlschemas/TrackPointExtension/v1"><gpxtpx:atemp>14</gpxtpx:atemp></gpxtpx:TrackPointExtension></extensions></trkpt><trkpt lat="42.62183" lon="23.180962"><ele>864</ele><time>2026-09-22T14:39:29.000Z</time><extensions><gpxtpx:TrackPointExtension xmlns:gpxtpx="http://www.garmin.com/xmlschemas/TrackPointExtension/v1"><gpxtpx:atemp>15</gpxtpx:atemp></gpxtpx:TrackPointExtension></extensions></trkpt><trkpt lat="42.622152" lon="23.181378"><ele>865</ele><time>2026-09-22T14:39:41.000Z</time><extensions><gpxtpx:TrackPointExtension xmlns:gpxtpx="http://www.garmin.com/xmlschemas/TrackPointExtension/v1"><gpxtpx:atemp>15</gpxtpx:atemp></gpxtpx:TrackPointExtension></extensions></trkpt><trkpt lat="42.622346" lon="23.181697"><ele>865.6</ele><time>2026-09-22T14:39:49.000Z</time><extensions><gpxtpx:TrackPointExtension xmlns:gpxtpx="http://www.garmin.com/xmlschemas/TrackPointExtension/v1"><gpxtpx:atemp>15</gpxtpx:atemp></gpxtpx:TrackPointExtension></extensions></trkpt><trkpt lat="42.622522" lon="23.182069"><ele>866</ele><time>2026-09-22T14:39:57.000Z</time><extensions><gpxtpx:TrackPointExtension xmlns:gpxtpx="http://www.garmin.com/xmlschemas/TrackPointExtension/v1"><gpxtpx:atemp>15</gpxtpx:atemp></gpxtpx:TrackPointExtension></extensions></trkpt><trkpt lat="42.622667" lon="23.182507"><ele>866.4</ele><time>2026-09-22T14:40:05.000Z</time><extensions><gpxtpx:TrackPointExtension xmlns:gpxtpx="http://www.garmin.com/xmlschemas/TrackPointExtension/v1"><gpxtpx:atemp>15</gpxtpx:atemp></gpxtpx:TrackPointExtension></extensions></trkpt><trkpt lat="42.62275" lon="23.182851"><ele>866.6</ele><time>2026-09-22T14:40:11.000Z</time><extensions><gpxtpx:TrackPointExtension xmlns:gpxtpx="http://www.garmin.com/xmlschemas/TrackPointExtension/v1"><gpxtpx:atemp>15</gpxtpx:atemp></gpxtpx:TrackPointExtension></extensions></trkpt><trkpt lat="42.622816" lon="23.183333"><ele>866.4</ele><time>2026-09-22T14:40:19.000Z</time><extensions><gpxtpx:TrackPointExtension xmlns:gpxtpx="http://www.garmin.com/xmlschemas/TrackPointExtension/v1"><gpxtpx:atemp>16</gpxtpx:atemp></gpxtpx:TrackPointExtension></extensions></trkpt><trkpt lat="42.622834" lon="23.1836"><ele>866.2</ele><time>2026-09-22T14:40:23.000Z</time><extensions><gpxtpx:TrackPointExtension xmlns:gpxtpx="http://www.garmin.com/xmlschemas/TrackPointExtension/v1"><gpxtpx:atemp>16</gpxtpx:atemp></gpxtpx:TrackPointExtension></extensions></trkpt><trkpt lat="42.622803" lon="23.185254"><ele>863.4</ele><time>2026-09-22T14:40:42.000Z</time><extensions><gpxtpx:TrackPointExtension xmlns:gpxtpx="http://www.garmin.com/xmlschemas/TrackPointExtension/v1"><gpxtpx:atemp>16</gpxtpx:atemp></gpxtpx:TrackPointExtension></extensions></trkpt><trkpt lat="42.622816" lon="23.185587"><ele>862.6</ele><time>2026-09-22T14:40:45.000Z</time><extensions><gpxtpx:TrackPointExtension xmlns:gpxtpx="http://www.garmin.com/xmlschemas/TrackPointExtension/v1"><gpxtpx:atemp>16</gpxtpx:atemp></gpxtpx:TrackPointExtension></extensions></trkpt><trkpt lat="42.622854" lon="23.185952"><ele>861.4</ele><time>2026-09-22T14:40:48.000Z</time><extensions><gpxtpx:TrackPointExtension xmlns:gpxtpx="http://www.garmin.com/xmlschemas/TrackPointExtension/v1"><gpxtpx:atemp>16</gpxtpx:atemp></gpxtpx:TrackPointExtension></extensions></trkpt><trkpt lat="42.623006" lon="23.186581"><ele>858.8</ele><time>2026-09-22T14:40:53.000Z</time><extensions><gpxtpx:TrackPointExtension xmlns:gpxtpx="http://www.garmin.com/xmlschemas/TrackPointExtension/v1"><gpxtpx:atemp>16</gpxtpx:atemp></gpxtpx:TrackPointExtension></extensions></trkpt><trkpt lat="42.623092" lon="23.186845"><ele>857.6</ele><time>2026-09-22T14:40:55.000Z</time><extensions><gpxtpx:TrackPointExtension xmlns:gpxtpx="http://www.garmin.com/xmlschemas/TrackPointExtension/v1"><gpxtpx:atemp>16</gpxtpx:atemp></gpxtpx:TrackPointExtension></extensions></trkpt><trkpt lat="42.623248" lon="23.187235"><ele>855.6</ele><time>2026-09-22T14:40:58.000Z</time><extensions><gpxtpx:TrackPointExtension xmlns:gpxtpx="http://www.garmin.com/xmlschemas/TrackPointExtension/v1"><gpxtpx:atemp>16</gpxtpx:atemp></gpxtpx:TrackPointExtension></extensions></trkpt><trkpt lat="42.623687" lon="23.188302"><ele>850.2</ele><time>2026-09-22T14:41:06.000Z</time><extensions><gpxtpx:TrackPointExtension xmlns:gpxtpx="http://www.garmin.com/xmlschemas/TrackPointExtension/v1"><gpxtpx:atemp>16</gpxtpx:atemp></gpxtpx:TrackPointExtension></extensions></trkpt><trkpt lat="42.623904" lon="23.188779"><ele>848.8</ele><time>2026-09-22T14:41:10.000Z</time><extensions><gpxtpx:TrackPointExtension xmlns:gpxtpx="http://www.garmin.com/xmlschemas/TrackPointExtension/v1"><gpxtpx:atemp>16</gpxtpx:atemp></gpxtpx:TrackPointExtension></extensions></trkpt><trkpt lat="42.624024" lon="23.188998"><ele>848.4</ele><time>2026-09-22T14:41:12.000Z</time><extensions><gpxtpx:TrackPointExtension xmlns:gpxtpx="http://www.garmin.com/xmlschemas/TrackPointExtension/v1"><gpxtpx:atemp>16</gpxtpx:atemp></gpxtpx:TrackPointExtension></extensions></trkpt><trkpt lat="42.62422" lon="23.189307"><ele>847.8</ele><time>2026-09-22T14:41:15.000Z</time><extensions><gpxtpx:TrackPointExtension xmlns:gpxtpx="http://www.garmin.com/xmlschemas/TrackPointExtension/v1"><gpxtpx:atemp>16</gpxtpx:atemp></gpxtpx:TrackPointExtension></extensions></trkpt><trkpt lat="42.624579" lon="23.189773"><ele>846.4</ele><time>2026-09-22T14:41:20.000Z</time><extensions><gpxtpx:TrackPointExtension xmlns:gpxtpx="http://www.garmin.com/xmlschemas/TrackPointExtension/v1"><gpxtpx:atemp>16</gpxtpx:atemp></gpxtpx:TrackPointExtension></extensions></trkpt><trkpt lat="42.62481" lon="23.19003"><ele>845.6</ele><time>2026-09-22T14:41:23.000Z</time><extensions><gpxtpx:TrackPointExtension xmlns:gpxtpx="http://www.garmin.com/xmlschemas/TrackPointExtension/v1"><gpxtpx:atemp>16</gpxtpx:atemp></gpxtpx:TrackPointExtension></extensions></trkpt><trkpt lat="42.625281" lon="23.190471"><ele>842.4</ele><time>2026-09-22T14:41:32.000Z</time><extensions><gpxtpx:TrackPointExtension xmlns:gpxtpx="http://www.garmin.com/xmlschemas/TrackPointExtension/v1"><gpxtpx:atemp>16</gpxtpx:atemp></gpxtpx:TrackPointExtension></extensions></trkpt><trkpt lat="42.625585" lon="23.190596"><ele>840.8</ele><time>2026-09-22T14:42:00.000Z</time><extensions><gpxtpx:TrackPointExtension xmlns:gpxtpx="http://www.garmin.com/xmlschemas/TrackPointExtension/v1"><gpxtpx:atemp>16</gpxtpx:atemp></gpxtpx:TrackPointExtension></extensions></trkpt><trkpt lat="42.625734" lon="23.19069"><ele>839.2</ele><time>2026-09-22T14:42:52.000Z</time><extensions><gpxtpx:TrackPointExtension xmlns:gpxtpx="http://www.garmin.com/xmlschemas/TrackPointExtension/v1"><gpxtpx:atemp>16</gpxtpx:atemp></gpxtpx:TrackPointExtension></extensions></trkpt><trkpt lat="42.625796" lon="23.1907"><ele>839</ele><time>2026-09-22T14:42:57.000Z</time><extensions><gpxtpx:TrackPointExtension xmlns:gpxtpx="http://www.garmin.com/xmlschemas/TrackPointExtension/v1"><gpxtpx:atemp>15</gpxtpx:atemp></gpxtpx:TrackPointExtension></extensions></trkpt><trkpt lat="42.625861" lon="23.190684"><ele>838.6</ele><time>2026-09-22T14:43:07.000Z</time><extensions><gpxtpx:TrackPointExtension xmlns:gpxtpx="http://www.garmin.com/xmlschemas/TrackPointExtension/v1"><gpxtpx:atemp>15</gpxtpx:atemp></gpxtpx:TrackPointExtension></extensions></trkpt><trkpt lat="42.626253" lon="23.190794"><ele>837.8</ele><time>2026-09-22T14:43:16.000Z</time><extensions><gpxtpx:TrackPointExtension xmlns:gpxtpx="http://www.garmin.com/xmlschemas/TrackPointExtension/v1"><gpxtpx:atemp>15</gpxtpx:atemp></gpxtpx:TrackPointExtension></extensions></trkpt><trkpt lat="42.626432" lon="23.19082"><ele>837.4</ele><time>2026-09-22T14:43:19.000Z</time><extensions><gpxtpx:TrackPointExtension xmlns:gpxtpx="http://www.garmin.com/xmlschemas/TrackPointExtension/v1"><gpxtpx:atemp>15</gpxtpx:atemp></gpxtpx:TrackPointExtension></extensions></trkpt><trkpt lat="42.626821" lon="23.190807"><ele>836.4</ele><time>2026-09-22T14:43:25.000Z</time><extensions><gpxtpx:TrackPointExtension xmlns:gpxtpx="http://www.garmin.com/xmlschemas/TrackPointExtension/v1"><gpxtpx:atemp>15</gpxtpx:atemp></gpxtpx:TrackPointExtension></extensions></trkpt><trkpt lat="42.627034" lon="23.19077"><ele>835.8</ele><time>2026-09-22T14:43:28.000Z</time><extensions><gpxtpx:TrackPointExtension xmlns:gpxtpx="http://www.garmin.com/xmlschemas/TrackPointExtension/v1"><gpxtpx:atemp>15</gpxtpx:atemp></gpxtpx:TrackPointExtension></extensions></trkpt><trkpt lat="42.627257" lon="23.190704"><ele>835.4</ele><time>2026-09-22T14:43:31.000Z</time><extensions><gpxtpx:TrackPointExtension xmlns:gpxtpx="http://www.garmin.com/xmlschemas/TrackPointExtension/v1"><gpxtpx:atemp>15</gpxtpx:atemp></gpxtpx:TrackPointExtension></extensions></trkpt><trkpt lat="42.627701" lon="23.19052"><ele>834.6</ele><time>2026-09-22T14:43:37.000Z</time><extensions><gpxtpx:TrackPointExtension xmlns:gpxtpx="http://www.garmin.com/xmlschemas/TrackPointExtension/v1"><gpxtpx:atemp>15</gpxtpx:atemp></gpxtpx:TrackPointExtension></extensions></trkpt><trkpt lat="42.629529" lon="23.189711"><ele>830.8</ele><time>2026-09-22T14:44:04.000Z</time><extensions><gpxtpx:TrackPointExtension xmlns:gpxtpx="http://www.garmin.com/xmlschemas/TrackPointExtension/v1"><gpxtpx:atemp>15</gpxtpx:atemp></gpxtpx:TrackPointExtension></extensions></trkpt><trkpt lat="42.630399" lon="23.189472"><ele>830.2</ele><time>2026-09-22T14:44:20.000Z</time><extensions><gpxtpx:TrackPointExtension xmlns:gpxtpx="http://www.garmin.com/xmlschemas/TrackPointExtension/v1"><gpxtpx:atemp>15</gpxtpx:atemp></gpxtpx:TrackPointExtension></extensions></trkpt><trkpt lat="42.630954" lon="23.189414"><ele>829.6</ele><time>2026-09-22T14:44:30.000Z</time><extensions><gpxtpx:TrackPointExtension xmlns:gpxtpx="http://www.garmin.com/xmlschemas/TrackPointExtension/v1"><gpxtpx:atemp>15</gpxtpx:atemp></gpxtpx:TrackPointExtension></extensions></trkpt><trkpt lat="42.631269" lon="23.189426"><ele>829</ele><time>2026-09-22T14:44:35.000Z</time><extensions><gpxtpx:TrackPointExtension xmlns:gpxtpx="http://www.garmin.com/xmlschemas/TrackPointExtension/v1"><gpxtpx:atemp>15</gpxtpx:atemp></gpxtpx:TrackPointExtension></extensions></trkpt><trkpt lat="42.631398" lon="23.189445"><ele>829</ele><time>2026-09-22T14:44:37.000Z</time><extensions><gpxtpx:TrackPointExtension xmlns:gpxtpx="http://www.garmin.com/xmlschemas/TrackPointExtension/v1"><gpxtpx:atemp>15</gpxtpx:atemp></gpxtpx:TrackPointExtension></extensions></trkpt><trkpt lat="42.631722" lon="23.18953"><ele>828.2</ele><time>2026-09-22T14:44:42.000Z</time><extensions><gpxtpx:TrackPointExtension xmlns:gpxtpx="http://www.garmin.com/xmlschemas/TrackPointExtension/v1"><gpxtpx:atemp>15</gpxtpx:atemp></gpxtpx:TrackPointExtension></extensions></trkpt><trkpt lat="42.632058" lon="23.18966"><ele>827.2</ele><time>2026-09-22T14:44:47.000Z</time><extensions><gpxtpx:TrackPointExtension xmlns:gpxtpx="http://www.garmin.com/xmlschemas/TrackPointExtension/v1"><gpxtpx:atemp>15</gpxtpx:atemp></gpxtpx:TrackPointExtension></extensions></trkpt><trkpt lat="42.632388" lon="23.189854"><ele>825.8</ele><time>2026-09-22T14:44:52.000Z</time><extensions><gpxtpx:TrackPointExtension xmlns:gpxtpx="http://www.garmin.com/xmlschemas/TrackPointExtension/v1"><gpxtpx:atemp>15</gpxtpx:atemp></gpxtpx:TrackPointExtension></extensions></trkpt><trkpt lat="42.632514" lon="23.189944"><ele>825.4</ele><time>2026-09-22T14:44:54.000Z</time><extensions><gpxtpx:TrackPointExtension xmlns:gpxtpx="http://www.garmin.com/xmlschemas/TrackPointExtension/v1"><gpxtpx:atemp>15</gpxtpx:atemp></gpxtpx:TrackPointExtension></extensions></trkpt><trkpt lat="42.633058" lon="23.190418"><ele>823.4</ele><time>2026-09-22T14:45:03.000Z</time><extensions><gpxtpx:TrackPointExtension xmlns:gpxtpx="http://www.garmin.com/xmlschemas/TrackPointExtension/v1"><gpxtpx:atemp>15</gpxtpx:atemp></gpxtpx:TrackPointExtension></extensions></trkpt><trkpt lat="42.633238" lon="23.190597"><ele>822.6</ele><time>2026-09-22T14:45:06.000Z</time><extensions><gpxtpx:TrackPointExtension xmlns:gpxtpx="http://www.garmin.com/xmlschemas/TrackPointExtension/v1"><gpxtpx:atemp>15</gpxtpx:atemp></gpxtpx:TrackPointExtension></extensions></trkpt><trkpt lat="42.633344" lon="23.190735"><ele>822</ele><time>2026-09-22T14:45:08.000Z</time><extensions><gpxtpx:TrackPointExtension xmlns:gpxtpx="http://www.garmin.com/xmlschemas/TrackPointExtension/v1"><gpxtpx:atemp>15</gpxtpx:atemp></gpxtpx:TrackPointExtension></extensions></trkpt><trkpt lat="42.633544" lon="23.191041"><ele>820.8</ele><time>2026-09-22T14:45:12.000Z</time><extensions><gpxtpx:TrackPointExtension xmlns:gpxtpx="http://www.garmin.com/xmlschemas/TrackPointExtension/v1"><gpxtpx:atemp>15</gpxtpx:atemp></gpxtpx:TrackPointExtension></extensions></trkpt><trkpt lat="42.633723" lon="23.191375"><ele>819.8</ele><time>2026-09-22T14:45:16.000Z</time><extensions><gpxtpx:TrackPointExtension xmlns:gpxtpx="http://www.garmin.com/xmlschemas/TrackPointExtension/v1"><gpxtpx:atemp>15</gpxtpx:atemp></gpxtpx:TrackPointExtension></extensions></trkpt><trkpt lat="42.634009" lon="23.192064"><ele>818.2</ele><time>2026-09-22T14:45:24.000Z</time><extensions><gpxtpx:TrackPointExtension xmlns:gpxtpx="http://www.garmin.com/xmlschemas/TrackPointExtension/v1"><gpxtpx:atemp>15</gpxtpx:atemp></gpxtpx:TrackPointExtension></extensions></trkpt><trkpt lat="42.634977" lon="23.194672"><ele>812.2</ele><time>2026-09-22T14:45:52.000Z</time><extensions><gpxtpx:TrackPointExtension xmlns:gpxtpx="http://www.garmin.com/xmlschemas/TrackPointExtension/v1"><gpxtpx:atemp>15</gpxtpx:atemp></gpxtpx:TrackPointExtension></extensions></trkpt><trkpt lat="42.635183" lon="23.195124"><ele>811</ele><time>2026-09-22T14:45:57.000Z</time><extensions><gpxtpx:TrackPointExtension xmlns:gpxtpx="http://www.garmin.com/xmlschemas/TrackPointExtension/v1"><gpxtpx:atemp>15</gpxtpx:atemp></gpxtpx:TrackPointExtension></extensions></trkpt><trkpt lat="42.635395" lon="23.195455"><ele>809.8</ele><time>2026-09-22T14:46:01.000Z</time><extensions><gpxtpx:TrackPointExtension xmlns:gpxtpx="http://www.garmin.com/xmlschemas/TrackPointExtension/v1"><gpxtpx:atemp>15</gpxtpx:atemp></gpxtpx:TrackPointExtension></extensions></trkpt><trkpt lat="42.635675" lon="23.195818"><ele>809</ele><time>2026-09-22T14:46:06.000Z</time><extensions><gpxtpx:TrackPointExtension xmlns:gpxtpx="http://www.garmin.com/xmlschemas/TrackPointExtension/v1"><gpxtpx:atemp>15</gpxtpx:atemp></gpxtpx:TrackPointExtension></extensions></trkpt><trkpt lat="42.635902" lon="23.196055"><ele>808.6</ele><time>2026-09-22T14:46:10.000Z</time><extensions><gpxtpx:TrackPointExtension xmlns:gpxtpx="http://www.garmin.com/xmlschemas/TrackPointExtension/v1"><gpxtpx:atemp>15</gpxtpx:atemp></gpxtpx:TrackPointExtension></extensions></trkpt><trkpt lat="42.637272" lon="23.197033"><ele>805</ele><time>2026-09-22T14:46:33.000Z</time><extensions><gpxtpx:TrackPointExtension xmlns:gpxtpx="http://www.garmin.com/xmlschemas/TrackPointExtension/v1"><gpxtpx:atemp>15</gpxtpx:atemp></gpxtpx:TrackPointExtension></extensions></trkpt><trkpt lat="42.63777" lon="23.197413"><ele>802.8</ele><time>2026-09-22T14:46:41.000Z</time><extensions><gpxtpx:TrackPointExtension xmlns:gpxtpx="http://www.garmin.com/xmlschemas/TrackPointExtension/v1"><gpxtpx:atemp>15</gpxtpx:atemp></gpxtpx:TrackPointExtension></extensions></trkpt><trkpt lat="42.638242" lon="23.197742"><ele>801</ele><time>2026-09-22T14:46:48.000Z</time><extensions><gpxtpx:TrackPointExtension xmlns:gpxtpx="http://www.garmin.com/xmlschemas/TrackPointExtension/v1"><gpxtpx:atemp>15</gpxtpx:atemp></gpxtpx:TrackPointExtension></extensions></trkpt><trkpt lat="42.638383" lon="23.197865"><ele>800.6</ele><time>2026-09-22T14:46:50.000Z</time><extensions><gpxtpx:TrackPointExtension xmlns:gpxtpx="http://www.garmin.com/xmlschemas/TrackPointExtension/v1"><gpxtpx:atemp>15</gpxtpx:atemp></gpxtpx:TrackPointExtension></extensions></trkpt><trkpt lat="42.638445" lon="23.197939"><ele>800.4</ele><time>2026-09-22T14:46:51.000Z</time><extensions><gpxtpx:TrackPointExtension xmlns:gpxtpx="http://www.garmin.com/xmlschemas/TrackPointExtension/v1"><gpxtpx:atemp>15</gpxtpx:atemp></gpxtpx:TrackPointExtension></extensions></trkpt><trkpt lat="42.638605" lon="23.198192"><ele>799.8</ele><time>2026-09-22T14:46:54.000Z</time><extensions><gpxtpx:TrackPointExtension xmlns:gpxtpx="http://www.garmin.com/xmlschemas/TrackPointExtension/v1"><gpxtpx:atemp>15</gpxtpx:atemp></gpxtpx:TrackPointExtension></extensions></trkpt><trkpt lat="42.638732" lon="23.198474"><ele>799</ele><time>2026-09-22T14:46:57.000Z</time><extensions><gpxtpx:TrackPointExtension xmlns:gpxtpx="http://www.garmin.com/xmlschemas/TrackPointExtension/v1"><gpxtpx:atemp>15</gpxtpx:atemp></gpxtpx:TrackPointExtension></extensions></trkpt><trkpt lat="42.638946" lon="23.199051"><ele>797.6</ele><time>2026-09-22T14:47:03.000Z</time><extensions><gpxtpx:TrackPointExtension xmlns:gpxtpx="http://www.garmin.com/xmlschemas/TrackPointExtension/v1"><gpxtpx:atemp>15</gpxtpx:atemp></gpxtpx:TrackPointExtension></extensions></trkpt><trkpt lat="42.63923" lon="23.200068"><ele>794.2</ele><time>2026-09-22T14:47:12.000Z</time><extensions><gpxtpx:TrackPointExtension xmlns:gpxtpx="http://www.garmin.com/xmlschemas/TrackPointExtension/v1"><gpxtpx:atemp>15</gpxtpx:atemp></gpxtpx:TrackPointExtension></extensions></trkpt><trkpt lat="42.639369" lon="23.200417"><ele>793</ele><time>2026-09-22T14:47:15.000Z</time><extensions><gpxtpx:TrackPointExtension xmlns:gpxtpx="http://www.garmin.com/xmlschemas/TrackPointExtension/v1"><gpxtpx:atemp>15</gpxtpx:atemp></gpxtpx:TrackPointExtension></extensions></trkpt><trkpt lat="42.639591" lon="23.200846"><ele>791</ele><time>2026-09-22T14:47:19.000Z</time><extensions><gpxtpx:TrackPointExtension xmlns:gpxtpx="http://www.garmin.com/xmlschemas/TrackPointExtension/v1"><gpxtpx:atemp>15</gpxtpx:atemp></gpxtpx:TrackPointExtension></extensions></trkpt><trkpt lat="42.639718" lon="23.201047"><ele>790</ele><time>2026-09-22T14:47:21.000Z</time><extensions><gpxtpx:TrackPointExtension xmlns:gpxtpx="http://www.garmin.com/xmlschemas/TrackPointExtension/v1"><gpxtpx:atemp>15</gpxtpx:atemp></gpxtpx:TrackPointExtension></extensions></trkpt><trkpt lat="42.639861" lon="23.201231"><ele>789</ele><time>2026-09-22T14:47:23.000Z</time><extensions><gpxtpx:TrackPointExtension xmlns:gpxtpx="http://www.garmin.com/xmlschemas/TrackPointExtension/v1"><gpxtpx:atemp>15</gpxtpx:atemp></gpxtpx:TrackPointExtension></extensions></trkpt><trkpt lat="42.640772" lon="23.202143"><ele>782.8</ele><time>2026-09-22T14:47:34.000Z</time><extensions><gpxtpx:TrackPointExtension xmlns:gpxtpx="http://www.garmin.com/xmlschemas/TrackPointExtension/v1"><gpxtpx:atemp>15</gpxtpx:atemp></gpxtpx:TrackPointExtension></extensions></trkpt><trkpt lat="42.64108" lon="23.202532"><ele>780.6</ele><time>2026-09-22T14:47:38.000Z</time><extensions><gpxtpx:TrackPointExtension xmlns:gpxtpx="http://www.garmin.com/xmlschemas/TrackPointExtension/v1"><gpxtpx:atemp>15</gpxtpx:atemp></gpxtpx:TrackPointExtension></extensions></trkpt><trkpt lat="42.641576" lon="23.203218"><ele>777.2</ele><time>2026-09-22T14:47:45.000Z</time><extensions><gpxtpx:TrackPointExtension xmlns:gpxtpx="http://www.garmin.com/xmlschemas/TrackPointExtension/v1"><gpxtpx:atemp>15</gpxtpx:atemp></gpxtpx:TrackPointExtension></extensions></trkpt><trkpt lat="42.641859" lon="23.203554"><ele>775.8</ele><time>2026-09-22T14:47:49.000Z</time><extensions><gpxtpx:TrackPointExtension xmlns:gpxtpx="http://www.garmin.com/xmlschemas/TrackPointExtension/v1"><gpxtpx:atemp>15</gpxtpx:atemp></gpxtpx:TrackPointExtension></extensions></trkpt><trkpt lat="42.642298" lon="23.203967"><ele>773.6</ele><time>2026-09-22T14:47:55.000Z</time><extensions><gpxtpx:TrackPointExtension xmlns:gpxtpx="http://www.garmin.com/xmlschemas/TrackPointExtension/v1"><gpxtpx:atemp>15</gpxtpx:atemp></gpxtpx:TrackPointExtension></extensions></trkpt><trkpt lat="42.64327" lon="23.204696"><ele>768.2</ele><time>2026-09-22T14:48:07.000Z</time><extensions><gpxtpx:TrackPointExtension xmlns:gpxtpx="http://www.garmin.com/xmlschemas/TrackPointExtension/v1"><gpxtpx:atemp>15</gpxtpx:atemp></gpxtpx:TrackPointExtension></extensions></trkpt><trkpt lat="42.643612" lon="23.20493"><ele>766</ele><time>2026-09-22T14:48:11.000Z</time><extensions><gpxtpx:TrackPointExtension xmlns:gpxtpx="http://www.garmin.com/xmlschemas/TrackPointExtension/v1"><gpxtpx:atemp>15</gpxtpx:atemp></gpxtpx:TrackPointExtension></extensions></trkpt><trkpt lat="42.644625" lon="23.205534"><ele>759.8</ele><time>2026-09-22T14:48:22.000Z</time><extensions><gpxtpx:TrackPointExtension xmlns:gpxtpx="http://www.garmin.com/xmlschemas/TrackPointExtension/v1"><gpxtpx:atemp>15</gpxtpx:atemp></gpxtpx:TrackPointExtension></extensions></trkpt><trkpt lat="42.644819" lon="23.205673"><ele>758.6</ele><time>2026-09-22T14:48:24.000Z</time><extensions><gpxtpx:TrackPointExtension xmlns:gpxtpx="http://www.garmin.com/xmlschemas/TrackPointExtension/v1"><gpxtpx:atemp>15</gpxtpx:atemp></gpxtpx:TrackPointExtension></extensions></trkpt><trkpt lat="42.645098" lon="23.205926"><ele>756.4</ele><time>2026-09-22T14:48:27.000Z</time><extensions><gpxtpx:TrackPointExtension xmlns:gpxtpx="http://www.garmin.com/xmlschemas/TrackPointExtension/v1"><gpxtpx:atemp>15</gpxtpx:atemp></gpxtpx:TrackPointExtension></extensions></trkpt><trkpt lat="42.645439" lon="23.206319"><ele>753.8</ele><time>2026-09-22T14:48:31.000Z</time><extensions><gpxtpx:TrackPointExtension xmlns:gpxtpx="http://www.garmin.com/xmlschemas/TrackPointExtension/v1"><gpxtpx:atemp>15</gpxtpx:atemp></gpxtpx:TrackPointExtension></extensions></trkpt><trkpt lat="42.64635" lon="23.207496"><ele>748</ele><time>2026-09-22T14:48:43.000Z</time><extensions><gpxtpx:TrackPointExtension xmlns:gpxtpx="http://www.garmin.com/xmlschemas/TrackPointExtension/v1"><gpxtpx:atemp>15</gpxtpx:atemp></gpxtpx:TrackPointExtension></extensions></trkpt><trkpt lat="42.647036" lon="23.208287"><ele>744.8</ele><time>2026-09-22T14:48:53.000Z</time><extensions><gpxtpx:TrackPointExtension xmlns:gpxtpx="http://www.garmin.com/xmlschemas/TrackPointExtension/v1"><gpxtpx:atemp>15</gpxtpx:atemp></gpxtpx:TrackPointExtension></extensions></trkpt><trkpt lat="42.647273" lon="23.208629"><ele>744</ele><time>2026-09-22T14:48:57.000Z</time><extensions><gpxtpx:TrackPointExtension xmlns:gpxtpx="http://www.garmin.com/xmlschemas/TrackPointExtension/v1"><gpxtpx:atemp>15</gpxtpx:atemp></gpxtpx:TrackPointExtension></extensions></trkpt><trkpt lat="42.647431" lon="23.208916"><ele>743</ele><time>2026-09-22T14:49:00.000Z</time><extensions><gpxtpx:TrackPointExtension xmlns:gpxtpx="http://www.garmin.com/xmlschemas/TrackPointExtension/v1"><gpxtpx:atemp>15</gpxtpx:atemp></gpxtpx:TrackPointExtension></extensions></trkpt><trkpt lat="42.647593" lon="23.209329"><ele>741.8</ele><time>2026-09-22T14:49:04.000Z</time><extensions><gpxtpx:TrackPointExtension xmlns:gpxtpx="http://www.garmin.com/xmlschemas/TrackPointExtension/v1"><gpxtpx:atemp>15</gpxtpx:atemp></gpxtpx:TrackPointExtension></extensions></trkpt><trkpt lat="42.647676" lon="23.20966"><ele>741</ele><time>2026-09-22T14:49:07.000Z</time><extensions><gpxtpx:TrackPointExtension xmlns:gpxtpx="http://www.garmin.com/xmlschemas/TrackPointExtension/v1"><gpxtpx:atemp>15</gpxtpx:atemp></gpxtpx:TrackPointExtension></extensions></trkpt><trkpt lat="42.647831" lon="23.21043"><ele>739.4</ele><time>2026-09-22T14:49:14.000Z</time><extensions><gpxtpx:TrackPointExtension xmlns:gpxtpx="http://www.garmin.com/xmlschemas/TrackPointExtension/v1"><gpxtpx:atemp>15</gpxtpx:atemp></gpxtpx:TrackPointExtension></extensions></trkpt><trkpt lat="42.647887" lon="23.210622"><ele>739.2</ele><time>2026-09-22T14:49:16.000Z</time><extensions><gpxtpx:TrackPointExtension xmlns:gpxtpx="http://www.garmin.com/xmlschemas/TrackPointExtension/v1"><gpxtpx:atemp>15</gpxtpx:atemp></gpxtpx:TrackPointExtension></extensions></trkpt><trkpt lat="42.647963" lon="23.210798"><ele>739</ele><time>2026-09-22T14:49:18.000Z</time><extensions><gpxtpx:TrackPointExtension xmlns:gpxtpx="http://www.garmin.com/xmlschemas/TrackPointExtension/v1"><gpxtpx:atemp>14</gpxtpx:atemp></gpxtpx:TrackPointExtension></extensions></trkpt><trkpt lat="42.648114" lon="23.211009"><ele>738.8</ele><time>2026-09-22T14:49:21.000Z</time><extensions><gpxtpx:TrackPointExtension xmlns:gpxtpx="http://www.garmin.com/xmlschemas/TrackPointExtension/v1"><gpxtpx:atemp>14</gpxtpx:atemp></gpxtpx:TrackPointExtension></extensions></trkpt><trkpt lat="42.648713" lon="23.211641"><ele>739.2</ele><time>2026-09-22T14:49:33.000Z</time><extensions><gpxtpx:TrackPointExtension xmlns:gpxtpx="http://www.garmin.com/xmlschemas/TrackPointExtension/v1"><gpxtpx:atemp>15</gpxtpx:atemp></gpxtpx:TrackPointExtension></extensions></trkpt><trkpt lat="42.64886" lon="23.211855"><ele>739.4</ele><time>2026-09-22T14:49:37.000Z</time><extensions><gpxtpx:TrackPointExtension xmlns:gpxtpx="http://www.garmin.com/xmlschemas/TrackPointExtension/v1"><gpxtpx:atemp>15</gpxtpx:atemp></gpxtpx:TrackPointExtension></extensions></trkpt><trkpt lat="42.648946" lon="23.212033"><ele>739.4</ele><time>2026-09-22T14:49:40.000Z</time><extensions><gpxtpx:TrackPointExtension xmlns:gpxtpx="http://www.garmin.com/xmlschemas/TrackPointExtension/v1"><gpxtpx:atemp>15</gpxtpx:atemp></gpxtpx:TrackPointExtension></extensions></trkpt><trkpt lat="42.649048" lon="23.212348"><ele>739.2</ele><time>2026-09-22T14:49:45.000Z</time><extensions><gpxtpx:TrackPointExtension xmlns:gpxtpx="http://www.garmin.com/xmlschemas/TrackPointExtension/v1"><gpxtpx:atemp>15</gpxtpx:atemp></gpxtpx:TrackPointExtension></extensions></trkpt><trkpt lat="42.649339" lon="23.21365"><ele>735.4</ele><time>2026-09-22T14:50:01.000Z</time><extensions><gpxtpx:TrackPointExtension xmlns:gpxtpx="http://www.garmin.com/xmlschemas/TrackPointExtension/v1"><gpxtpx:atemp>15</gpxtpx:atemp></gpxtpx:TrackPointExtension></extensions></trkpt><trkpt lat="42.64951" lon="23.214152"><ele>732.8</ele><time>2026-09-22T14:50:08.000Z</time><extensions><gpxtpx:TrackPointExtension xmlns:gpxtpx="http://www.garmin.com/xmlschemas/TrackPointExtension/v1"><gpxtpx:atemp>15</gpxtpx:atemp></gpxtpx:TrackPointExtension></extensions></trkpt><trkpt lat="42.650353" lon="23.216853"><ele>720</ele><time>2026-09-22T14:50:34.000Z</time><extensions><gpxtpx:TrackPointExtension xmlns:gpxtpx="http://www.garmin.com/xmlschemas/TrackPointExtension/v1"><gpxtpx:atemp>15</gpxtpx:atemp></gpxtpx:TrackPointExtension></extensions></trkpt><trkpt lat="42.65134" lon="23.220086"><ele>706</ele><time>2026-09-22T14:51:05.000Z</time><extensions><gpxtpx:TrackPointExtension xmlns:gpxtpx="http://www.garmin.com/xmlschemas/TrackPointExtension/v1"><gpxtpx:atemp>15</gpxtpx:atemp></gpxtpx:TrackPointExtension></extensions></trkpt><trkpt lat="42.651651" lon="23.22105"><ele>703.6</ele><time>2026-09-22T14:51:14.000Z</time><extensions><gpxtpx:TrackPointExtension xmlns:gpxtpx="http://www.garmin.com/xmlschemas/TrackPointExtension/v1"><gpxtpx:atemp>15</gpxtpx:atemp></gpxtpx:TrackPointExtension></extensions></trkpt><trkpt lat="42.652418" lon="23.223591"><ele>697.8</ele><time>2026-09-22T14:51:38.000Z</time><extensions><gpxtpx:TrackPointExtension xmlns:gpxtpx="http://www.garmin.com/xmlschemas/TrackPointExtension/v1"><gpxtpx:atemp>15</gpxtpx:atemp></gpxtpx:TrackPointExtension></extensions></trkpt><trkpt lat="42.652455" lon="23.22369"><ele>697.8</ele><time>2026-09-22T14:51:39.000Z</time><extensions><gpxtpx:TrackPointExtension xmlns:gpxtpx="http://www.garmin.com/xmlschemas/TrackPointExtension/v1"><gpxtpx:atemp>15</gpxtpx:atemp></gpxtpx:TrackPointExtension></extensions></trkpt><trkpt lat="42.652553" lon="23.223857"><ele>697.4</ele><time>2026-09-22T14:51:41.000Z</time><extensions><gpxtpx:TrackPointExtension xmlns:gpxtpx="http://www.garmin.com/xmlschemas/TrackPointExtension/v1"><gpxtpx:atemp>15</gpxtpx:atemp></gpxtpx:TrackPointExtension></extensions></trkpt><trkpt lat="42.6534" lon="23.224877"><ele>694.2</ele><time>2026-09-22T14:51:56.000Z</time><extensions><gpxtpx:TrackPointExtension xmlns:gpxtpx="http://www.garmin.com/xmlschemas/TrackPointExtension/v1"><gpxtpx:atemp>15</gpxtpx:atemp></gpxtpx:TrackPointExtension></extensions></trkpt><trkpt lat="42.653647" lon="23.225299"><ele>693.2</ele><time>2026-09-22T14:52:01.000Z</time><extensions><gpxtpx:TrackPointExtension xmlns:gpxtpx="http://www.garmin.com/xmlschemas/TrackPointExtension/v1"><gpxtpx:atemp>15</gpxtpx:atemp></gpxtpx:TrackPointExtension></extensions></trkpt><trkpt lat="42.653767" lon="23.225577"><ele>692.2</ele><time>2026-09-22T14:52:04.000Z</time><extensions><gpxtpx:TrackPointExtension xmlns:gpxtpx="http://www.garmin.com/xmlschemas/TrackPointExtension/v1"><gpxtpx:atemp>15</gpxtpx:atemp></gpxtpx:TrackPointExtension></extensions></trkpt><trkpt lat="42.653861" lon="23.225877"><ele>691.4</ele><time>2026-09-22T14:52:07.000Z</time><extensions><gpxtpx:TrackPointExtension xmlns:gpxtpx="http://www.garmin.com/xmlschemas/TrackPointExtension/v1"><gpxtpx:atemp>15</gpxtpx:atemp></gpxtpx:TrackPointExtension></extensions></trkpt><trkpt lat="42.653922" lon="23.226202"><ele>690.6</ele><time>2026-09-22T14:52:10.000Z</time><extensions><gpxtpx:TrackPointExtension xmlns:gpxtpx="http://www.garmin.com/xmlschemas/TrackPointExtension/v1"><gpxtpx:atemp>15</gpxtpx:atemp></gpxtpx:TrackPointExtension></extensions></trkpt><trkpt lat="42.654513" lon="23.228894"><ele>684.2</ele><time>2026-09-22T14:52:35.000Z</time><extensions><gpxtpx:TrackPointExtension xmlns:gpxtpx="http://www.garmin.com/xmlschemas/TrackPointExtension/v1"><gpxtpx:atemp>15</gpxtpx:atemp></gpxtpx:TrackPointExtension></extensions></trkpt><trkpt lat="42.654876" lon="23.229996"><ele>683</ele><time>2026-09-22T14:52:47.000Z</time><extensions><gpxtpx:TrackPointExtension xmlns:gpxtpx="http://www.garmin.com/xmlschemas/TrackPointExtension/v1"><gpxtpx:atemp>15</gpxtpx:atemp></gpxtpx:TrackPointExtension></extensions></trkpt><trkpt lat="42.655189" lon="23.230827"><ele>681.2</ele><time>2026-09-22T14:52:56.000Z</time><extensions><gpxtpx:TrackPointExtension xmlns:gpxtpx="http://www.garmin.com/xmlschemas/TrackPointExtension/v1"><gpxtpx:atemp>15</gpxtpx:atemp></gpxtpx:TrackPointExtension></extensions></trkpt><trkpt lat="42.655547" lon="23.231854"><ele>679.6</ele><time>2026-09-22T14:53:07.000Z</time><extensions><gpxtpx:TrackPointExtension xmlns:gpxtpx="http://www.garmin.com/xmlschemas/TrackPointExtension/v1"><gpxtpx:atemp>15</gpxtpx:atemp></gpxtpx:TrackPointExtension></extensions></trkpt><trkpt lat="42.65563" lon="23.232125"><ele>679.4</ele><time>2026-09-22T14:53:10.000Z</time><extensions><gpxtpx:TrackPointExtension xmlns:gpxtpx="http://www.garmin.com/xmlschemas/TrackPointExtension/v1"><gpxtpx:atemp>15</gpxtpx:atemp></gpxtpx:TrackPointExtension></extensions></trkpt><trkpt lat="42.655918" lon="23.233265"><ele>677</ele><time>2026-09-22T14:53:23.000Z</time><extensions><gpxtpx:TrackPointExtension xmlns:gpxtpx="http://www.garmin.com/xmlschemas/TrackPointExtension/v1"><gpxtpx:atemp>15</gpxtpx:atemp></gpxtpx:TrackPointExtension></extensions></trkpt><trkpt lat="42.65597" lon="23.233428"><ele>676.6</ele><time>2026-09-22T14:53:25.000Z</time><extensions><gpxtpx:TrackPointExtension xmlns:gpxtpx="http://www.garmin.com/xmlschemas/TrackPointExtension/v1"><gpxtpx:atemp>15</gpxtpx:atemp></gpxtpx:TrackPointExtension></extensions></trkpt><trkpt lat="42.656195" lon="23.233978"><ele>675.2</ele><time>2026-09-22T14:53:32.000Z</time><extensions><gpxtpx:TrackPointExtension xmlns:gpxtpx="http://www.garmin.com/xmlschemas/TrackPointExtension/v1"><gpxtpx:atemp>15</gpxtpx:atemp></gpxtpx:TrackPointExtension></extensions></trkpt><trkpt lat="42.656707" lon="23.235106"><ele>671.8</ele><time>2026-09-22T14:53:47.000Z</time><extensions><gpxtpx:TrackPointExtension xmlns:gpxtpx="http://www.garmin.com/xmlschemas/TrackPointExtension/v1"><gpxtpx:atemp>15</gpxtpx:atemp></gpxtpx:TrackPointExtension></extensions></trkpt><trkpt lat="42.656887" lon="23.235545"><ele>671</ele><time>2026-09-22T14:53:54.000Z</time><extensions><gpxtpx:TrackPointExtension xmlns:gpxtpx="http://www.garmin.com/xmlschemas/TrackPointExtension/v1"><gpxtpx:atemp>15</gpxtpx:atemp></gpxtpx:TrackPointExtension></extensions></trkpt><trkpt lat="42.657196" lon="23.236202"><ele>669.6</ele><time>2026-09-22T14:54:05.000Z</time><extensions><gpxtpx:TrackPointExtension xmlns:gpxtpx="http://www.garmin.com/xmlschemas/TrackPointExtension/v1"><gpxtpx:atemp>15</gpxtpx:atemp></gpxtpx:TrackPointExtension></extensions></trkpt><trkpt lat="42.657732" lon="23.237481"><ele>665.8</ele><time>2026-09-22T14:54:23.000Z</time><extensions><gpxtpx:TrackPointExtension xmlns:gpxtpx="http://www.garmin.com/xmlschemas/TrackPointExtension/v1"><gpxtpx:atemp>15</gpxtpx:atemp></gpxtpx:TrackPointExtension></extensions></trkpt><trkpt lat="42.657772" lon="23.237644"><ele>664.6</ele><time>2026-09-22T14:54:29.000Z</time><extensions><gpxtpx:TrackPointExtension xmlns:gpxtpx="http://www.garmin.com/xmlschemas/TrackPointExtension/v1"><gpxtpx:atemp>15</gpxtpx:atemp></gpxtpx:TrackPointExtension></extensions></trkpt><trkpt lat="42.657899" lon="23.237959"><ele>663</ele><time>2026-09-22T15:01:32.000Z</time><extensions><gpxtpx:TrackPointExtension xmlns:gpxtpx="http://www.garmin.com/xmlschemas/TrackPointExtension/v1"><gpxtpx:atemp>15</gpxtpx:atemp></gpxtpx:TrackPointExtension></extensions></trkpt><trkpt lat="42.657948" lon="23.238033"><ele>663.2</ele><time>2026-09-22T15:01:53.000Z</time><extensions><gpxtpx:TrackPointExtension xmlns:gpxtpx="http://www.garmin.com/xmlschemas/TrackPointExtension/v1"><gpxtpx:atemp>15</gpxtpx:atemp></gpxtpx:TrackPointExtension></extensions></trkpt><trkpt lat="42.658003" lon="23.238213"><ele>663</ele><time>2026-09-22T15:01:59.000Z</time><extensions><gpxtpx:TrackPointExtension xmlns:gpxtpx="http://www.garmin.com/xmlschemas/TrackPointExtension/v1"><gpxtpx:atemp>15</gpxtpx:atemp></gpxtpx:TrackPointExtension></extensions></trkpt><trkpt lat="42.65807" lon="23.238357"><ele>662.8</ele><time>2026-09-22T15:02:03.000Z</time><extensions><gpxtpx:TrackPointExtension xmlns:gpxtpx="http://www.garmin.com/xmlschemas/TrackPointExtension/v1"><gpxtpx:atemp>15</gpxtpx:atemp></gpxtpx:TrackPointExtension></extensions></trkpt><trkpt lat="42.658239" lon="23.238918"><ele>661.8</ele><time>2026-09-22T15:02:18.000Z</time><extensions><gpxtpx:TrackPointExtension xmlns:gpxtpx="http://www.garmin.com/xmlschemas/TrackPointExtension/v1"><gpxtpx:atemp>15</gpxtpx:atemp></gpxtpx:TrackPointExtension></extensions></trkpt><trkpt lat="42.65835" lon="23.239217"><ele>661.2</ele><time>2026-09-22T15:02:26.000Z</time><extensions><gpxtpx:TrackPointExtension xmlns:gpxtpx="http://www.garmin.com/xmlschemas/TrackPointExtension/v1"><gpxtpx:atemp>15</gpxtpx:atemp></gpxtpx:TrackPointExtension></extensions></trkpt><trkpt lat="42.658445" lon="23.23956"><ele>660.2</ele><time>2026-09-22T15:02:35.000Z</time><extensions><gpxtpx:TrackPointExtension xmlns:gpxtpx="http://www.garmin.com/xmlschemas/TrackPointExtension/v1"><gpxtpx:atemp>15</gpxtpx:atemp></gpxtpx:TrackPointExtension></extensions></trkpt><trkpt lat="42.658511" lon="23.239714"><ele>659.6</ele><time>2026-09-22T15:02:41.000Z</time><extensions><gpxtpx:TrackPointExtension xmlns:gpxtpx="http://www.garmin.com/xmlschemas/TrackPointExtension/v1"><gpxtpx:atemp>15</gpxtpx:atemp></gpxtpx:TrackPointExtension></extensions></trkpt><trkpt lat="42.658514" lon="23.239773"><ele>659.4</ele><time>2026-09-22T15:02:43.000Z</time><extensions><gpxtpx:TrackPointExtension xmlns:gpxtpx="http://www.garmin.com/xmlschemas/TrackPointExtension/v1"><gpxtpx:atemp>15</gpxtpx:atemp></gpxtpx:TrackPointExtension></extensions></trkpt><trkpt lat="42.658667" lon="23.240156"><ele>658.4</ele><time>2026-09-22T15:02:56.000Z</time><extensions><gpxtpx:TrackPointExtension xmlns:gpxtpx="http://www.garmin.com/xmlschemas/TrackPointExtension/v1"><gpxtpx:atemp>15</gpxtpx:atemp></gpxtpx:TrackPointExtension></extensions></trkpt><trkpt lat="42.658732" lon="23.240456"><ele>657.6</ele><time>2026-09-22T15:03:14.000Z</time><extensions><gpxtpx:TrackPointExtension xmlns:gpxtpx="http://www.garmin.com/xmlschemas/TrackPointExtension/v1"><gpxtpx:atemp>15</gpxtpx:atemp></gpxtpx:TrackPointExtension></extensions></trkpt><trkpt lat="42.658819" lon="23.240686"><ele>657.4</ele><time>2026-09-22T15:03:21.000Z</time><extensions><gpxtpx:TrackPointExtension xmlns:gpxtpx="http://www.garmin.com/xmlschemas/TrackPointExtension/v1"><gpxtpx:atemp>15</gpxtpx:atemp></gpxtpx:TrackPointExtension></extensions></trkpt><trkpt lat="42.658909" lon="23.241114"><ele>656.4</ele><time>2026-09-22T15:03:30.000Z</time><extensions><gpxtpx:TrackPointExtension xmlns:gpxtpx="http://www.garmin.com/xmlschemas/TrackPointExtension/v1"><gpxtpx:atemp>15</gpxtpx:atemp></gpxtpx:TrackPointExtension></extensions></trkpt><trkpt lat="42.658918" lon="23.241278"><ele>656</ele><time>2026-09-22T15:03:34.000Z</time><extensions><gpxtpx:TrackPointExtension xmlns:gpxtpx="http://www.garmin.com/xmlschemas/TrackPointExtension/v1"><gpxtpx:atemp>15</gpxtpx:atemp></gpxtpx:TrackPointExtension></extensions></trkpt><trkpt lat="42.659011" lon="23.241766"><ele>655</ele><time>2026-09-22T15:03:46.000Z</time><extensions><gpxtpx:TrackPointExtension xmlns:gpxtpx="http://www.garmin.com/xmlschemas/TrackPointExtension/v1"><gpxtpx:atemp>15</gpxtpx:atemp></gpxtpx:TrackPointExtension></extensions></trkpt><trkpt lat="42.659096" lon="23.2424"><ele>653.8</ele><time>2026-09-22T15:04:05.000Z</time><extensions><gpxtpx:TrackPointExtension xmlns:gpxtpx="http://www.garmin.com/xmlschemas/TrackPointExtension/v1"><gpxtpx:atemp>15</gpxtpx:atemp></gpxtpx:TrackPointExtension></extensions></trkpt><trkpt lat="42.659124" lon="23.242476"><ele>653.8</ele><time>2026-09-22T15:04:07.000Z</time><extensions><gpxtpx:TrackPointExtension xmlns:gpxtpx="http://www.garmin.com/xmlschemas/TrackPointExtension/v1"><gpxtpx:atemp>15</gpxtpx:atemp></gpxtpx:TrackPointExtension></extensions></trkpt><trkpt lat="42.659144" lon="23.242692"><ele>653.2</ele><time>2026-09-22T15:04:11.000Z</time><extensions><gpxtpx:TrackPointExtension xmlns:gpxtpx="http://www.garmin.com/xmlschemas/TrackPointExtension/v1"><gpxtpx:atemp>15</gpxtpx:atemp></gpxtpx:TrackPointExtension></extensions></trkpt><trkpt lat="42.659243" lon="23.243211"><ele>652.4</ele><time>2026-09-22T15:04:22.000Z</time><extensions><gpxtpx:TrackPointExtension xmlns:gpxtpx="http://www.garmin.com/xmlschemas/TrackPointExtension/v1"><gpxtpx:atemp>15</gpxtpx:atemp></gpxtpx:TrackPointExtension></extensions></trkpt><trkpt lat="42.659262" lon="23.243395"><ele>652</ele><time>2026-09-22T15:04:26.000Z</time><extensions><gpxtpx:TrackPointExtension xmlns:gpxtpx="http://www.garmin.com/xmlschemas/TrackPointExtension/v1"><gpxtpx:atemp>15</gpxtpx:atemp></gpxtpx:TrackPointExtension></extensions></trkpt><trkpt lat="42.659393" lon="23.244063"><ele>650.6</ele><time>2026-09-22T15:04:49.000Z</time><extensions><gpxtpx:TrackPointExtension xmlns:gpxtpx="http://www.garmin.com/xmlschemas/TrackPointExtension/v1"><gpxtpx:atemp>15</gpxtpx:atemp></gpxtpx:TrackPointExtension></extensions></trkpt><trkpt lat="42.659453" lon="23.244286"><ele>650.2</ele><time>2026-09-22T15:04:55.000Z</time><extensions><gpxtpx:TrackPointExtension xmlns:gpxtpx="http://www.garmin.com/xmlschemas/TrackPointExtension/v1"><gpxtpx:atemp>15</gpxtpx:atemp></gpxtpx:TrackPointExtension></extensions></trkpt><trkpt lat="42.659578" lon="23.244626"><ele>649.8</ele><time>2026-09-22T15:05:03.000Z</time><extensions><gpxtpx:TrackPointExtension xmlns:gpxtpx="http://www.garmin.com/xmlschemas/TrackPointExtension/v1"><gpxtpx:atemp>15</gpxtpx:atemp></gpxtpx:TrackPointExtension></extensions></trkpt><trkpt lat="42.659638" lon="23.244883"><ele>648.8</ele><time>2026-09-22T15:05:17.000Z</time><extensions><gpxtpx:TrackPointExtension xmlns:gpxtpx="http://www.garmin.com/xmlschemas/TrackPointExtension/v1"><gpxtpx:atemp>15</gpxtpx:atemp></gpxtpx:TrackPointExtension></extensions></trkpt><trkpt lat="42.659739" lon="23.245106"><ele>648.4</ele><time>2026-09-22T15:05:26.000Z</time><extensions><gpxtpx:TrackPointExtension xmlns:gpxtpx="http://www.garmin.com/xmlschemas/TrackPointExtension/v1"><gpxtpx:atemp>15</gpxtpx:atemp></gpxtpx:TrackPointExtension></extensions></trkpt><trkpt lat="42.659764" lon="23.245252"><ele>648.2</ele><time>2026-09-22T15:05:29.000Z</time><extensions><gpxtpx:TrackPointExtension xmlns:gpxtpx="http://www.garmin.com/xmlschemas/TrackPointExtension/v1"><gpxtpx:atemp>15</gpxtpx:atemp></gpxtpx:TrackPointExtension></extensions></trkpt><trkpt lat="42.659926" lon="23.245744"><ele>647</ele><time>2026-09-22T15:05:40.000Z</time><extensions><gpxtpx:TrackPointExtension xmlns:gpxtpx="http://www.garmin.com/xmlschemas/TrackPointExtension/v1"><gpxtpx:atemp>15</gpxtpx:atemp></gpxtpx:TrackPointExtension></extensions></trkpt><trkpt lat="42.659972" lon="23.245924"><ele>646.6</ele><time>2026-09-22T15:05:44.000Z</time><extensions><gpxtpx:TrackPointExtension xmlns:gpxtpx="http://www.garmin.com/xmlschemas/TrackPointExtension/v1"><gpxtpx:atemp>15</gpxtpx:atemp></gpxtpx:TrackPointExtension></extensions></trkpt><trkpt lat="42.660039" lon="23.246098"><ele>646.2</ele><time>2026-09-22T15:05:48.000Z</time><extensions><gpxtpx:TrackPointExtension xmlns:gpxtpx="http://www.garmin.com/xmlschemas/TrackPointExtension/v1"><gpxtpx:atemp>15</gpxtpx:atemp></gpxtpx:TrackPointExtension></extensions></trkpt><trkpt lat="42.660373" lon="23.247226"><ele>643.6</ele><time>2026-09-22T15:06:11.000Z</time><extensions><gpxtpx:TrackPointExtension xmlns:gpxtpx="http://www.garmin.com/xmlschemas/TrackPointExtension/v1"><gpxtpx:atemp>15</gpxtpx:atemp></gpxtpx:TrackPointExtension></extensions></trkpt><trkpt lat="42.660517" lon="23.247648"><ele>642.4</ele><time>2026-09-22T15:06:20.000Z</time><extensions><gpxtpx:TrackPointExtension xmlns:gpxtpx="http://www.garmin.com/xmlschemas/TrackPointExtension/v1"><gpxtpx:atemp>15</gpxtpx:atemp></gpxtpx:TrackPointExtension></extensions></trkpt><trkpt lat="42.660502" lon="23.247737"><ele>642.2</ele><time>2026-09-22T15:06:24.000Z</time><extensions><gpxtpx:TrackPointExtension xmlns:gpxtpx="http://www.garmin.com/xmlschemas/TrackPointExtension/v1"><gpxtpx:atemp>15</gpxtpx:atemp></gpxtpx:TrackPointExtension></extensions></trkpt><trkpt lat="42.66051" lon="23.247918"><ele>641.6</ele><time>2026-09-22T15:06:31.000Z</time><extensions><gpxtpx:TrackPointExtension xmlns:gpxtpx="http://www.garmin.com/xmlschemas/TrackPointExtension/v1"><gpxtpx:atemp>15</gpxtpx:atemp></gpxtpx:TrackPointExtension></extensions></trkpt><trkpt lat="42.660683" lon="23.248467"><ele>640.2</ele><time>2026-09-22T15:06:49.000Z</time><extensions><gpxtpx:TrackPointExtension xmlns:gpxtpx="http://www.garmin.com/xmlschemas/TrackPointExtension/v1"><gpxtpx:atemp>15</gpxtpx:atemp></gpxtpx:TrackPointExtension></extensions></trkpt><trkpt lat="42.660665" lon="23.248528"><ele>640</ele><time>2026-09-22T15:06:52.000Z</time><extensions><gpxtpx:TrackPointExtension xmlns:gpxtpx="http://www.garmin.com/xmlschemas/TrackPointExtension/v1"><gpxtpx:atemp>15</gpxtpx:atemp></gpxtpx:TrackPointExtension></extensions></trkpt><trkpt lat="42.660586" lon="23.24862"><ele>640</ele><time>2026-09-22T15:06:58.000Z</time><extensions><gpxtpx:TrackPointExtension xmlns:gpxtpx="http://www.garmin.com/xmlschemas/TrackPointExtension/v1"><gpxtpx:atemp>15</gpxtpx:atemp></gpxtpx:TrackPointExtension></extensions></trkpt><trkpt lat="42.660478" lon="23.248805"><ele>642.2</ele><time>2026-09-22T15:07:09.000Z</time><extensions><gpxtpx:TrackPointExtension xmlns:gpxtpx="http://www.garmin.com/xmlschemas/TrackPointExtension/v1"><gpxtpx:atemp>15</gpxtpx:atemp></gpxtpx:TrackPointExtension></extensions></trkpt><trkpt lat="42.660438" lon="23.249089"><ele>643.2</ele><time>2026-09-22T15:07:21.000Z</time><extensions><gpxtpx:TrackPointExtension xmlns:gpxtpx="http://www.garmin.com/xmlschemas/TrackPointExtension/v1"><gpxtpx:atemp>15</gpxtpx:atemp></gpxtpx:TrackPointExtension></extensions></trkpt><trkpt lat="42.660445" lon="23.249238"><ele>643.4</ele><time>2026-09-22T15:07:25.000Z</time><extensions><gpxtpx:TrackPointExtension xmlns:gpxtpx="http://www.garmin.com/xmlschemas/TrackPointExtension/v1"><gpxtpx:atemp>15</gpxtpx:atemp></gpxtpx:TrackPointExtension></extensions></trkpt><trkpt lat="42.660432" lon="23.249297"><ele>643.2</ele><time>2026-09-22T15:07:27.000Z</time><extensions><gpxtpx:TrackPointExtension xmlns:gpxtpx="http://www.garmin.com/xmlschemas/TrackPointExtension/v1"><gpxtpx:atemp>15</gpxtpx:atemp></gpxtpx:TrackPointExtension></extensions></trkpt><trkpt lat="42.660387" lon="23.249339"><ele>643</ele><time>2026-09-22T15:07:30.000Z</time><extensions><gpxtpx:TrackPointExtension xmlns:gpxtpx="http://www.garmin.com/xmlschemas/TrackPointExtension/v1"><gpxtpx:atemp>15</gpxtpx:atemp></gpxtpx:TrackPointExtension></extensions></trkpt><trkpt lat="42.660251" lon="23.249357"><ele>643.8</ele><time>2026-09-22T15:07:40.000Z</time><extensions><gpxtpx:TrackPointExtension xmlns:gpxtpx="http://www.garmin.com/xmlschemas/TrackPointExtension/v1"><gpxtpx:atemp>15</gpxtpx:atemp></gpxtpx:TrackPointExtension></extensions></trkpt><trkpt lat="42.660237" lon="23.249346"><ele>643.8</ele><time>2026-09-22T15:07:41.000Z</time><extensions><gpxtpx:TrackPointExtension xmlns:gpxtpx="http://www.garmin.com/xmlschemas/TrackPointExtension/v1"><gpxtpx:atemp>15</gpxtpx:atemp></gpxtpx:TrackPointExtension></extensions></trkpt><trkpt lat="42.660232" lon="23.24931"><ele>644</ele><time>2026-09-22T15:07:43.000Z</time><extensions><gpxtpx:TrackPointExtension xmlns:gpxtpx="http://www.garmin.com/xmlschemas/TrackPointExtension/v1"><gpxtpx:atemp>15</gpxtpx:atemp></gpxtpx:TrackPointExtension></extensions></trkpt><trkpt lat="42.660242" lon="23.249302"><ele>644.2</ele><time>2026-09-22T15:07:44.000Z</time><extensions><gpxtpx:TrackPointExtension xmlns:gpxtpx="http://www.garmin.com/xmlschemas/TrackPointExtension/v1"><gpxtpx:atemp>15</gpxtpx:atemp></gpxtpx:TrackPointExtension></extensions></trkpt><trkpt lat="42.660312" lon="23.249348"><ele>644.2</ele><time>2026-09-22T15:07:50.000Z</time><extensions><gpxtpx:TrackPointExtension xmlns:gpxtpx="http://www.garmin.com/xmlschemas/TrackPointExtension/v1"><gpxtpx:atemp>15</gpxtpx:atemp></gpxtpx:TrackPointExtension></extensions></trkpt><trkpt lat="42.660373" lon="23.24934"><ele>644</ele><time>2026-09-22T15:07:53.000Z</time><extensions><gpxtpx:TrackPointExtension xmlns:gpxtpx="http://www.garmin.com/xmlschemas/TrackPointExtension/v1"><gpxtpx:atemp>15</gpxtpx:atemp></gpxtpx:TrackPointExtension></extensions></trkpt><trkpt lat="42.660511" lon="23.249268"><ele>643.2</ele><time>2026-09-22T15:08:01.000Z</time><extensions><gpxtpx:TrackPointExtension xmlns:gpxtpx="http://www.garmin.com/xmlschemas/TrackPointExtension/v1"><gpxtpx:atemp>15</gpxtpx:atemp></gpxtpx:TrackPointExtension></extensions></trkpt><trkpt lat="42.660631" lon="23.249174"><ele>641.8</ele><time>2026-09-22T15:08:10.000Z</time><extensions><gpxtpx:TrackPointExtension xmlns:gpxtpx="http://www.garmin.com/xmlschemas/TrackPointExtension/v1"><gpxtpx:atemp>15</gpxtpx:atemp></gpxtpx:TrackPointExtension></extensions></trkpt><trkpt lat="42.660683" lon="23.249154"><ele>640.8</ele><time>2026-09-22T15:08:13.000Z</time><extensions><gpxtpx:TrackPointExtension xmlns:gpxtpx="http://www.garmin.com/xmlschemas/TrackPointExtension/v1"><gpxtpx:atemp>15</gpxtpx:atemp></gpxtpx:TrackPointExtension></extensions></trkpt><trkpt lat="42.660715" lon="23.249167"><ele>640.2</ele><time>2026-09-22T15:08:15.000Z</time><extensions><gpxtpx:TrackPointExtension xmlns:gpxtpx="http://www.garmin.com/xmlschemas/TrackPointExtension/v1"><gpxtpx:atemp>15</gpxtpx:atemp></gpxtpx:TrackPointExtension></extensions></trkpt><trkpt lat="42.660749" lon="23.249255"><ele>639.6</ele><time>2026-09-22T15:08:19.000Z</time><extensions><gpxtpx:TrackPointExtension xmlns:gpxtpx="http://www.garmin.com/xmlschemas/TrackPointExtension/v1"><gpxtpx:atemp>15</gpxtpx:atemp></gpxtpx:TrackPointExtension></extensions></trkpt><trkpt lat="42.660816" lon="23.249278"><ele>639.2</ele><time>2026-09-22T15:08:26.000Z</time><extensions><gpxtpx:TrackPointExtension xmlns:gpxtpx="http://www.garmin.com/xmlschemas/TrackPointExtension/v1"><gpxtpx:atemp>15</gpxtpx:atemp></gpxtpx:TrackPointExtension></extensions></trkpt><trkpt lat="42.660826" lon="23.249225"><ele>639</ele><time>2026-09-22T15:08:40.000Z</time><extensions><gpxtpx:TrackPointExtension xmlns:gpxtpx="http://www.garmin.com/xmlschemas/TrackPointExtension/v1"><gpxtpx:atemp>15</gpxtpx:atemp></gpxtpx:TrackPointExtension></extensions></trkpt><trkpt lat="42.660802" lon="23.249116"><ele>639</ele><time>2026-09-22T15:08:47.000Z</time><extensions><gpxtpx:TrackPointExtension xmlns:gpxtpx="http://www.garmin.com/xmlschemas/TrackPointExtension/v1"><gpxtpx:atemp>15</gpxtpx:atemp></gpxtpx:TrackPointExtension></extensions></trkpt><trkpt lat="42.660813" lon="23.249057"><ele>639</ele><time>2026-09-22T15:08:50.000Z</time><extensions><gpxtpx:TrackPointExtension xmlns:gpxtpx="http://www.garmin.com/xmlschemas/TrackPointExtension/v1"><gpxtpx:atemp>15</gpxtpx:atemp></gpxtpx:TrackPointExtension></extensions></trkpt><trkpt lat="42.660856" lon="23.248986"><ele>638.8</ele><time>2026-09-22T15:08:54.000Z</time><extensions><gpxtpx:TrackPointExtension xmlns:gpxtpx="http://www.garmin.com/xmlschemas/TrackPointExtension/v1"><gpxtpx:atemp>15</gpxtpx:atemp></gpxtpx:TrackPointExtension></extensions></trkpt><trkpt lat="42.660867" lon="23.248981"><ele>638.8</ele><time>2026-09-22T15:08:55.000Z</time><extensions><gpxtpx:TrackPointExtension xmlns:gpxtpx="http://www.garmin.com/xmlschemas/TrackPointExtension/v1"><gpxtpx:atemp>15</gpxtpx:atemp></gpxtpx:TrackPointExtension></extensions></trkpt><trkpt lat="42.660878" lon="23.248998"><ele>638.8</ele><time>2026-09-22T15:08:56.000Z</time><extensions><gpxtpx:TrackPointExtension xmlns:gpxtpx="http://www.garmin.com/xmlschemas/TrackPointExtension/v1"><gpxtpx:atemp>15</gpxtpx:atemp></gpxtpx:TrackPointExtension></extensions></trkpt><trkpt lat="42.661128" lon="23.249716"><ele>637.6</ele><time>2026-09-22T15:09:12.000Z</time><extensions><gpxtpx:TrackPointExtension xmlns:gpxtpx="http://www.garmin.com/xmlschemas/TrackPointExtension/v1"><gpxtpx:atemp>15</gpxtpx:atemp></gpxtpx:TrackPointExtension></extensions></trkpt><trkpt lat="42.66133" lon="23.250226"><ele>636</ele><time>2026-09-22T15:09:23.000Z</time><extensions><gpxtpx:TrackPointExtension xmlns:gpxtpx="http://www.garmin.com/xmlschemas/TrackPointExtension/v1"><gpxtpx:atemp>15</gpxtpx:atemp></gpxtpx:TrackPointExtension></extensions></trkpt><trkpt lat="42.661396" lon="23.250489"><ele>635.6</ele><time>2026-09-22T15:09:29.000Z</time><extensions><gpxtpx:TrackPointExtension xmlns:gpxtpx="http://www.garmin.com/xmlschemas/TrackPointExtension/v1"><gpxtpx:atemp>15</gpxtpx:atemp></gpxtpx:TrackPointExtension></extensions></trkpt><trkpt lat="42.661512" lon="23.250808"><ele>634.8</ele><time>2026-09-22T15:09:36.000Z</time><extensions><gpxtpx:TrackPointExtension xmlns:gpxtpx="http://www.garmin.com/xmlschemas/TrackPointExtension/v1"><gpxtpx:atemp>15</gpxtpx:atemp></gpxtpx:TrackPointExtension></extensions></trkpt><trkpt lat="42.661573" lon="23.250935"><ele>634.4</ele><time>2026-09-22T15:09:39.000Z</time><extensions><gpxtpx:TrackPointExtension xmlns:gpxtpx="http://www.garmin.com/xmlschemas/TrackPointExtension/v1"><gpxtpx:atemp>16</gpxtpx:atemp></gpxtpx:TrackPointExtension></extensions></trkpt><trkpt lat="42.661651" lon="23.251206"><ele>633.6</ele><time>2026-09-22T15:09:45.000Z</time><extensions><gpxtpx:TrackPointExtension xmlns:gpxtpx="http://www.garmin.com/xmlschemas/TrackPointExtension/v1"><gpxtpx:atemp>16</gpxtpx:atemp></gpxtpx:TrackPointExtension></extensions></trkpt><trkpt lat="42.661736" lon="23.251323"><ele>633</ele><time>2026-09-22T15:09:49.000Z</time><extensions><gpxtpx:TrackPointExtension xmlns:gpxtpx="http://www.garmin.com/xmlschemas/TrackPointExtension/v1"><gpxtpx:atemp>16</gpxtpx:atemp></gpxtpx:TrackPointExtension></extensions></trkpt><trkpt lat="42.662289" lon="23.252834"><ele>630.2</ele><time>2026-09-22T15:10:16.000Z</time><extensions><gpxtpx:TrackPointExtension xmlns:gpxtpx="http://www.garmin.com/xmlschemas/TrackPointExtension/v1"><gpxtpx:atemp>16</gpxtpx:atemp></gpxtpx:TrackPointExtension></extensions></trkpt><trkpt lat="42.662665" lon="23.253795"><ele>628.4</ele><time>2026-09-22T15:10:37.000Z</time><extensions><gpxtpx:TrackPointExtension xmlns:gpxtpx="http://www.garmin.com/xmlschemas/TrackPointExtension/v1"><gpxtpx:atemp>16</gpxtpx:atemp></gpxtpx:TrackPointExtension></extensions></trkpt><trkpt lat="42.662781" lon="23.254137"><ele>627.6</ele><time>2026-09-22T15:10:43.000Z</time><extensions><gpxtpx:TrackPointExtension xmlns:gpxtpx="http://www.garmin.com/xmlschemas/TrackPointExtension/v1"><gpxtpx:atemp>16</gpxtpx:atemp></gpxtpx:TrackPointExtension></extensions></trkpt><trkpt lat="42.66306" lon="23.254849"><ele>626</ele><time>2026-09-22T15:10:54.000Z</time><extensions><gpxtpx:TrackPointExtension xmlns:gpxtpx="http://www.garmin.com/xmlschemas/TrackPointExtension/v1"><gpxtpx:atemp>16</gpxtpx:atemp></gpxtpx:TrackPointExtension></extensions></trkpt><trkpt lat="42.663541" lon="23.256164"><ele>623.4</ele><time>2026-09-22T15:11:11.000Z</time><extensions><gpxtpx:TrackPointExtension xmlns:gpxtpx="http://www.garmin.com/xmlschemas/TrackPointExtension/v1"><gpxtpx:atemp>16</gpxtpx:atemp></gpxtpx:TrackPointExtension></extensions></trkpt><trkpt lat="42.663672" lon="23.256474"><ele>622.8</ele><time>2026-09-22T15:11:15.000Z</time><extensions><gpxtpx:TrackPointExtension xmlns:gpxtpx="http://www.garmin.com/xmlschemas/TrackPointExtension/v1"><gpxtpx:atemp>16</gpxtpx:atemp></gpxtpx:TrackPointExtension></extensions></trkpt><trkpt lat="42.663936" lon="23.257201"><ele>621.4</ele><time>2026-09-22T15:11:24.000Z</time><extensions><gpxtpx:TrackPointExtension xmlns:gpxtpx="http://www.garmin.com/xmlschemas/TrackPointExtension/v1"><gpxtpx:atemp>16</gpxtpx:atemp></gpxtpx:TrackPointExtension></extensions></trkpt><trkpt lat="42.664148" lon="23.257716"><ele>620.8</ele><time>2026-09-22T15:11:31.000Z</time><extensions><gpxtpx:TrackPointExtension xmlns:gpxtpx="http://www.garmin.com/xmlschemas/TrackPointExtension/v1"><gpxtpx:atemp>16</gpxtpx:atemp></gpxtpx:TrackPointExtension></extensions></trkpt><trkpt lat="42.66455" lon="23.258813"><ele>620</ele><time>2026-09-22T15:11:48.000Z</time><extensions><gpxtpx:TrackPointExtension xmlns:gpxtpx="http://www.garmin.com/xmlschemas/TrackPointExtension/v1"><gpxtpx:atemp>16</gpxtpx:atemp></gpxtpx:TrackPointExtension></extensions></trkpt><trkpt lat="42.664619" lon="23.258915"><ele>619.8</ele><time>2026-09-22T15:11:51.000Z</time><extensions><gpxtpx:TrackPointExtension xmlns:gpxtpx="http://www.garmin.com/xmlschemas/TrackPointExtension/v1"><gpxtpx:atemp>16</gpxtpx:atemp></gpxtpx:TrackPointExtension></extensions></trkpt><trkpt lat="42.664747" lon="23.259244"><ele>619.6</ele><time>2026-09-22T15:11:59.000Z</time><extensions><gpxtpx:TrackPointExtension xmlns:gpxtpx="http://www.garmin.com/xmlschemas/TrackPointExtension/v1"><gpxtpx:atemp>16</gpxtpx:atemp></gpxtpx:TrackPointExtension></extensions></trkpt><trkpt lat="42.664749" lon="23.259286"><ele>619.4</ele><time>2026-09-22T15:12:00.000Z</time><extensions><gpxtpx:TrackPointExtension xmlns:gpxtpx="http://www.garmin.com/xmlschemas/TrackPointExtension/v1"><gpxtpx:atemp>16</gpxtpx:atemp></gpxtpx:TrackPointExtension></extensions></trkpt><trkpt lat="42.66472" lon="23.259357"><ele>619.4</ele><time>2026-09-22T15:12:02.000Z</time><extensions><gpxtpx:TrackPointExtension xmlns:gpxtpx="http://www.garmin.com/xmlschemas/TrackPointExtension/v1"><gpxtpx:atemp>16</gpxtpx:atemp></gpxtpx:TrackPointExtension></extensions></trkpt><trkpt lat="42.664798" lon="23.259528"><ele>619.4</ele><time>2026-09-22T15:12:08.000Z</time><extensions><gpxtpx:TrackPointExtension xmlns:gpxtpx="http://www.garmin.com/xmlschemas/TrackPointExtension/v1"><gpxtpx:atemp>16</gpxtpx:atemp></gpxtpx:TrackPointExtension></extensions></trkpt><trkpt lat="42.664895" lon="23.259797"><ele>619.4</ele><time>2026-09-22T15:12:16.000Z</time><extensions><gpxtpx:TrackPointExtension xmlns:gpxtpx="http://www.garmin.com/xmlschemas/TrackPointExtension/v1"><gpxtpx:atemp>16</gpxtpx:atemp></gpxtpx:TrackPointExtension></extensions></trkpt><trkpt lat="42.664817" lon="23.259913"><ele>619</ele><time>2026-09-22T15:12:22.000Z</time><extensions><gpxtpx:TrackPointExtension xmlns:gpxtpx="http://www.garmin.com/xmlschemas/TrackPointExtension/v1"><gpxtpx:atemp>16</gpxtpx:atemp></gpxtpx:TrackPointExtension></extensions></trkpt><trkpt lat="42.664683" lon="23.260061"><ele>619</ele><time>2026-09-22T15:12:30.000Z</time><extensions><gpxtpx:TrackPointExtension xmlns:gpxtpx="http://www.garmin.com/xmlschemas/TrackPointExtension/v1"><gpxtpx:atemp>16</gpxtpx:atemp></gpxtpx:TrackPointExtension></extensions></trkpt><trkpt lat="42.664582" lon="23.260134"><ele>619.2</ele><time>2026-09-22T15:12:34.000Z</time><extensions><gpxtpx:TrackPointExtension xmlns:gpxtpx="http://www.garmin.com/xmlschemas/TrackPointExtension/v1"><gpxtpx:atemp>16</gpxtpx:atemp></gpxtpx:TrackPointExtension></extensions></trkpt><trkpt lat="42.664586" lon="23.260186"><ele>619.2</ele><time>2026-09-22T15:12:36.000Z</time><extensions><gpxtpx:TrackPointExtension xmlns:gpxtpx="http://www.garmin.com/xmlschemas/TrackPointExtension/v1"><gpxtpx:atemp>16</gpxtpx:atemp></gpxtpx:TrackPointExtension></extensions></trkpt><trkpt lat="42.664617" lon="23.260163"><ele>619.2</ele><time>2026-09-22T15:12:38.000Z</time><extensions><gpxtpx:TrackPointExtension xmlns:gpxtpx="http://www.garmin.com/xmlschemas/TrackPointExtension/v1"><gpxtpx:atemp>16</gpxtpx:atemp></gpxtpx:TrackPointExtension></extensions></trkpt><trkpt lat="42.664629" lon="23.260117"><ele>619.2</ele><time>2026-09-22T15:12:40.000Z</time><extensions><gpxtpx:TrackPointExtension xmlns:gpxtpx="http://www.garmin.com/xmlschemas/TrackPointExtension/v1"><gpxtpx:atemp>16</gpxtpx:atemp></gpxtpx:TrackPointExtension></extensions></trkpt><trkpt lat="42.664699" lon="23.260049"><ele>619</ele><time>2026-09-22T15:12:44.000Z</time><extensions><gpxtpx:TrackPointExtension xmlns:gpxtpx="http://www.garmin.com/xmlschemas/TrackPointExtension/v1"><gpxtpx:atemp>16</gpxtpx:atemp></gpxtpx:TrackPointExtension></extensions></trkpt><trkpt lat="42.664786" lon="23.259992"><ele>619</ele><time>2026-09-22T15:12:48.000Z</time><extensions><gpxtpx:TrackPointExtension xmlns:gpxtpx="http://www.garmin.com/xmlschemas/TrackPointExtension/v1"><gpxtpx:atemp>16</gpxtpx:atemp></gpxtpx:TrackPointExtension></extensions></trkpt><trkpt lat="42.664856" lon="23.259905"><ele>619</ele><time>2026-09-22T15:12:52.000Z</time><extensions><gpxtpx:TrackPointExtension xmlns:gpxtpx="http://www.garmin.com/xmlschemas/TrackPointExtension/v1"><gpxtpx:atemp>16</gpxtpx:atemp></gpxtpx:TrackPointExtension></extensions></trkpt><trkpt lat="42.664896" lon="23.259871"><ele>619</ele><time>2026-09-22T15:12:54.000Z</time><extensions><gpxtpx:TrackPointExtension xmlns:gpxtpx="http://www.garmin.com/xmlschemas/TrackPointExtension/v1"><gpxtpx:atemp>16</gpxtpx:atemp></gpxtpx:TrackPointExtension></extensions></trkpt><trkpt lat="42.664939" lon="23.259885"><ele>619</ele><time>2026-09-22T15:12:56.000Z</time><extensions><gpxtpx:TrackPointExtension xmlns:gpxtpx="http://www.garmin.com/xmlschemas/TrackPointExtension/v1"><gpxtpx:atemp>16</gpxtpx:atemp></gpxtpx:TrackPointExtension></extensions></trkpt><trkpt lat="42.665453" lon="23.261201"><ele>618.4</ele><time>2026-09-22T15:14:21.000Z</time><extensions><gpxtpx:TrackPointExtension xmlns:gpxtpx="http://www.garmin.com/xmlschemas/TrackPointExtension/v1"><gpxtpx:atemp>16</gpxtpx:atemp></gpxtpx:TrackPointExtension></extensions></trkpt><trkpt lat="42.665542" lon="23.261464"><ele>618.4</ele><time>2026-09-22T15:14:26.000Z</time><extensions><gpxtpx:TrackPointExtension xmlns:gpxtpx="http://www.garmin.com/xmlschemas/TrackPointExtension/v1"><gpxtpx:atemp>16</gpxtpx:atemp></gpxtpx:TrackPointExtension></extensions></trkpt><trkpt lat="42.665675" lon="23.261763"><ele>618.4</ele><time>2026-09-22T15:14:32.000Z</time><extensions><gpxtpx:TrackPointExtension xmlns:gpxtpx="http://www.garmin.com/xmlschemas/TrackPointExtension/v1"><gpxtpx:atemp>16</gpxtpx:atemp></gpxtpx:TrackPointExtension></extensions></trkpt><trkpt lat="42.665774" lon="23.262079"><ele>618.6</ele><time>2026-09-22T15:14:38.000Z</time><extensions><gpxtpx:TrackPointExtension xmlns:gpxtpx="http://www.garmin.com/xmlschemas/TrackPointExtension/v1"><gpxtpx:atemp>16</gpxtpx:atemp></gpxtpx:TrackPointExtension></extensions></trkpt><trkpt lat="42.665942" lon="23.262526"><ele>618.4</ele><time>2026-09-22T15:14:47.000Z</time><extensions><gpxtpx:TrackPointExtension xmlns:gpxtpx="http://www.garmin.com/xmlschemas/TrackPointExtension/v1"><gpxtpx:atemp>16</gpxtpx:atemp></gpxtpx:TrackPointExtension></extensions></trkpt><trkpt lat="42.666207" lon="23.263146"><ele>618</ele><time>2026-09-22T15:15:00.000Z</time><extensions><gpxtpx:TrackPointExtension xmlns:gpxtpx="http://www.garmin.com/xmlschemas/TrackPointExtension/v1"><gpxtpx:atemp>16</gpxtpx:atemp></gpxtpx:TrackPointExtension></extensions></trkpt><trkpt lat="42.666647" lon="23.263922"><ele>616.6</ele><time>2026-09-22T15:15:16.000Z</time><extensions><gpxtpx:TrackPointExtension xmlns:gpxtpx="http://www.garmin.com/xmlschemas/TrackPointExtension/v1"><gpxtpx:atemp>16</gpxtpx:atemp></gpxtpx:TrackPointExtension></extensions></trkpt><trkpt lat="42.666697" lon="23.264055"><ele>616.4</ele><time>2026-09-22T15:15:20.000Z</time><extensions><gpxtpx:TrackPointExtension xmlns:gpxtpx="http://www.garmin.com/xmlschemas/TrackPointExtension/v1"><gpxtpx:atemp>16</gpxtpx:atemp></gpxtpx:TrackPointExtension></extensions></trkpt><trkpt lat="42.666793" lon="23.264226"><ele>616.2</ele><time>2026-09-22T15:15:26.000Z</time><extensions><gpxtpx:TrackPointExtension xmlns:gpxtpx="http://www.garmin.com/xmlschemas/TrackPointExtension/v1"><gpxtpx:atemp>16</gpxtpx:atemp></gpxtpx:TrackPointExtension></extensions></trkpt><trkpt lat="42.666864" lon="23.264328"><ele>616</ele><time>2026-09-22T15:15:29.000Z</time><extensions><gpxtpx:TrackPointExtension xmlns:gpxtpx="http://www.garmin.com/xmlschemas/TrackPointExtension/v1"><gpxtpx:atemp>16</gpxtpx:atemp></gpxtpx:TrackPointExtension></extensions></trkpt><trkpt lat="42.667023" lon="23.264622"><ele>615.4</ele><time>2026-09-22T15:15:36.000Z</time><extensions><gpxtpx:TrackPointExtension xmlns:gpxtpx="http://www.garmin.com/xmlschemas/TrackPointExtension/v1"><gpxtpx:atemp>16</gpxtpx:atemp></gpxtpx:TrackPointExtension></extensions></trkpt><trkpt lat="42.667121" lon="23.26475"><ele>615</ele><time>2026-09-22T15:15:40.000Z</time><extensions><gpxtpx:TrackPointExtension xmlns:gpxtpx="http://www.garmin.com/xmlschemas/TrackPointExtension/v1"><gpxtpx:atemp>16</gpxtpx:atemp></gpxtpx:TrackPointExtension></extensions></trkpt><trkpt lat="42.667264" lon="23.265014"><ele>614.4</ele><time>2026-09-22T15:15:47.000Z</time><extensions><gpxtpx:TrackPointExtension xmlns:gpxtpx="http://www.garmin.com/xmlschemas/TrackPointExtension/v1"><gpxtpx:atemp>16</gpxtpx:atemp></gpxtpx:TrackPointExtension></extensions></trkpt><trkpt lat="42.66738" lon="23.265188"><ele>614</ele><time>2026-09-22T15:15:52.000Z</time><extensions><gpxtpx:TrackPointExtension xmlns:gpxtpx="http://www.garmin.com/xmlschemas/TrackPointExtension/v1"><gpxtpx:atemp>16</gpxtpx:atemp></gpxtpx:TrackPointExtension></extensions></trkpt><trkpt lat="42.667431" lon="23.265316"><ele>613.8</ele><time>2026-09-22T15:15:55.000Z</time><extensions><gpxtpx:TrackPointExtension xmlns:gpxtpx="http://www.garmin.com/xmlschemas/TrackPointExtension/v1"><gpxtpx:atemp>16</gpxtpx:atemp></gpxtpx:TrackPointExtension></extensions></trkpt><trkpt lat="42.667542" lon="23.265506"><ele>613.4</ele><time>2026-09-22T15:16:00.000Z</time><extensions><gpxtpx:TrackPointExtension xmlns:gpxtpx="http://www.garmin.com/xmlschemas/TrackPointExtension/v1"><gpxtpx:atemp>16</gpxtpx:atemp></gpxtpx:TrackPointExtension></extensions></trkpt><trkpt lat="42.667589" lon="23.265643"><ele>613.2</ele><time>2026-09-22T15:16:04.000Z</time><extensions><gpxtpx:TrackPointExtension xmlns:gpxtpx="http://www.garmin.com/xmlschemas/TrackPointExtension/v1"><gpxtpx:atemp>16</gpxtpx:atemp></gpxtpx:TrackPointExtension></extensions></trkpt><trkpt lat="42.66773" lon="23.26588"><ele>613</ele><time>2026-09-22T15:16:13.000Z</time><extensions><gpxtpx:TrackPointExtension xmlns:gpxtpx="http://www.garmin.com/xmlschemas/TrackPointExtension/v1"><gpxtpx:atemp>17</gpxtpx:atemp></gpxtpx:TrackPointExtension></extensions></trkpt><trkpt lat="42.667742" lon="23.265958"><ele>613</ele><time>2026-09-22T15:16:17.000Z</time><extensions><gpxtpx:TrackPointExtension xmlns:gpxtpx="http://www.garmin.com/xmlschemas/TrackPointExtension/v1"><gpxtpx:atemp>17</gpxtpx:atemp></gpxtpx:TrackPointExtension></extensions></trkpt><trkpt lat="42.66767" lon="23.266043"><ele>613</ele><time>2026-09-22T15:16:22.000Z</time><extensions><gpxtpx:TrackPointExtension xmlns:gpxtpx="http://www.garmin.com/xmlschemas/TrackPointExtension/v1"><gpxtpx:atemp>17</gpxtpx:atemp></gpxtpx:TrackPointExtension></extensions></trkpt><trkpt lat="42.667583" lon="23.266088"><ele>613</ele><time>2026-09-22T15:16:26.000Z</time><extensions><gpxtpx:TrackPointExtension xmlns:gpxtpx="http://www.garmin.com/xmlschemas/TrackPointExtension/v1"><gpxtpx:atemp>17</gpxtpx:atemp></gpxtpx:TrackPointExtension></extensions></trkpt><trkpt lat="42.667477" lon="23.266108"><ele>613.6</ele><time>2026-09-22T15:16:31.000Z</time><extensions><gpxtpx:TrackPointExtension xmlns:gpxtpx="http://www.garmin.com/xmlschemas/TrackPointExtension/v1"><gpxtpx:atemp>17</gpxtpx:atemp></gpxtpx:TrackPointExtension></extensions></trkpt><trkpt lat="42.6673" lon="23.26607"><ele>614.4</ele><time>2026-09-22T15:16:39.000Z</time><extensions><gpxtpx:TrackPointExtension xmlns:gpxtpx="http://www.garmin.com/xmlschemas/TrackPointExtension/v1"><gpxtpx:atemp>17</gpxtpx:atemp></gpxtpx:TrackPointExtension></extensions></trkpt><trkpt lat="42.667079" lon="23.266136"><ele>615.2</ele><time>2026-09-22T15:16:52.000Z</time><extensions><gpxtpx:TrackPointExtension xmlns:gpxtpx="http://www.garmin.com/xmlschemas/TrackPointExtension/v1"><gpxtpx:atemp>17</gpxtpx:atemp></gpxtpx:TrackPointExtension></extensions></trkpt><trkpt lat="42.666911" lon="23.266097"><ele>615.6</ele><time>2026-09-22T15:16:59.000Z</time><extensions><gpxtpx:TrackPointExtension xmlns:gpxtpx="http://www.garmin.com/xmlschemas/TrackPointExtension/v1"><gpxtpx:atemp>17</gpxtpx:atemp></gpxtpx:TrackPointExtension></extensions></trkpt><trkpt lat="42.666514" lon="23.266075"><ele>617</ele><time>2026-09-22T15:17:14.000Z</time><extensions><gpxtpx:TrackPointExtension xmlns:gpxtpx="http://www.garmin.com/xmlschemas/TrackPointExtension/v1"><gpxtpx:atemp>17</gpxtpx:atemp></gpxtpx:TrackPointExtension></extensions></trkpt><trkpt lat="42.666116" lon="23.266015"><ele>618.6</ele><time>2026-09-22T15:17:29.000Z</time><extensions><gpxtpx:TrackPointExtension xmlns:gpxtpx="http://www.garmin.com/xmlschemas/TrackPointExtension/v1"><gpxtpx:atemp>17</gpxtpx:atemp></gpxtpx:TrackPointExtension></extensions></trkpt><trkpt lat="42.665882" lon="23.266013"><ele>619.4</ele><time>2026-09-22T15:17:37.000Z</time><extensions><gpxtpx:TrackPointExtension xmlns:gpxtpx="http://www.garmin.com/xmlschemas/TrackPointExtension/v1"><gpxtpx:atemp>17</gpxtpx:atemp></gpxtpx:TrackPointExtension></extensions></trkpt><trkpt lat="42.665444" lon="23.265946"><ele>620.8</ele><time>2026-09-22T15:17:53.000Z</time><extensions><gpxtpx:TrackPointExtension xmlns:gpxtpx="http://www.garmin.com/xmlschemas/TrackPointExtension/v1"><gpxtpx:atemp>17</gpxtpx:atemp></gpxtpx:TrackPointExtension></extensions></trkpt><trkpt lat="42.665247" lon="23.265957"><ele>621.6</ele><time>2026-09-22T15:18:00.000Z</time><extensions><gpxtpx:TrackPointExtension xmlns:gpxtpx="http://www.garmin.com/xmlschemas/TrackPointExtension/v1"><gpxtpx:atemp>17</gpxtpx:atemp></gpxtpx:TrackPointExtension></extensions></trkpt><trkpt lat="42.665067" lon="23.265913"><ele>622.4</ele><time>2026-09-22T15:18:07.000Z</time><extensions><gpxtpx:TrackPointExtension xmlns:gpxtpx="http://www.garmin.com/xmlschemas/TrackPointExtension/v1"><gpxtpx:atemp>17</gpxtpx:atemp></gpxtpx:TrackPointExtension></extensions></trkpt><trkpt lat="42.664808" lon="23.265891"><ele>623.2</ele><time>2026-09-22T15:18:16.000Z</time><extensions><gpxtpx:TrackPointExtension xmlns:gpxtpx="http://www.garmin.com/xmlschemas/TrackPointExtension/v1"><gpxtpx:atemp>17</gpxtpx:atemp></gpxtpx:TrackPointExtension></extensions></trkpt><trkpt lat="42.664695" lon="23.265852"><ele>623.6</ele><time>2026-09-22T15:18:20.000Z</time><extensions><gpxtpx:TrackPointExtension xmlns:gpxtpx="http://www.garmin.com/xmlschemas/TrackPointExtension/v1"><gpxtpx:atemp>17</gpxtpx:atemp></gpxtpx:TrackPointExtension></extensions></trkpt><trkpt lat="42.66465" lon="23.265806"><ele>623.6</ele><time>2026-09-22T15:18:22.000Z</time><extensions><gpxtpx:TrackPointExtension xmlns:gpxtpx="http://www.garmin.com/xmlschemas/TrackPointExtension/v1"><gpxtpx:atemp>17</gpxtpx:atemp></gpxtpx:TrackPointExtension></extensions></trkpt><trkpt lat="42.664539" lon="23.265574"><ele>624.2</ele><time>2026-09-22T15:18:29.000Z</time><extensions><gpxtpx:TrackPointExtension xmlns:gpxtpx="http://www.garmin.com/xmlschemas/TrackPointExtension/v1"><gpxtpx:atemp>17</gpxtpx:atemp></gpxtpx:TrackPointExtension></extensions></trkpt><trkpt lat="42.664454" lon="23.265444"><ele>624.6</ele><time>2026-09-22T15:18:33.000Z</time><extensions><gpxtpx:TrackPointExtension xmlns:gpxtpx="http://www.garmin.com/xmlschemas/TrackPointExtension/v1"><gpxtpx:atemp>16</gpxtpx:atemp></gpxtpx:TrackPointExtension></extensions></trkpt><trkpt lat="42.664372" lon="23.265377"><ele>624.8</ele><time>2026-09-22T15:18:36.000Z</time><extensions><gpxtpx:TrackPointExtension xmlns:gpxtpx="http://www.garmin.com/xmlschemas/TrackPointExtension/v1"><gpxtpx:atemp>16</gpxtpx:atemp></gpxtpx:TrackPointExtension></extensions></trkpt><trkpt lat="42.664236" lon="23.265319"><ele>625.2</ele><time>2026-09-22T15:18:41.000Z</time><extensions><gpxtpx:TrackPointExtension xmlns:gpxtpx="http://www.garmin.com/xmlschemas/TrackPointExtension/v1"><gpxtpx:atemp>16</gpxtpx:atemp></gpxtpx:TrackPointExtension></extensions></trkpt><trkpt lat="42.664125" lon="23.26533"><ele>625.4</ele><time>2026-09-22T15:18:45.000Z</time><extensions><gpxtpx:TrackPointExtension xmlns:gpxtpx="http://www.garmin.com/xmlschemas/TrackPointExtension/v1"><gpxtpx:atemp>16</gpxtpx:atemp></gpxtpx:TrackPointExtension></extensions></trkpt><trkpt lat="42.664073" lon="23.265349"><ele>625.6</ele><time>2026-09-22T15:18:47.000Z</time><extensions><gpxtpx:TrackPointExtension xmlns:gpxtpx="http://www.garmin.com/xmlschemas/TrackPointExtension/v1"><gpxtpx:atemp>16</gpxtpx:atemp></gpxtpx:TrackPointExtension></extensions></trkpt><trkpt lat="42.66398" lon="23.265418"><ele>626</ele><time>2026-09-22T15:18:51.000Z</time><extensions><gpxtpx:TrackPointExtension xmlns:gpxtpx="http://www.garmin.com/xmlschemas/TrackPointExtension/v1"><gpxtpx:atemp>16</gpxtpx:atemp></gpxtpx:TrackPointExtension></extensions></trkpt><trkpt lat="42.663803" lon="23.265598"><ele>626.6</ele><time>2026-09-22T15:18:59.000Z</time><extensions><gpxtpx:TrackPointExtension xmlns:gpxtpx="http://www.garmin.com/xmlschemas/TrackPointExtension/v1"><gpxtpx:atemp>16</gpxtpx:atemp></gpxtpx:TrackPointExtension></extensions></trkpt><trkpt lat="42.663634" lon="23.26569"><ele>627</ele><time>2026-09-22T15:19:06.000Z</time><extensions><gpxtpx:TrackPointExtension xmlns:gpxtpx="http://www.garmin.com/xmlschemas/TrackPointExtension/v1"><gpxtpx:atemp>16</gpxtpx:atemp></gpxtpx:TrackPointExtension></extensions></trkpt><trkpt lat="42.663588" lon="23.265697"><ele>627.2</ele><time>2026-09-22T15:19:08.000Z</time><extensions><gpxtpx:TrackPointExtension xmlns:gpxtpx="http://www.garmin.com/xmlschemas/TrackPointExtension/v1"><gpxtpx:atemp>16</gpxtpx:atemp></gpxtpx:TrackPointExtension></extensions></trkpt><trkpt lat="42.663396" lon="23.26567"><ele>628.6</ele><time>2026-09-22T15:19:16.000Z</time><extensions><gpxtpx:TrackPointExtension xmlns:gpxtpx="http://www.garmin.com/xmlschemas/TrackPointExtension/v1"><gpxtpx:atemp>16</gpxtpx:atemp></gpxtpx:TrackPointExtension></extensions></trkpt><trkpt lat="42.663233" lon="23.265627"><ele>629.2</ele><time>2026-09-22T15:19:23.000Z</time><extensions><gpxtpx:TrackPointExtension xmlns:gpxtpx="http://www.garmin.com/xmlschemas/TrackPointExtension/v1"><gpxtpx:atemp>16</gpxtpx:atemp></gpxtpx:TrackPointExtension></extensions></trkpt><trkpt lat="42.663167" lon="23.265596"><ele>629.4</ele><time>2026-09-22T15:19:26.000Z</time><extensions><gpxtpx:TrackPointExtension xmlns:gpxtpx="http://www.garmin.com/xmlschemas/TrackPointExtension/v1"><gpxtpx:atemp>16</gpxtpx:atemp></gpxtpx:TrackPointExtension></extensions></trkpt><trkpt lat="42.662908" lon="23.265539"><ele>630.4</ele><time>2026-09-22T15:19:35.000Z</time><extensions><gpxtpx:TrackPointExtension xmlns:gpxtpx="http://www.garmin.com/xmlschemas/TrackPointExtension/v1"><gpxtpx:atemp>16</gpxtpx:atemp></gpxtpx:TrackPointExtension></extensions></trkpt><trkpt lat="42.662694" lon="23.265513"><ele>631.4</ele><time>2026-09-22T15:19:44.000Z</time><extensions><gpxtpx:TrackPointExtension xmlns:gpxtpx="http://www.garmin.com/xmlschemas/TrackPointExtension/v1"><gpxtpx:atemp>16</gpxtpx:atemp></gpxtpx:TrackPointExtension></extensions></trkpt><trkpt lat="42.662573" lon="23.265469"><ele>632</ele><time>2026-09-22T15:19:50.000Z</time><extensions><gpxtpx:TrackPointExtension xmlns:gpxtpx="http://www.garmin.com/xmlschemas/TrackPointExtension/v1"><gpxtpx:atemp>16</gpxtpx:atemp></gpxtpx:TrackPointExtension></extensions></trkpt><trkpt lat="42.662299" lon="23.265422"><ele>633</ele><time>2026-09-22T15:20:02.000Z</time><extensions><gpxtpx:TrackPointExtension xmlns:gpxtpx="http://www.garmin.com/xmlschemas/TrackPointExtension/v1"><gpxtpx:atemp>16</gpxtpx:atemp></gpxtpx:TrackPointExtension></extensions></trkpt><trkpt lat="42.662157" lon="23.265374"><ele>633.6</ele><time>2026-09-22T15:20:08.000Z</time><extensions><gpxtpx:TrackPointExtension xmlns:gpxtpx="http://www.garmin.com/xmlschemas/TrackPointExtension/v1"><gpxtpx:atemp>16</gpxtpx:atemp></gpxtpx:TrackPointExtension></extensions></trkpt><trkpt lat="42.66194" lon="23.265327"><ele>634.6</ele><time>2026-09-22T15:20:18.000Z</time><extensions><gpxtpx:TrackPointExtension xmlns:gpxtpx="http://www.garmin.com/xmlschemas/TrackPointExtension/v1"><gpxtpx:atemp>16</gpxtpx:atemp></gpxtpx:TrackPointExtension></extensions></trkpt><trkpt lat="42.661773" lon="23.265314"><ele>635.4</ele><time>2026-09-22T15:20:25.000Z</time><extensions><gpxtpx:TrackPointExtension xmlns:gpxtpx="http://www.garmin.com/xmlschemas/TrackPointExtension/v1"><gpxtpx:atemp>16</gpxtpx:atemp></gpxtpx:TrackPointExtension></extensions></trkpt><trkpt lat="42.661726" lon="23.265289"><ele>635.6</ele><time>2026-09-22T15:20:27.000Z</time><extensions><gpxtpx:TrackPointExtension xmlns:gpxtpx="http://www.garmin.com/xmlschemas/TrackPointExtension/v1"><gpxtpx:atemp>16</gpxtpx:atemp></gpxtpx:TrackPointExtension></extensions></trkpt><trkpt lat="42.661706" lon="23.26517"><ele>635.8</ele><time>2026-09-22T15:20:31.000Z</time><extensions><gpxtpx:TrackPointExtension xmlns:gpxtpx="http://www.garmin.com/xmlschemas/TrackPointExtension/v1"><gpxtpx:atemp>16</gpxtpx:atemp></gpxtpx:TrackPointExtension></extensions></trkpt><trkpt lat="42.661747" lon="23.265003"><ele>636.2</ele><time>2026-09-22T15:20:38.000Z</time><extensions><gpxtpx:TrackPointExtension xmlns:gpxtpx="http://www.garmin.com/xmlschemas/TrackPointExtension/v1"><gpxtpx:atemp>16</gpxtpx:atemp></gpxtpx:TrackPointExtension></extensions></trkpt><trkpt lat="42.661773" lon="23.264798"><ele>636.2</ele><time>2026-09-22T15:20:46.000Z</time><extensions><gpxtpx:TrackPointExtension xmlns:gpxtpx="http://www.garmin.com/xmlschemas/TrackPointExtension/v1"><gpxtpx:atemp>16</gpxtpx:atemp></gpxtpx:TrackPointExtension></extensions></trkpt><trkpt lat="42.661813" lon="23.264693"><ele>636.2</ele><time>2026-09-22T15:20:50.000Z</time><extensions><gpxtpx:TrackPointExtension xmlns:gpxtpx="http://www.garmin.com/xmlschemas/TrackPointExtension/v1"><gpxtpx:atemp>16</gpxtpx:atemp></gpxtpx:TrackPointExtension></extensions></trkpt><trkpt lat="42.661802" lon="23.264645"><ele>636.2</ele><time>2026-09-22T15:20:52.000Z</time><extensions><gpxtpx:TrackPointExtension xmlns:gpxtpx="http://www.garmin.com/xmlschemas/TrackPointExtension/v1"><gpxtpx:atemp>16</gpxtpx:atemp></gpxtpx:TrackPointExtension></extensions></trkpt><trkpt lat="42.661788" lon="23.264644"><ele>636.2</ele><time>2026-09-22T15:20:53.000Z</time><extensions><gpxtpx:TrackPointExtension xmlns:gpxtpx="http://www.garmin.com/xmlschemas/TrackPointExtension/v1"><gpxtpx:atemp>16</gpxtpx:atemp></gpxtpx:TrackPointExtension></extensions></trkpt><trkpt lat="42.661781" lon="23.264667"><ele>636.2</ele><time>2026-09-22T15:20:54.000Z</time><extensions><gpxtpx:TrackPointExtension xmlns:gpxtpx="http://www.garmin.com/xmlschemas/TrackPointExtension/v1"><gpxtpx:atemp>16</gpxtpx:atemp></gpxtpx:TrackPointExtension></extensions></trkpt><trkpt lat="42.661787" lon="23.264764"><ele>636.2</ele><time>2026-09-22T15:20:58.000Z</time><extensions><gpxtpx:TrackPointExtension xmlns:gpxtpx="http://www.garmin.com/xmlschemas/TrackPointExtension/v1"><gpxtpx:atemp>16</gpxtpx:atemp></gpxtpx:TrackPointExtension></extensions></trkpt><trkpt lat="42.661752" lon="23.264925"><ele>636.2</ele><time>2026-09-22T15:21:04.000Z</time><extensions><gpxtpx:TrackPointExtension xmlns:gpxtpx="http://www.garmin.com/xmlschemas/TrackPointExtension/v1"><gpxtpx:atemp>16</gpxtpx:atemp></gpxtpx:TrackPointExtension></extensions></trkpt><trkpt lat="42.661761" lon="23.264962"><ele>636.2</ele><time>2026-09-22T15:21:06.000Z</time><extensions><gpxtpx:TrackPointExtension xmlns:gpxtpx="http://www.garmin.com/xmlschemas/TrackPointExtension/v1"><gpxtpx:atemp>16</gpxtpx:atemp></gpxtpx:TrackPointExtension></extensions></trkpt><trkpt lat="42.661748" lon="23.26509"><ele>636.2</ele><time>2026-09-22T15:21:11.000Z</time><extensions><gpxtpx:TrackPointExtension xmlns:gpxtpx="http://www.garmin.com/xmlschemas/TrackPointExtension/v1"><gpxtpx:atemp>16</gpxtpx:atemp></gpxtpx:TrackPointExtension></extensions></trkpt><trkpt lat="42.661709" lon="23.265185"><ele>636.8</ele><time>2026-09-22T15:22:58.000Z</time><extensions><gpxtpx:TrackPointExtension xmlns:gpxtpx="http://www.garmin.com/xmlschemas/TrackPointExtension/v1"><gpxtpx:atemp>16</gpxtpx:atemp></gpxtpx:TrackPointExtension></extensions></trkpt><trkpt lat="42.661667" lon="23.265247"><ele>636.8</ele><time>2026-09-22T15:23:01.000Z</time><extensions><gpxtpx:TrackPointExtension xmlns:gpxtpx="http://www.garmin.com/xmlschemas/TrackPointExtension/v1"><gpxtpx:atemp>16</gpxtpx:atemp></gpxtpx:TrackPointExtension></extensions></trkpt><trkpt lat="42.66164" lon="23.265259"><ele>636.8</ele><time>2026-09-22T15:23:02.000Z</time><extensions><gpxtpx:TrackPointExtension xmlns:gpxtpx="http://www.garmin.com/xmlschemas/TrackPointExtension/v1"><gpxtpx:atemp>16</gpxtpx:atemp></gpxtpx:TrackPointExtension></extensions></trkpt><trkpt lat="42.660849" lon="23.265103"><ele>640</ele><time>2026-09-22T15:23:31.000Z</time><extensions><gpxtpx:TrackPointExtension xmlns:gpxtpx="http://www.garmin.com/xmlschemas/TrackPointExtension/v1"><gpxtpx:atemp>15</gpxtpx:atemp></gpxtpx:TrackPointExtension></extensions></trkpt><trkpt lat="42.660616" lon="23.264978"><ele>641.2</ele><time>2026-09-22T15:23:44.000Z</time><extensions><gpxtpx:TrackPointExtension xmlns:gpxtpx="http://www.garmin.com/xmlschemas/TrackPointExtension/v1"><gpxtpx:atemp>16</gpxtpx:atemp></gpxtpx:TrackPointExtension></extensions></trkpt><trkpt lat="42.66052" lon="23.264966"><ele>641.8</ele><time>2026-09-22T15:23:49.000Z</time><extensions><gpxtpx:TrackPointExtension xmlns:gpxtpx="http://www.garmin.com/xmlschemas/TrackPointExtension/v1"><gpxtpx:atemp>15</gpxtpx:atemp></gpxtpx:TrackPointExtension></extensions></trkpt><trkpt lat="42.660358" lon="23.264903"><ele>642.6</ele><time>2026-09-22T15:23:58.000Z</time><extensions><gpxtpx:TrackPointExtension xmlns:gpxtpx="http://www.garmin.com/xmlschemas/TrackPointExtension/v1"><gpxtpx:atemp>15</gpxtpx:atemp></gpxtpx:TrackPointExtension></extensions></trkpt><trkpt lat="42.660273" lon="23.264886"><ele>643.2</ele><time>2026-09-22T15:24:04.000Z</time><extensions><gpxtpx:TrackPointExtension xmlns:gpxtpx="http://www.garmin.com/xmlschemas/TrackPointExtension/v1"><gpxtpx:atemp>15</gpxtpx:atemp></gpxtpx:TrackPointExtension></extensions></trkpt><trkpt lat="42.660233" lon="23.264893"><ele>643.6</ele><time>2026-09-22T15:25:43.000Z</time><extensions><gpxtpx:TrackPointExtension xmlns:gpxtpx="http://www.garmin.com/xmlschemas/TrackPointExtension/v1"><gpxtpx:atemp>15</gpxtpx:atemp></gpxtpx:TrackPointExtension></extensions></trkpt><trkpt lat="42.660201" lon="23.264985"><ele>643.6</ele><time>2026-09-22T15:25:47.000Z</time><extensions><gpxtpx:TrackPointExtension xmlns:gpxtpx="http://www.garmin.com/xmlschemas/TrackPointExtension/v1"><gpxtpx:atemp>15</gpxtpx:atemp></gpxtpx:TrackPointExtension></extensions></trkpt><trkpt lat="42.660152" lon="23.265068"><ele>643.6</ele><time>2026-09-22T15:25:50.000Z</time><extensions><gpxtpx:TrackPointExtension xmlns:gpxtpx="http://www.garmin.com/xmlschemas/TrackPointExtension/v1"><gpxtpx:atemp>15</gpxtpx:atemp></gpxtpx:TrackPointExtension></extensions></trkpt><trkpt lat="42.660055" lon="23.26536"><ele>644.2</ele><time>2026-09-22T15:26:06.000Z</time><extensions><gpxtpx:TrackPointExtension xmlns:gpxtpx="http://www.garmin.com/xmlschemas/TrackPointExtension/v1"><gpxtpx:atemp>15</gpxtpx:atemp></gpxtpx:TrackPointExtension></extensions></trkpt><trkpt lat="42.660047" lon="23.265437"><ele>644.4</ele><time>2026-09-22T15:26:13.000Z</time><extensions><gpxtpx:TrackPointExtension xmlns:gpxtpx="http://www.garmin.com/xmlschemas/TrackPointExtension/v1"><gpxtpx:atemp>15</gpxtpx:atemp></gpxtpx:TrackPointExtension></extensions></trkpt><trkpt lat="42.660046" lon="23.265426"><ele>644.4</ele><time>2026-09-22T15:26:14.000Z</time><extensions><gpxtpx:TrackPointExtension xmlns:gpxtpx="http://www.garmin.com/xmlschemas/TrackPointExtension/v1"><gpxtpx:atemp>15</gpxtpx:atemp></gpxtpx:TrackPointExtension></extensions></trkpt><trkpt lat="42.660042" lon="23.265441"><ele>644.2</ele><time>2026-09-22T15:29:17.000Z</time><extensions><gpxtpx:TrackPointExtension xmlns:gpxtpx="http://www.garmin.com/xmlschemas/TrackPointExtension/v1"><gpxtpx:atemp>15</gpxtpx:atemp></gpxtpx:TrackPointExtension></extensions></trkpt><trkpt lat="42.660028" lon="23.265428"><ele>644.2</ele><time>2026-09-22T15:29:18.000Z</time><extensions><gpxtpx:TrackPointExtension xmlns:gpxtpx="http://www.garmin.com/xmlschemas/TrackPointExtension/v1"><gpxtpx:atemp>15</gpxtpx:atemp></gpxtpx:TrackPointExtension></extensions></trkpt><trkpt lat="42.660122" lon="23.265206"><ele>644.2</ele><time>2026-09-22T15:33:42.000Z</time><extensions><gpxtpx:TrackPointExtension xmlns:gpxtpx="http://www.garmin.com/xmlschemas/TrackPointExtension/v1"><gpxtpx:atemp>15</gpxtpx:atemp></gpxtpx:TrackPointExtension></extensions></trkpt><trkpt lat="42.660131" lon="23.265094"><ele>644</ele><time>2026-09-22T15:33:56.000Z</time><extensions><gpxtpx:TrackPointExtension xmlns:gpxtpx="http://www.garmin.com/xmlschemas/TrackPointExtension/v1"><gpxtpx:atemp>15</gpxtpx:atemp></gpxtpx:TrackPointExtension></extensions></trkpt><trkpt lat="42.660101" lon="23.265082"><ele>644</ele><time>2026-09-22T15:33:58.000Z</time><extensions><gpxtpx:TrackPointExtension xmlns:gpxtpx="http://www.garmin.com/xmlschemas/TrackPointExtension/v1"><gpxtpx:atemp>15</gpxtpx:atemp></gpxtpx:TrackPointExtension></extensions></trkpt><trkpt lat="42.660028" lon="23.26515"><ele>644</ele><time>2026-09-22T15:34:01.000Z</time><extensions><gpxtpx:TrackPointExtension xmlns:gpxtpx="http://www.garmin.com/xmlschemas/TrackPointExtension/v1"><gpxtpx:atemp>15</gpxtpx:atemp></gpxtpx:TrackPointExtension></extensions></trkpt><trkpt lat="42.659938" lon="23.265322"><ele>644.2</ele><time>2026-09-22T15:34:05.000Z</time><extensions><gpxtpx:TrackPointExtension xmlns:gpxtpx="http://www.garmin.com/xmlschemas/TrackPointExtension/v1"><gpxtpx:atemp>15</gpxtpx:atemp></gpxtpx:TrackPointExtension></extensions></trkpt><trkpt lat="42.659473" lon="23.266615"><ele>645.6</ele><time>2026-09-22T15:34:31.000Z</time><extensions><gpxtpx:TrackPointExtension xmlns:gpxtpx="http://www.garmin.com/xmlschemas/TrackPointExtension/v1"><gpxtpx:atemp>15</gpxtpx:atemp></gpxtpx:TrackPointExtension></extensions></trkpt><trkpt lat="42.659267" lon="23.26725"><ele>646.2</ele><time>2026-09-22T15:34:43.000Z</time><extensions><gpxtpx:TrackPointExtension xmlns:gpxtpx="http://www.garmin.com/xmlschemas/TrackPointExtension/v1"><gpxtpx:atemp>15</gpxtpx:atemp></gpxtpx:TrackPointExtension></extensions></trkpt><trkpt lat="42.658867" lon="23.268387"><ele>647.2</ele><time>2026-09-22T15:35:05.000Z</time><extensions><gpxtpx:TrackPointExtension xmlns:gpxtpx="http://www.garmin.com/xmlschemas/TrackPointExtension/v1"><gpxtpx:atemp>15</gpxtpx:atemp></gpxtpx:TrackPointExtension></extensions></trkpt><trkpt lat="42.658517" lon="23.269305"><ele>648.2</ele><time>2026-09-22T15:35:23.000Z</time><extensions><gpxtpx:TrackPointExtension xmlns:gpxtpx="http://www.garmin.com/xmlschemas/TrackPointExtension/v1"><gpxtpx:atemp>15</gpxtpx:atemp></gpxtpx:TrackPointExtension></extensions></trkpt><trkpt lat="42.6583" lon="23.269935"><ele>648.8</ele><time>2026-09-22T15:35:36.000Z</time><extensions><gpxtpx:TrackPointExtension xmlns:gpxtpx="http://www.garmin.com/xmlschemas/TrackPointExtension/v1"><gpxtpx:atemp>15</gpxtpx:atemp></gpxtpx:TrackPointExtension></extensions></trkpt><trkpt lat="42.658243" lon="23.270061"><ele>648.8</ele><time>2026-09-22T15:35:39.000Z</time><extensions><gpxtpx:TrackPointExtension xmlns:gpxtpx="http://www.garmin.com/xmlschemas/TrackPointExtension/v1"><gpxtpx:atemp>15</gpxtpx:atemp></gpxtpx:TrackPointExtension></extensions></trkpt><trkpt lat="42.657996" lon="23.270335"><ele>649.6</ele><time>2026-09-22T15:35:51.000Z</time><extensions><gpxtpx:TrackPointExtension xmlns:gpxtpx="http://www.garmin.com/xmlschemas/TrackPointExtension/v1"><gpxtpx:atemp>15</gpxtpx:atemp></gpxtpx:TrackPointExtension></extensions></trkpt><trkpt lat="42.657853" lon="23.270396"><ele>649.8</ele><time>2026-09-22T15:35:57.000Z</time><extensions><gpxtpx:TrackPointExtension xmlns:gpxtpx="http://www.garmin.com/xmlschemas/TrackPointExtension/v1"><gpxtpx:atemp>15</gpxtpx:atemp></gpxtpx:TrackPointExtension></extensions></trkpt><trkpt lat="42.65776" lon="23.270408"><ele>650.2</ele><time>2026-09-22T15:36:01.000Z</time><extensions><gpxtpx:TrackPointExtension xmlns:gpxtpx="http://www.garmin.com/xmlschemas/TrackPointExtension/v1"><gpxtpx:atemp>15</gpxtpx:atemp></gpxtpx:TrackPointExtension></extensions></trkpt><trkpt lat="42.657439" lon="23.270325"><ele>652.2</ele><time>2026-09-22T15:36:16.000Z</time><extensions><gpxtpx:TrackPointExtension xmlns:gpxtpx="http://www.garmin.com/xmlschemas/TrackPointExtension/v1"><gpxtpx:atemp>15</gpxtpx:atemp></gpxtpx:TrackPointExtension></extensions></trkpt><trkpt lat="42.657353" lon="23.270346"><ele>652.6</ele><time>2026-09-22T15:36:20.000Z</time><extensions><gpxtpx:TrackPointExtension xmlns:gpxtpx="http://www.garmin.com/xmlschemas/TrackPointExtension/v1"><gpxtpx:atemp>15</gpxtpx:atemp></gpxtpx:TrackPointExtension></extensions></trkpt><trkpt lat="42.657319" lon="23.270374"><ele>652.8</ele><time>2026-09-22T15:36:22.000Z</time><extensions><gpxtpx:TrackPointExtension xmlns:gpxtpx="http://www.garmin.com/xmlschemas/TrackPointExtension/v1"><gpxtpx:atemp>15</gpxtpx:atemp></gpxtpx:TrackPointExtension></extensions></trkpt><trkpt lat="42.657319" lon="23.270416"><ele>652.8</ele><time>2026-09-22T15:36:24.000Z</time><extensions><gpxtpx:TrackPointExtension xmlns:gpxtpx="http://www.garmin.com/xmlschemas/TrackPointExtension/v1"><gpxtpx:atemp>15</gpxtpx:atemp></gpxtpx:TrackPointExtension></extensions></trkpt><trkpt lat="42.657357" lon="23.270434"><ele>652.8</ele><time>2026-09-22T15:36:26.000Z</time><extensions><gpxtpx:TrackPointExtension xmlns:gpxtpx="http://www.garmin.com/xmlschemas/TrackPointExtension/v1"><gpxtpx:atemp>15</gpxtpx:atemp></gpxtpx:TrackPointExtension></extensions></trkpt><trkpt lat="42.657457" lon="23.270431"><ele>652.6</ele><time>2026-09-22T15:36:30.000Z</time><extensions><gpxtpx:TrackPointExtension xmlns:gpxtpx="http://www.garmin.com/xmlschemas/TrackPointExtension/v1"><gpxtpx:atemp>15</gpxtpx:atemp></gpxtpx:TrackPointExtension></extensions></trkpt><trkpt lat="42.657704" lon="23.270494"><ele>651.4</ele><time>2026-09-22T15:36:39.000Z</time><extensions><gpxtpx:TrackPointExtension xmlns:gpxtpx="http://www.garmin.com/xmlschemas/TrackPointExtension/v1"><gpxtpx:atemp>15</gpxtpx:atemp></gpxtpx:TrackPointExtension></extensions></trkpt><trkpt lat="42.657801" lon="23.270477"><ele>651</ele><time>2026-09-22T15:36:42.000Z</time><extensions><gpxtpx:TrackPointExtension xmlns:gpxtpx="http://www.garmin.com/xmlschemas/TrackPointExtension/v1"><gpxtpx:atemp>15</gpxtpx:atemp></gpxtpx:TrackPointExtension></extensions></trkpt><trkpt lat="42.657965" lon="23.270406"><ele>650</ele><time>2026-09-22T15:36:48.000Z</time><extensions><gpxtpx:TrackPointExtension xmlns:gpxtpx="http://www.garmin.com/xmlschemas/TrackPointExtension/v1"><gpxtpx:atemp>15</gpxtpx:atemp></gpxtpx:TrackPointExtension></extensions></trkpt><trkpt lat="42.65801" lon="23.270407"><ele>649.8</ele><time>2026-09-22T15:36:50.000Z</time><extensions><gpxtpx:TrackPointExtension xmlns:gpxtpx="http://www.garmin.com/xmlschemas/TrackPointExtension/v1"><gpxtpx:atemp>15</gpxtpx:atemp></gpxtpx:TrackPointExtension></extensions></trkpt><trkpt lat="42.658024" lon="23.270425"><ele>649.6</ele><time>2026-09-22T15:36:51.000Z</time><extensions><gpxtpx:TrackPointExtension xmlns:gpxtpx="http://www.garmin.com/xmlschemas/TrackPointExtension/v1"><gpxtpx:atemp>15</gpxtpx:atemp></gpxtpx:TrackPointExtension></extensions></trkpt><trkpt lat="42.658" lon="23.270643"><ele>649.4</ele><time>2026-09-22T15:36:59.000Z</time><extensions><gpxtpx:TrackPointExtension xmlns:gpxtpx="http://www.garmin.com/xmlschemas/TrackPointExtension/v1"><gpxtpx:atemp>15</gpxtpx:atemp></gpxtpx:TrackPointExtension></extensions></trkpt><trkpt lat="42.657859" lon="23.271114"><ele>649.6</ele><time>2026-09-22T15:37:11.000Z</time><extensions><gpxtpx:TrackPointExtension xmlns:gpxtpx="http://www.garmin.com/xmlschemas/TrackPointExtension/v1"><gpxtpx:atemp>15</gpxtpx:atemp></gpxtpx:TrackPointExtension></extensions></trkpt><trkpt lat="42.65774" lon="23.271451"><ele>649.8</ele><time>2026-09-22T15:37:20.000Z</time><extensions><gpxtpx:TrackPointExtension xmlns:gpxtpx="http://www.garmin.com/xmlschemas/TrackPointExtension/v1"><gpxtpx:atemp>15</gpxtpx:atemp></gpxtpx:TrackPointExtension></extensions></trkpt><trkpt lat="42.657662" lon="23.271605"><ele>650</ele><time>2026-09-22T15:37:25.000Z</time><extensions><gpxtpx:TrackPointExtension xmlns:gpxtpx="http://www.garmin.com/xmlschemas/TrackPointExtension/v1"><gpxtpx:atemp>14</gpxtpx:atemp></gpxtpx:TrackPointExtension></extensions></trkpt><trkpt lat="42.657568" lon="23.271935"><ele>650.2</ele><time>2026-09-22T15:37:36.000Z</time><extensions><gpxtpx:TrackPointExtension xmlns:gpxtpx="http://www.garmin.com/xmlschemas/TrackPointExtension/v1"><gpxtpx:atemp>14</gpxtpx:atemp></gpxtpx:TrackPointExtension></extensions></trkpt><trkpt lat="42.657414" lon="23.272285"><ele>650.4</ele><time>2026-09-22T15:37:45.000Z</time><extensions><gpxtpx:TrackPointExtension xmlns:gpxtpx="http://www.garmin.com/xmlschemas/TrackPointExtension/v1"><gpxtpx:atemp>14</gpxtpx:atemp></gpxtpx:TrackPointExtension></extensions></trkpt><trkpt lat="42.656923" lon="23.273631"><ele>650.4</ele><time>2026-09-22T15:38:11.000Z</time><extensions><gpxtpx:TrackPointExtension xmlns:gpxtpx="http://www.garmin.com/xmlschemas/TrackPointExtension/v1"><gpxtpx:atemp>14</gpxtpx:atemp></gpxtpx:TrackPointExtension></extensions></trkpt><trkpt lat="42.656771" lon="23.274098"><ele>650.4</ele><time>2026-09-22T15:38:19.000Z</time><extensions><gpxtpx:TrackPointExtension xmlns:gpxtpx="http://www.garmin.com/xmlschemas/TrackPointExtension/v1"><gpxtpx:atemp>14</gpxtpx:atemp></gpxtpx:TrackPointExtension></extensions></trkpt><trkpt lat="42.655491" lon="23.277633"><ele>650</ele><time>2026-09-22T15:39:14.000Z</time><extensions><gpxtpx:TrackPointExtension xmlns:gpxtpx="http://www.garmin.com/xmlschemas/TrackPointExtension/v1"><gpxtpx:atemp>15</gpxtpx:atemp></gpxtpx:TrackPointExtension></extensions></trkpt><trkpt lat="42.655391" lon="23.277968"><ele>649.8</ele><time>2026-09-22T15:39:19.000Z</time><extensions><gpxtpx:TrackPointExtension xmlns:gpxtpx="http://www.garmin.com/xmlschemas/TrackPointExtension/v1"><gpxtpx:atemp>15</gpxtpx:atemp></gpxtpx:TrackPointExtension></extensions></trkpt><trkpt lat="42.654776" lon="23.279601"><ele>650</ele><time>2026-09-22T15:39:46.000Z</time><extensions><gpxtpx:TrackPointExtension xmlns:gpxtpx="http://www.garmin.com/xmlschemas/TrackPointExtension/v1"><gpxtpx:atemp>16</gpxtpx:atemp></gpxtpx:TrackPointExtension></extensions></trkpt><trkpt lat="42.654525" lon="23.280381"><ele>650.2</ele><time>2026-09-22T15:40:01.000Z</time><extensions><gpxtpx:TrackPointExtension xmlns:gpxtpx="http://www.garmin.com/xmlschemas/TrackPointExtension/v1"><gpxtpx:atemp>16</gpxtpx:atemp></gpxtpx:TrackPointExtension></extensions></trkpt><trkpt lat="42.654439" lon="23.280531"><ele>650</ele><time>2026-09-22T15:40:44.000Z</time><extensions><gpxtpx:TrackPointExtension xmlns:gpxtpx="http://www.garmin.com/xmlschemas/TrackPointExtension/v1"><gpxtpx:atemp>17</gpxtpx:atemp></gpxtpx:TrackPointExtension></extensions></trkpt><trkpt lat="42.654309" lon="23.280901"><ele>650.2</ele><time>2026-09-22T15:40:55.000Z</time><extensions><gpxtpx:TrackPointExtension xmlns:gpxtpx="http://www.garmin.com/xmlschemas/TrackPointExtension/v1"><gpxtpx:atemp>17</gpxtpx:atemp></gpxtpx:TrackPointExtension></extensions></trkpt><trkpt lat="42.654116" lon="23.281272"><ele>650.4</ele><time>2026-09-22T15:44:43.000Z</time><extensions><gpxtpx:TrackPointExtension xmlns:gpxtpx="http://www.garmin.com/xmlschemas/TrackPointExtension/v1"><gpxtpx:atemp>16</gpxtpx:atemp></gpxtpx:TrackPointExtension></extensions></trkpt><trkpt lat="42.654027" lon="23.281316"><ele>650.2</ele><time>2026-09-22T15:44:49.000Z</time><extensions><gpxtpx:TrackPointExtension xmlns:gpxtpx="http://www.garmin.com/xmlschemas/TrackPointExtension/v1"><gpxtpx:atemp>16</gpxtpx:atemp></gpxtpx:TrackPointExtension></extensions></trkpt><trkpt lat="42.653764" lon="23.281399"><ele>649</ele><time>2026-09-22T15:45:06.000Z</time><extensions><gpxtpx:TrackPointExtension xmlns:gpxtpx="http://www.garmin.com/xmlschemas/TrackPointExtension/v1"><gpxtpx:atemp>16</gpxtpx:atemp></gpxtpx:TrackPointExtension></extensions></trkpt><trkpt lat="42.653694" lon="23.281468"><ele>648.2</ele><time>2026-09-22T15:45:11.000Z</time><extensions><gpxtpx:TrackPointExtension xmlns:gpxtpx="http://www.garmin.com/xmlschemas/TrackPointExtension/v1"><gpxtpx:atemp>16</gpxtpx:atemp></gpxtpx:TrackPointExtension></extensions></trkpt><trkpt lat="42.6536" lon="23.281634"><ele>647.2</ele><time>2026-09-22T15:45:20.000Z</time><extensions><gpxtpx:TrackPointExtension xmlns:gpxtpx="http://www.garmin.com/xmlschemas/TrackPointExtension/v1"><gpxtpx:atemp>16</gpxtpx:atemp></gpxtpx:TrackPointExtension></extensions></trkpt><trkpt lat="42.653561" lon="23.281656"><ele>647</ele><time>2026-09-22T15:45:23.000Z</time><extensions><gpxtpx:TrackPointExtension xmlns:gpxtpx="http://www.garmin.com/xmlschemas/TrackPointExtension/v1"><gpxtpx:atemp>16</gpxtpx:atemp></gpxtpx:TrackPointExtension></extensions></trkpt><trkpt lat="42.65352" lon="23.281643"><ele>647</ele><time>2026-09-22T15:45:26.000Z</time><extensions><gpxtpx:TrackPointExtension xmlns:gpxtpx="http://www.garmin.com/xmlschemas/TrackPointExtension/v1"><gpxtpx:atemp>16</gpxtpx:atemp></gpxtpx:TrackPointExtension></extensions></trkpt><trkpt lat="42.653452" lon="23.281558"><ele>647</ele><time>2026-09-22T15:45:37.000Z</time><extensions><gpxtpx:TrackPointExtension xmlns:gpxtpx="http://www.garmin.com/xmlschemas/TrackPointExtension/v1"><gpxtpx:atemp>16</gpxtpx:atemp></gpxtpx:TrackPointExtension></extensions></trkpt><trkpt lat="42.653439" lon="23.281441"><ele>647</ele><time>2026-09-22T15:45:48.000Z</time><extensions><gpxtpx:TrackPointExtension xmlns:gpxtpx="http://www.garmin.com/xmlschemas/TrackPointExtension/v1"><gpxtpx:atemp>16</gpxtpx:atemp></gpxtpx:TrackPointExtension></extensions></trkpt><trkpt lat="42.653421" lon="23.281373"><ele>647.4</ele><time>2026-09-22T15:45:52.000Z</time><extensions><gpxtpx:TrackPointExtension xmlns:gpxtpx="http://www.garmin.com/xmlschemas/TrackPointExtension/v1"><gpxtpx:atemp>16</gpxtpx:atemp></gpxtpx:TrackPointExtension></extensions></trkpt><trkpt lat="42.653403" lon="23.281355"><ele>647.4</ele><time>2026-09-22T15:45:53.000Z</time><extensions><gpxtpx:TrackPointExtension xmlns:gpxtpx="http://www.garmin.com/xmlschemas/TrackPointExtension/v1"><gpxtpx:atemp>16</gpxtpx:atemp></gpxtpx:TrackPointExtension></extensions></trkpt><trkpt lat="42.65338" lon="23.281345"><ele>647.6</ele><time>2026-09-22T15:45:54.000Z</time><extensions><gpxtpx:TrackPointExtension xmlns:gpxtpx="http://www.garmin.com/xmlschemas/TrackPointExtension/v1"><gpxtpx:atemp>16</gpxtpx:atemp></gpxtpx:TrackPointExtension></extensions></trkpt><trkpt lat="42.653324" lon="23.281357"><ele>648</ele><time>2026-09-22T15:45:58.000Z</time><extensions><gpxtpx:TrackPointExtension xmlns:gpxtpx="http://www.garmin.com/xmlschemas/TrackPointExtension/v1"><gpxtpx:atemp>16</gpxtpx:atemp></gpxtpx:TrackPointExtension></extensions></trkpt><trkpt lat="42.653289" lon="23.281392"><ele>648.4</ele><time>2026-09-22T15:46:02.000Z</time><extensions><gpxtpx:TrackPointExtension xmlns:gpxtpx="http://www.garmin.com/xmlschemas/TrackPointExtension/v1"><gpxtpx:atemp>16</gpxtpx:atemp></gpxtpx:TrackPointExtension></extensions></trkpt><trkpt lat="42.653275" lon="23.281382"><ele>648.4</ele><time>2026-09-22T15:46:03.000Z</time><extensions><gpxtpx:TrackPointExtension xmlns:gpxtpx="http://www.garmin.com/xmlschemas/TrackPointExtension/v1"><gpxtpx:atemp>16</gpxtpx:atemp></gpxtpx:TrackPointExtension></extensions></trkpt><trkpt lat="42.653213" lon="23.281278"><ele>648.8</ele><time>2026-09-22T15:46:08.000Z</time><extensions><gpxtpx:TrackPointExtension xmlns:gpxtpx="http://www.garmin.com/xmlschemas/TrackPointExtension/v1"><gpxtpx:atemp>16</gpxtpx:atemp></gpxtpx:TrackPointExtension></extensions></trkpt><trkpt lat="42.652962" lon="23.281031"><ele>651.2</ele><time>2026-09-22T15:46:23.000Z</time><extensions><gpxtpx:TrackPointExtension xmlns:gpxtpx="http://www.garmin.com/xmlschemas/TrackPointExtension/v1"><gpxtpx:atemp>16</gpxtpx:atemp></gpxtpx:TrackPointExtension></extensions></trkpt><trkpt lat="42.652917" lon="23.28095"><ele>651.8</ele><time>2026-09-22T15:46:27.000Z</time><extensions><gpxtpx:TrackPointExtension xmlns:gpxtpx="http://www.garmin.com/xmlschemas/TrackPointExtension/v1"><gpxtpx:atemp>16</gpxtpx:atemp></gpxtpx:TrackPointExtension></extensions></trkpt><trkpt lat="42.652841" lon="23.280861"><ele>652.4</ele><time>2026-09-22T15:46:32.000Z</time><extensions><gpxtpx:TrackPointExtension xmlns:gpxtpx="http://www.garmin.com/xmlschemas/TrackPointExtension/v1"><gpxtpx:atemp>16</gpxtpx:atemp></gpxtpx:TrackPointExtension></extensions></trkpt><trkpt lat="42.652656" lon="23.280742"><ele>653.6</ele><time>2026-09-22T15:46:43.000Z</time><extensions><gpxtpx:TrackPointExtension xmlns:gpxtpx="http://www.garmin.com/xmlschemas/TrackPointExtension/v1"><gpxtpx:atemp>16</gpxtpx:atemp></gpxtpx:TrackPointExtension></extensions></trkpt><trkpt lat="42.652614" lon="23.280695"><ele>654</ele><time>2026-09-22T15:46:47.000Z</time><extensions><gpxtpx:TrackPointExtension xmlns:gpxtpx="http://www.garmin.com/xmlschemas/TrackPointExtension/v1"><gpxtpx:atemp>16</gpxtpx:atemp></gpxtpx:TrackPointExtension></extensions></trkpt><trkpt lat="42.652448" lon="23.280581"><ele>655.2</ele><time>2026-09-22T15:46:57.000Z</time><extensions><gpxtpx:TrackPointExtension xmlns:gpxtpx="http://www.garmin.com/xmlschemas/TrackPointExtension/v1"><gpxtpx:atemp>16</gpxtpx:atemp></gpxtpx:TrackPointExtension></extensions></trkpt><trkpt lat="42.652365" lon="23.280505"><ele>656.2</ele><time>2026-09-22T15:47:02.000Z</time><extensions><gpxtpx:TrackPointExtension xmlns:gpxtpx="http://www.garmin.com/xmlschemas/TrackPointExtension/v1"><gpxtpx:atemp>16</gpxtpx:atemp></gpxtpx:TrackPointExtension></extensions></trkpt><trkpt lat="42.652096" lon="23.280152"><ele>658.6</ele><time>2026-09-22T15:47:20.000Z</time><extensions><gpxtpx:TrackPointExtension xmlns:gpxtpx="http://www.garmin.com/xmlschemas/TrackPointExtension/v1"><gpxtpx:atemp>16</gpxtpx:atemp></gpxtpx:TrackPointExtension></extensions></trkpt><trkpt lat="42.652004" lon="23.280054"><ele>659.6</ele><time>2026-09-22T15:47:26.000Z</time><extensions><gpxtpx:TrackPointExtension xmlns:gpxtpx="http://www.garmin.com/xmlschemas/TrackPointExtension/v1"><gpxtpx:atemp>16</gpxtpx:atemp></gpxtpx:TrackPointExtension></extensions></trkpt><trkpt lat="42.651941" lon="23.279932"><ele>660.2</ele><time>2026-09-22T15:47:32.000Z</time><extensions><gpxtpx:TrackPointExtension xmlns:gpxtpx="http://www.garmin.com/xmlschemas/TrackPointExtension/v1"><gpxtpx:atemp>16</gpxtpx:atemp></gpxtpx:TrackPointExtension></extensions></trkpt><trkpt lat="42.651855" lon="23.279854"><ele>660.8</ele><time>2026-09-22T15:47:37.000Z</time><extensions><gpxtpx:TrackPointExtension xmlns:gpxtpx="http://www.garmin.com/xmlschemas/TrackPointExtension/v1"><gpxtpx:atemp>16</gpxtpx:atemp></gpxtpx:TrackPointExtension></extensions></trkpt><trkpt lat="42.651685" lon="23.279639"><ele>662.4</ele><time>2026-09-22T15:47:49.000Z</time><extensions><gpxtpx:TrackPointExtension xmlns:gpxtpx="http://www.garmin.com/xmlschemas/TrackPointExtension/v1"><gpxtpx:atemp>16</gpxtpx:atemp></gpxtpx:TrackPointExtension></extensions></trkpt><trkpt lat="42.651582" lon="23.27947"><ele>663.6</ele><time>2026-09-22T15:47:57.000Z</time><extensions><gpxtpx:TrackPointExtension xmlns:gpxtpx="http://www.garmin.com/xmlschemas/TrackPointExtension/v1"><gpxtpx:atemp>16</gpxtpx:atemp></gpxtpx:TrackPointExtension></extensions></trkpt><trkpt lat="42.651361" lon="23.279187"><ele>665.4</ele><time>2026-09-22T15:48:12.000Z</time><extensions><gpxtpx:TrackPointExtension xmlns:gpxtpx="http://www.garmin.com/xmlschemas/TrackPointExtension/v1"><gpxtpx:atemp>16</gpxtpx:atemp></gpxtpx:TrackPointExtension></extensions></trkpt><trkpt lat="42.651289" lon="23.279071"><ele>666.2</ele><time>2026-09-22T15:48:18.000Z</time><extensions><gpxtpx:TrackPointExtension xmlns:gpxtpx="http://www.garmin.com/xmlschemas/TrackPointExtension/v1"><gpxtpx:atemp>15</gpxtpx:atemp></gpxtpx:TrackPointExtension></extensions></trkpt><trkpt lat="42.651199" lon="23.278968"><ele>667</ele><time>2026-09-22T15:48:25.000Z</time><extensions><gpxtpx:TrackPointExtension xmlns:gpxtpx="http://www.garmin.com/xmlschemas/TrackPointExtension/v1"><gpxtpx:atemp>16</gpxtpx:atemp></gpxtpx:TrackPointExtension></extensions></trkpt><trkpt lat="42.651146" lon="23.278884"><ele>667.4</ele><time>2026-09-22T15:48:30.000Z</time><extensions><gpxtpx:TrackPointExtension xmlns:gpxtpx="http://www.garmin.com/xmlschemas/TrackPointExtension/v1"><gpxtpx:atemp>15</gpxtpx:atemp></gpxtpx:TrackPointExtension></extensions></trkpt><trkpt lat="42.65113" lon="23.278831"><ele>667.8</ele><time>2026-09-22T15:48:33.000Z</time><extensions><gpxtpx:TrackPointExtension xmlns:gpxtpx="http://www.garmin.com/xmlschemas/TrackPointExtension/v1"><gpxtpx:atemp>15</gpxtpx:atemp></gpxtpx:TrackPointExtension></extensions></trkpt><trkpt lat="42.650864" lon="23.278496"><ele>670.2</ele><time>2026-09-22T15:48:55.000Z</time><extensions><gpxtpx:TrackPointExtension xmlns:gpxtpx="http://www.garmin.com/xmlschemas/TrackPointExtension/v1"><gpxtpx:atemp>15</gpxtpx:atemp></gpxtpx:TrackPointExtension></extensions></trkpt><trkpt lat="42.650839" lon="23.278433"><ele>670.4</ele><time>2026-09-22T15:48:58.000Z</time><extensions><gpxtpx:TrackPointExtension xmlns:gpxtpx="http://www.garmin.com/xmlschemas/TrackPointExtension/v1"><gpxtpx:atemp>15</gpxtpx:atemp></gpxtpx:TrackPointExtension></extensions></trkpt><trkpt lat="42.650745" lon="23.278318"><ele>671.4</ele><time>2026-09-22T15:49:06.000Z</time><extensions><gpxtpx:TrackPointExtension xmlns:gpxtpx="http://www.garmin.com/xmlschemas/TrackPointExtension/v1"><gpxtpx:atemp>15</gpxtpx:atemp></gpxtpx:TrackPointExtension></extensions></trkpt><trkpt lat="42.650593" lon="23.278069"><ele>673</ele><time>2026-09-22T15:49:19.000Z</time><extensions><gpxtpx:TrackPointExtension xmlns:gpxtpx="http://www.garmin.com/xmlschemas/TrackPointExtension/v1"><gpxtpx:atemp>15</gpxtpx:atemp></gpxtpx:TrackPointExtension></extensions></trkpt><trkpt lat="42.650449" lon="23.277778"><ele>675</ele><time>2026-09-22T15:49:36.000Z</time><extensions><gpxtpx:TrackPointExtension xmlns:gpxtpx="http://www.garmin.com/xmlschemas/TrackPointExtension/v1"><gpxtpx:atemp>15</gpxtpx:atemp></gpxtpx:TrackPointExtension></extensions></trkpt><trkpt lat="42.650378" lon="23.277688"><ele>675.6</ele><time>2026-09-22T15:49:42.000Z</time><extensions><gpxtpx:TrackPointExtension xmlns:gpxtpx="http://www.garmin.com/xmlschemas/TrackPointExtension/v1"><gpxtpx:atemp>15</gpxtpx:atemp></gpxtpx:TrackPointExtension></extensions></trkpt><trkpt lat="42.650315" lon="23.277564"><ele>676.2</ele><time>2026-09-22T15:49:50.000Z</time><extensions><gpxtpx:TrackPointExtension xmlns:gpxtpx="http://www.garmin.com/xmlschemas/TrackPointExtension/v1"><gpxtpx:atemp>15</gpxtpx:atemp></gpxtpx:TrackPointExtension></extensions></trkpt><trkpt lat="42.65026" lon="23.277512"><ele>676.6</ele><time>2026-09-22T15:49:55.000Z</time><extensions><gpxtpx:TrackPointExtension xmlns:gpxtpx="http://www.garmin.com/xmlschemas/TrackPointExtension/v1"><gpxtpx:atemp>15</gpxtpx:atemp></gpxtpx:TrackPointExtension></extensions></trkpt><trkpt lat="42.650202" lon="23.277386"><ele>677.2</ele><time>2026-09-22T15:50:02.000Z</time><extensions><gpxtpx:TrackPointExtension xmlns:gpxtpx="http://www.garmin.com/xmlschemas/TrackPointExtension/v1"><gpxtpx:atemp>15</gpxtpx:atemp></gpxtpx:TrackPointExtension></extensions></trkpt><trkpt lat="42.650108" lon="23.277262"><ele>678</ele><time>2026-09-22T15:50:12.000Z</time><extensions><gpxtpx:TrackPointExtension xmlns:gpxtpx="http://www.garmin.com/xmlschemas/TrackPointExtension/v1"><gpxtpx:atemp>15</gpxtpx:atemp></gpxtpx:TrackPointExtension></extensions></trkpt><trkpt lat="42.650016" lon="23.277047"><ele>679</ele><time>2026-09-22T15:50:25.000Z</time><extensions><gpxtpx:TrackPointExtension xmlns:gpxtpx="http://www.garmin.com/xmlschemas/TrackPointExtension/v1"><gpxtpx:atemp>15</gpxtpx:atemp></gpxtpx:TrackPointExtension></extensions></trkpt><trkpt lat="42.64997" lon="23.276972"><ele>679.6</ele><time>2026-09-22T15:50:31.000Z</time><extensions><gpxtpx:TrackPointExtension xmlns:gpxtpx="http://www.garmin.com/xmlschemas/TrackPointExtension/v1"><gpxtpx:atemp>15</gpxtpx:atemp></gpxtpx:TrackPointExtension></extensions></trkpt><trkpt lat="42.649826" lon="23.276617"><ele>681.4</ele><time>2026-09-22T15:50:53.000Z</time><extensions><gpxtpx:TrackPointExtension xmlns:gpxtpx="http://www.garmin.com/xmlschemas/TrackPointExtension/v1"><gpxtpx:atemp>15</gpxtpx:atemp></gpxtpx:TrackPointExtension></extensions></trkpt><trkpt lat="42.649767" lon="23.276519"><ele>682</ele><time>2026-09-22T15:51:01.000Z</time><extensions><gpxtpx:TrackPointExtension xmlns:gpxtpx="http://www.garmin.com/xmlschemas/TrackPointExtension/v1"><gpxtpx:atemp>15</gpxtpx:atemp></gpxtpx:TrackPointExtension></extensions></trkpt><trkpt lat="42.649539" lon="23.275889"><ele>685.4</ele><time>2026-09-22T15:51:39.000Z</time><extensions><gpxtpx:TrackPointExtension xmlns:gpxtpx="http://www.garmin.com/xmlschemas/TrackPointExtension/v1"><gpxtpx:atemp>15</gpxtpx:atemp></gpxtpx:TrackPointExtension></extensions></trkpt><trkpt lat="42.649472" lon="23.27574"><ele>686.2</ele><time>2026-09-22T15:51:48.000Z</time><extensions><gpxtpx:TrackPointExtension xmlns:gpxtpx="http://www.garmin.com/xmlschemas/TrackPointExtension/v1"><gpxtpx:atemp>15</gpxtpx:atemp></gpxtpx:TrackPointExtension></extensions></trkpt><trkpt lat="42.649309" lon="23.275153"><ele>689.4</ele><time>2026-09-22T15:52:17.000Z</time><extensions><gpxtpx:TrackPointExtension xmlns:gpxtpx="http://www.garmin.com/xmlschemas/TrackPointExtension/v1"><gpxtpx:atemp>15</gpxtpx:atemp></gpxtpx:TrackPointExtension></extensions></trkpt><trkpt lat="42.649289" lon="23.27497"><ele>690.2</ele><time>2026-09-22T15:52:25.000Z</time><extensions><gpxtpx:TrackPointExtension xmlns:gpxtpx="http://www.garmin.com/xmlschemas/TrackPointExtension/v1"><gpxtpx:atemp>15</gpxtpx:atemp></gpxtpx:TrackPointExtension></extensions></trkpt><trkpt lat="42.649161" lon="23.274428"><ele>692.6</ele><time>2026-09-22T15:52:48.000Z</time><extensions><gpxtpx:TrackPointExtension xmlns:gpxtpx="http://www.garmin.com/xmlschemas/TrackPointExtension/v1"><gpxtpx:atemp>15</gpxtpx:atemp></gpxtpx:TrackPointExtension></extensions></trkpt><trkpt lat="42.649133" lon="23.274068"><ele>694.2</ele><time>2026-09-22T15:53:02.000Z</time><extensions><gpxtpx:TrackPointExtension xmlns:gpxtpx="http://www.garmin.com/xmlschemas/TrackPointExtension/v1"><gpxtpx:atemp>15</gpxtpx:atemp></gpxtpx:TrackPointExtension></extensions></trkpt><trkpt lat="42.649097" lon="23.273843"><ele>695.4</ele><time>2026-09-22T15:53:11.000Z</time><extensions><gpxtpx:TrackPointExtension xmlns:gpxtpx="http://www.garmin.com/xmlschemas/TrackPointExtension/v1"><gpxtpx:atemp>15</gpxtpx:atemp></gpxtpx:TrackPointExtension></extensions></trkpt><trkpt lat="42.649096" lon="23.273642"><ele>696</ele><time>2026-09-22T15:53:17.000Z</time><extensions><gpxtpx:TrackPointExtension xmlns:gpxtpx="http://www.garmin.com/xmlschemas/TrackPointExtension/v1"><gpxtpx:atemp>15</gpxtpx:atemp></gpxtpx:TrackPointExtension></extensions></trkpt><trkpt lat="42.649061" lon="23.273468"><ele>696.8</ele><time>2026-09-22T15:53:24.000Z</time><extensions><gpxtpx:TrackPointExtension xmlns:gpxtpx="http://www.garmin.com/xmlschemas/TrackPointExtension/v1"><gpxtpx:atemp>15</gpxtpx:atemp></gpxtpx:TrackPointExtension></extensions></trkpt><trkpt lat="42.649069" lon="23.273115"><ele>698.2</ele><time>2026-09-22T15:53:36.000Z</time><extensions><gpxtpx:TrackPointExtension xmlns:gpxtpx="http://www.garmin.com/xmlschemas/TrackPointExtension/v1"><gpxtpx:atemp>15</gpxtpx:atemp></gpxtpx:TrackPointExtension></extensions></trkpt><trkpt lat="42.649042" lon="23.272455"><ele>700.8</ele><time>2026-09-22T15:54:01.000Z</time><extensions><gpxtpx:TrackPointExtension xmlns:gpxtpx="http://www.garmin.com/xmlschemas/TrackPointExtension/v1"><gpxtpx:atemp>15</gpxtpx:atemp></gpxtpx:TrackPointExtension></extensions></trkpt><trkpt lat="42.649054" lon="23.272318"><ele>701.2</ele><time>2026-09-22T15:54:07.000Z</time><extensions><gpxtpx:TrackPointExtension xmlns:gpxtpx="http://www.garmin.com/xmlschemas/TrackPointExtension/v1"><gpxtpx:atemp>15</gpxtpx:atemp></gpxtpx:TrackPointExtension></extensions></trkpt><trkpt lat="42.649007" lon="23.272122"><ele>701.8</ele><time>2026-09-22T15:54:14.000Z</time><extensions><gpxtpx:TrackPointExtension xmlns:gpxtpx="http://www.garmin.com/xmlschemas/TrackPointExtension/v1"><gpxtpx:atemp>15</gpxtpx:atemp></gpxtpx:TrackPointExtension></extensions></trkpt><trkpt lat="42.648966" lon="23.27116"><ele>705.2</ele><time>2026-09-22T15:54:37.000Z</time><extensions><gpxtpx:TrackPointExtension xmlns:gpxtpx="http://www.garmin.com/xmlschemas/TrackPointExtension/v1"><gpxtpx:atemp>15</gpxtpx:atemp></gpxtpx:TrackPointExtension></extensions></trkpt><trkpt lat="42.648907" lon="23.270693"><ele>706.6</ele><time>2026-09-22T15:54:48.000Z</time><extensions><gpxtpx:TrackPointExtension xmlns:gpxtpx="http://www.garmin.com/xmlschemas/TrackPointExtension/v1"><gpxtpx:atemp>15</gpxtpx:atemp></gpxtpx:TrackPointExtension></extensions></trkpt><trkpt lat="42.648904" lon="23.270349"><ele>707.8</ele><time>2026-09-22T15:54:57.000Z</time><extensions><gpxtpx:TrackPointExtension xmlns:gpxtpx="http://www.garmin.com/xmlschemas/TrackPointExtension/v1"><gpxtpx:atemp>15</gpxtpx:atemp></gpxtpx:TrackPointExtension></extensions></trkpt><trkpt lat="42.648871" lon="23.269894"><ele>709</ele><time>2026-09-22T15:55:09.000Z</time><extensions><gpxtpx:TrackPointExtension xmlns:gpxtpx="http://www.garmin.com/xmlschemas/TrackPointExtension/v1"><gpxtpx:atemp>14</gpxtpx:atemp></gpxtpx:TrackPointExtension></extensions></trkpt><trkpt lat="42.648876" lon="23.269674"><ele>709.4</ele><time>2026-09-22T15:55:15.000Z</time><extensions><gpxtpx:TrackPointExtension xmlns:gpxtpx="http://www.garmin.com/xmlschemas/TrackPointExtension/v1"><gpxtpx:atemp>14</gpxtpx:atemp></gpxtpx:TrackPointExtension></extensions></trkpt><trkpt lat="42.648809" lon="23.268992"><ele>710.6</ele><time>2026-09-22T15:55:46.000Z</time><extensions><gpxtpx:TrackPointExtension xmlns:gpxtpx="http://www.garmin.com/xmlschemas/TrackPointExtension/v1"><gpxtpx:atemp>14</gpxtpx:atemp></gpxtpx:TrackPointExtension></extensions></trkpt><trkpt lat="42.648813" lon="23.268239"><ele>710.8</ele><time>2026-09-22T15:56:08.000Z</time><extensions><gpxtpx:TrackPointExtension xmlns:gpxtpx="http://www.garmin.com/xmlschemas/TrackPointExtension/v1"><gpxtpx:atemp>14</gpxtpx:atemp></gpxtpx:TrackPointExtension></extensions></trkpt><trkpt lat="42.648834" lon="23.268056"><ele>711</ele><time>2026-09-22T15:56:13.000Z</time><extensions><gpxtpx:TrackPointExtension xmlns:gpxtpx="http://www.garmin.com/xmlschemas/TrackPointExtension/v1"><gpxtpx:atemp>14</gpxtpx:atemp></gpxtpx:TrackPointExtension></extensions></trkpt><trkpt lat="42.648908" lon="23.267695"><ele>711.2</ele><time>2026-09-22T15:56:22.000Z</time><extensions><gpxtpx:TrackPointExtension xmlns:gpxtpx="http://www.garmin.com/xmlschemas/TrackPointExtension/v1"><gpxtpx:atemp>14</gpxtpx:atemp></gpxtpx:TrackPointExtension></extensions></trkpt><trkpt lat="42.649015" lon="23.267385"><ele>711.6</ele><time>2026-09-22T15:56:30.000Z</time><extensions><gpxtpx:TrackPointExtension xmlns:gpxtpx="http://www.garmin.com/xmlschemas/TrackPointExtension/v1"><gpxtpx:atemp>14</gpxtpx:atemp></gpxtpx:TrackPointExtension></extensions></trkpt><trkpt lat="42.649238" lon="23.266905"><ele>711.8</ele><time>2026-09-22T15:56:43.000Z</time><extensions><gpxtpx:TrackPointExtension xmlns:gpxtpx="http://www.garmin.com/xmlschemas/TrackPointExtension/v1"><gpxtpx:atemp>14</gpxtpx:atemp></gpxtpx:TrackPointExtension></extensions></trkpt><trkpt lat="42.649425" lon="23.266391"><ele>712</ele><time>2026-09-22T15:56:56.000Z</time><extensions><gpxtpx:TrackPointExtension xmlns:gpxtpx="http://www.garmin.com/xmlschemas/TrackPointExtension/v1"><gpxtpx:atemp>14</gpxtpx:atemp></gpxtpx:TrackPointExtension></extensions></trkpt><trkpt lat="42.649455" lon="23.266345"><ele>712</ele><time>2026-09-22T15:56:58.000Z</time><extensions><gpxtpx:TrackPointExtension xmlns:gpxtpx="http://www.garmin.com/xmlschemas/TrackPointExtension/v1"><gpxtpx:atemp>14</gpxtpx:atemp></gpxtpx:TrackPointExtension></extensions></trkpt><trkpt lat="42.649483" lon="23.266346"><ele>712</ele><time>2026-09-22T15:57:00.000Z</time><extensions><gpxtpx:TrackPointExtension xmlns:gpxtpx="http://www.garmin.com/xmlschemas/TrackPointExtension/v1"><gpxtpx:atemp>14</gpxtpx:atemp></gpxtpx:TrackPointExtension></extensions></trkpt><trkpt lat="42.649475" lon="23.266428"><ele>712.2</ele><time>2026-09-22T15:57:05.000Z</time><extensions><gpxtpx:TrackPointExtension xmlns:gpxtpx="http://www.garmin.com/xmlschemas/TrackPointExtension/v1"><gpxtpx:atemp>14</gpxtpx:atemp></gpxtpx:TrackPointExtension></extensions></trkpt><trkpt lat="42.649492" lon="23.266524"><ele>711.2</ele><time>2026-09-22T15:57:09.000Z</time><extensions><gpxtpx:TrackPointExtension xmlns:gpxtpx="http://www.garmin.com/xmlschemas/TrackPointExtension/v1"><gpxtpx:atemp>14</gpxtpx:atemp></gpxtpx:TrackPointExtension></extensions></trkpt><trkpt lat="42.64948" lon="23.266599"><ele>708.2</ele><time>2026-09-22T15:59:19.000Z</time><extensions><gpxtpx:TrackPointExtension xmlns:gpxtpx="http://www.garmin.com/xmlschemas/TrackPointExtension/v1"><gpxtpx:atemp>14</gpxtpx:atemp></gpxtpx:TrackPointExtension></extensions></trkpt><trkpt lat="42.649472" lon="23.266592"><ele>708.4</ele><time>2026-09-22T16:00:22.000Z</time><extensions><gpxtpx:TrackPointExtension xmlns:gpxtpx="http://www.garmin.com/xmlschemas/TrackPointExtension/v1"><gpxtpx:atemp>14</gpxtpx:atemp></gpxtpx:TrackPointExtension></extensions></trkpt><trkpt lat="42.649509" lon="23.266586"><ele>708.4</ele><time>2026-09-22T16:04:28.000Z</time><extensions><gpxtpx:TrackPointExtension xmlns:gpxtpx="http://www.garmin.com/xmlschemas/TrackPointExtension/v1"><gpxtpx:atemp>14</gpxtpx:atemp></gpxtpx:TrackPointExtension></extensions></trkpt><trkpt lat="42.649519" lon="23.26657"><ele>708.4</ele><time>2026-09-22T16:08:59.000Z</time><extensions><gpxtpx:TrackPointExtension xmlns:gpxtpx="http://www.garmin.com/xmlschemas/TrackPointExtension/v1"><gpxtpx:atemp>14</gpxtpx:atemp></gpxtpx:TrackPointExtension></extensions></trkpt><trkpt lat="42.649525" lon="23.266531"><ele>708.4</ele><time>2026-09-22T16:09:16.000Z</time><extensions><gpxtpx:TrackPointExtension xmlns:gpxtpx="http://www.garmin.com/xmlschemas/TrackPointExtension/v1"><gpxtpx:atemp>14</gpxtpx:atemp></gpxtpx:TrackPointExtension></extensions></trkpt><trkpt lat="42.649476" lon="23.266573"><ele>708.4</ele><time>2026-09-22T16:12:03.000Z</time><extensions><gpxtpx:TrackPointExtension xmlns:gpxtpx="http://www.garmin.com/xmlschemas/TrackPointExtension/v1"><gpxtpx:atemp>14</gpxtpx:atemp></gpxtpx:TrackPointExtension></extensions></trkpt><trkpt lat="42.649475" lon="23.266318"><ele>713</ele><time>2026-09-22T16:12:36.000Z</time><extensions><gpxtpx:TrackPointExtension xmlns:gpxtpx="http://www.garmin.com/xmlschemas/TrackPointExtension/v1"><gpxtpx:atemp>14</gpxtpx:atemp></gpxtpx:TrackPointExtension></extensions></trkpt><trkpt lat="42.649591" lon="23.266039"><ele>713.2</ele><time>2026-09-22T16:12:49.000Z</time><extensions><gpxtpx:TrackPointExtension xmlns:gpxtpx="http://www.garmin.com/xmlschemas/TrackPointExtension/v1"><gpxtpx:atemp>14</gpxtpx:atemp></gpxtpx:TrackPointExtension></extensions></trkpt><trkpt lat="42.649592" lon="23.265997"><ele>713.2</ele><time>2026-09-22T16:12:51.000Z</time><extensions><gpxtpx:TrackPointExtension xmlns:gpxtpx="http://www.garmin.com/xmlschemas/TrackPointExtension/v1"><gpxtpx:atemp>14</gpxtpx:atemp></gpxtpx:TrackPointExtension></extensions></trkpt><trkpt lat="42.649514" lon="23.265925"><ele>713</ele><time>2026-09-22T16:12:55.000Z</time><extensions><gpxtpx:TrackPointExtension xmlns:gpxtpx="http://www.garmin.com/xmlschemas/TrackPointExtension/v1"><gpxtpx:atemp>14</gpxtpx:atemp></gpxtpx:TrackPointExtension></extensions></trkpt><trkpt lat="42.649481" lon="23.265918"><ele>713</ele><time>2026-09-22T16:12:56.000Z</time><extensions><gpxtpx:TrackPointExtension xmlns:gpxtpx="http://www.garmin.com/xmlschemas/TrackPointExtension/v1"><gpxtpx:atemp>14</gpxtpx:atemp></gpxtpx:TrackPointExtension></extensions></trkpt><trkpt lat="42.649446" lon="23.265927"><ele>713</ele><time>2026-09-22T16:12:57.000Z</time><extensions><gpxtpx:TrackPointExtension xmlns:gpxtpx="http://www.garmin.com/xmlschemas/TrackPointExtension/v1"><gpxtpx:atemp>14</gpxtpx:atemp></gpxtpx:TrackPointExtension></extensions></trkpt><trkpt lat="42.64939" lon="23.266003"><ele>713</ele><time>2026-09-22T16:12:59.000Z</time><extensions><gpxtpx:TrackPointExtension xmlns:gpxtpx="http://www.garmin.com/xmlschemas/TrackPointExtension/v1"><gpxtpx:atemp>14</gpxtpx:atemp></gpxtpx:TrackPointExtension></extensions></trkpt><trkpt lat="42.649127" lon="23.266718"><ele>712.6</ele><time>2026-09-22T16:13:13.000Z</time><extensions><gpxtpx:TrackPointExtension xmlns:gpxtpx="http://www.garmin.com/xmlschemas/TrackPointExtension/v1"><gpxtpx:atemp>14</gpxtpx:atemp></gpxtpx:TrackPointExtension></extensions></trkpt><trkpt lat="42.648683" lon="23.268112"><ele>712.8</ele><time>2026-09-22T16:13:43.000Z</time><extensions><gpxtpx:TrackPointExtension xmlns:gpxtpx="http://www.garmin.com/xmlschemas/TrackPointExtension/v1"><gpxtpx:atemp>14</gpxtpx:atemp></gpxtpx:TrackPointExtension></extensions></trkpt><trkpt lat="42.648619" lon="23.268402"><ele>712.8</ele><time>2026-09-22T16:13:50.000Z</time><extensions><gpxtpx:TrackPointExtension xmlns:gpxtpx="http://www.garmin.com/xmlschemas/TrackPointExtension/v1"><gpxtpx:atemp>14</gpxtpx:atemp></gpxtpx:TrackPointExtension></extensions></trkpt><trkpt lat="42.648579" lon="23.268521"><ele>712.8</ele><time>2026-09-22T16:13:53.000Z</time><extensions><gpxtpx:TrackPointExtension xmlns:gpxtpx="http://www.garmin.com/xmlschemas/TrackPointExtension/v1"><gpxtpx:atemp>14</gpxtpx:atemp></gpxtpx:TrackPointExtension></extensions></trkpt><trkpt lat="42.64857" lon="23.268602"><ele>712.8</ele><time>2026-09-22T16:13:55.000Z</time><extensions><gpxtpx:TrackPointExtension xmlns:gpxtpx="http://www.garmin.com/xmlschemas/TrackPointExtension/v1"><gpxtpx:atemp>14</gpxtpx:atemp></gpxtpx:TrackPointExtension></extensions></trkpt><trkpt lat="42.648552" lon="23.268924"><ele>712.8</ele><time>2026-09-22T16:14:02.000Z</time><extensions><gpxtpx:TrackPointExtension xmlns:gpxtpx="http://www.garmin.com/xmlschemas/TrackPointExtension/v1"><gpxtpx:atemp>14</gpxtpx:atemp></gpxtpx:TrackPointExtension></extensions></trkpt><trkpt lat="42.648565" lon="23.269386"><ele>712.4</ele><time>2026-09-22T16:14:14.000Z</time><extensions><gpxtpx:TrackPointExtension xmlns:gpxtpx="http://www.garmin.com/xmlschemas/TrackPointExtension/v1"><gpxtpx:atemp>14</gpxtpx:atemp></gpxtpx:TrackPointExtension></extensions></trkpt><trkpt lat="42.648505" lon="23.269508"><ele>712.2</ele><time>2026-09-22T16:14:21.000Z</time><extensions><gpxtpx:TrackPointExtension xmlns:gpxtpx="http://www.garmin.com/xmlschemas/TrackPointExtension/v1"><gpxtpx:atemp>14</gpxtpx:atemp></gpxtpx:TrackPointExtension></extensions></trkpt><trkpt lat="42.648561" lon="23.269485"><ele>712.2</ele><time>2026-09-22T16:14:51.000Z</time><extensions><gpxtpx:TrackPointExtension xmlns:gpxtpx="http://www.garmin.com/xmlschemas/TrackPointExtension/v1"><gpxtpx:atemp>14</gpxtpx:atemp></gpxtpx:TrackPointExtension></extensions></trkpt><trkpt lat="42.648562" lon="23.269516"><ele>712</ele><time>2026-09-22T16:15:01.000Z</time><extensions><gpxtpx:TrackPointExtension xmlns:gpxtpx="http://www.garmin.com/xmlschemas/TrackPointExtension/v1"><gpxtpx:atemp>14</gpxtpx:atemp></gpxtpx:TrackPointExtension></extensions></trkpt><trkpt lat="42.648521" lon="23.26953"><ele>712</ele><time>2026-09-22T16:16:16.000Z</time><extensions><gpxtpx:TrackPointExtension xmlns:gpxtpx="http://www.garmin.com/xmlschemas/TrackPointExtension/v1"><gpxtpx:atemp>14</gpxtpx:atemp></gpxtpx:TrackPointExtension></extensions></trkpt><trkpt lat="42.648502" lon="23.269518"><ele>712</ele><time>2026-09-22T16:16:20.000Z</time><extensions><gpxtpx:TrackPointExtension xmlns:gpxtpx="http://www.garmin.com/xmlschemas/TrackPointExtension/v1"><gpxtpx:atemp>14</gpxtpx:atemp></gpxtpx:TrackPointExtension></extensions></trkpt><trkpt lat="42.648549" lon="23.26944"><ele>712</ele><time>2026-09-22T16:16:29.000Z</time><extensions><gpxtpx:TrackPointExtension xmlns:gpxtpx="http://www.garmin.com/xmlschemas/TrackPointExtension/v1"><gpxtpx:atemp>14</gpxtpx:atemp></gpxtpx:TrackPointExtension></extensions></trkpt><trkpt lat="42.648575" lon="23.269308"><ele>712</ele><time>2026-09-22T16:16:33.000Z</time><extensions><gpxtpx:TrackPointExtension xmlns:gpxtpx="http://www.garmin.com/xmlschemas/TrackPointExtension/v1"><gpxtpx:atemp>14</gpxtpx:atemp></gpxtpx:TrackPointExtension></extensions></trkpt><trkpt lat="42.648591" lon="23.269097"><ele>712.4</ele><time>2026-09-22T16:16:39.000Z</time><extensions><gpxtpx:TrackPointExtension xmlns:gpxtpx="http://www.garmin.com/xmlschemas/TrackPointExtension/v1"><gpxtpx:atemp>14</gpxtpx:atemp></gpxtpx:TrackPointExtension></extensions></trkpt><trkpt lat="42.648568" lon="23.268977"><ele>712.6</ele><time>2026-09-22T16:16:42.000Z</time><extensions><gpxtpx:TrackPointExtension xmlns:gpxtpx="http://www.garmin.com/xmlschemas/TrackPointExtension/v1"><gpxtpx:atemp>14</gpxtpx:atemp></gpxtpx:TrackPointExtension></extensions></trkpt><trkpt lat="42.648557" lon="23.268672"><ele>712.8</ele><time>2026-09-22T16:16:50.000Z</time><extensions><gpxtpx:TrackPointExtension xmlns:gpxtpx="http://www.garmin.com/xmlschemas/TrackPointExtension/v1"><gpxtpx:atemp>14</gpxtpx:atemp></gpxtpx:TrackPointExtension></extensions></trkpt><trkpt lat="42.648565" lon="23.268442"><ele>713</ele><time>2026-09-22T16:16:57.000Z</time><extensions><gpxtpx:TrackPointExtension xmlns:gpxtpx="http://www.garmin.com/xmlschemas/TrackPointExtension/v1"><gpxtpx:atemp>14</gpxtpx:atemp></gpxtpx:TrackPointExtension></extensions></trkpt><trkpt lat="42.648622" lon="23.268242"><ele>713.2</ele><time>2026-09-22T16:17:07.000Z</time><extensions><gpxtpx:TrackPointExtension xmlns:gpxtpx="http://www.garmin.com/xmlschemas/TrackPointExtension/v1"><gpxtpx:atemp>14</gpxtpx:atemp></gpxtpx:TrackPointExtension></extensions></trkpt><trkpt lat="42.648609" lon="23.268214"><ele>713.2</ele><time>2026-09-22T16:17:09.000Z</time><extensions><gpxtpx:TrackPointExtension xmlns:gpxtpx="http://www.garmin.com/xmlschemas/TrackPointExtension/v1"><gpxtpx:atemp>14</gpxtpx:atemp></gpxtpx:TrackPointExtension></extensions></trkpt><trkpt lat="42.648558" lon="23.26828"><ele>713.6</ele><time>2026-09-22T16:17:15.000Z</time><extensions><gpxtpx:TrackPointExtension xmlns:gpxtpx="http://www.garmin.com/xmlschemas/TrackPointExtension/v1"><gpxtpx:atemp>14</gpxtpx:atemp></gpxtpx:TrackPointExtension></extensions></trkpt><trkpt lat="42.648523" lon="23.268303"><ele>714</ele><time>2026-09-22T16:17:18.000Z</time><extensions><gpxtpx:TrackPointExtension xmlns:gpxtpx="http://www.garmin.com/xmlschemas/TrackPointExtension/v1"><gpxtpx:atemp>14</gpxtpx:atemp></gpxtpx:TrackPointExtension></extensions></trkpt><trkpt lat="42.648387" lon="23.268255"><ele>714.8</ele><time>2026-09-22T16:17:27.000Z</time><extensions><gpxtpx:TrackPointExtension xmlns:gpxtpx="http://www.garmin.com/xmlschemas/TrackPointExtension/v1"><gpxtpx:atemp>14</gpxtpx:atemp></gpxtpx:TrackPointExtension></extensions></trkpt><trkpt lat="42.648251" lon="23.268253"><ele>716</ele><time>2026-09-22T16:17:35.000Z</time><extensions><gpxtpx:TrackPointExtension xmlns:gpxtpx="http://www.garmin.com/xmlschemas/TrackPointExtension/v1"><gpxtpx:atemp>14</gpxtpx:atemp></gpxtpx:TrackPointExtension></extensions></trkpt><trkpt lat="42.648072" lon="23.268201"><ele>718</ele><time>2026-09-22T16:17:48.000Z</time><extensions><gpxtpx:TrackPointExtension xmlns:gpxtpx="http://www.garmin.com/xmlschemas/TrackPointExtension/v1"><gpxtpx:atemp>14</gpxtpx:atemp></gpxtpx:TrackPointExtension></extensions></trkpt><trkpt lat="42.648008" lon="23.268168"><ele>718.8</ele><time>2026-09-22T16:17:52.000Z</time><extensions><gpxtpx:TrackPointExtension xmlns:gpxtpx="http://www.garmin.com/xmlschemas/TrackPointExtension/v1"><gpxtpx:atemp>14</gpxtpx:atemp></gpxtpx:TrackPointExtension></extensions></trkpt><trkpt lat="42.647906" lon="23.268145"><ele>719.8</ele><time>2026-09-22T16:17:58.000Z</time><extensions><gpxtpx:TrackPointExtension xmlns:gpxtpx="http://www.garmin.com/xmlschemas/TrackPointExtension/v1"><gpxtpx:atemp>14</gpxtpx:atemp></gpxtpx:TrackPointExtension></extensions></trkpt><trkpt lat="42.647737" lon="23.268052"><ele>722</ele><time>2026-09-22T16:18:11.000Z</time><extensions><gpxtpx:TrackPointExtension xmlns:gpxtpx="http://www.garmin.com/xmlschemas/TrackPointExtension/v1"><gpxtpx:atemp>14</gpxtpx:atemp></gpxtpx:TrackPointExtension></extensions></trkpt><trkpt lat="42.647637" lon="23.268028"><ele>723.2</ele><time>2026-09-22T16:18:17.000Z</time><extensions><gpxtpx:TrackPointExtension xmlns:gpxtpx="http://www.garmin.com/xmlschemas/TrackPointExtension/v1"><gpxtpx:atemp>13</gpxtpx:atemp></gpxtpx:TrackPointExtension></extensions></trkpt><trkpt lat="42.647571" lon="23.26804"><ele>724.4</ele><time>2026-09-22T16:18:24.000Z</time><extensions><gpxtpx:TrackPointExtension xmlns:gpxtpx="http://www.garmin.com/xmlschemas/TrackPointExtension/v1"><gpxtpx:atemp>14</gpxtpx:atemp></gpxtpx:TrackPointExtension></extensions></trkpt><trkpt lat="42.647412" lon="23.267998"><ele>726.6</ele><time>2026-09-22T16:18:36.000Z</time><extensions><gpxtpx:TrackPointExtension xmlns:gpxtpx="http://www.garmin.com/xmlschemas/TrackPointExtension/v1"><gpxtpx:atemp>13</gpxtpx:atemp></gpxtpx:TrackPointExtension></extensions></trkpt><trkpt lat="42.64735" lon="23.268"><ele>727.6</ele><time>2026-09-22T16:18:41.000Z</time><extensions><gpxtpx:TrackPointExtension xmlns:gpxtpx="http://www.garmin.com/xmlschemas/TrackPointExtension/v1"><gpxtpx:atemp>13</gpxtpx:atemp></gpxtpx:TrackPointExtension></extensions></trkpt><trkpt lat="42.647284" lon="23.26803"><ele>728.6</ele><time>2026-09-22T16:18:47.000Z</time><extensions><gpxtpx:TrackPointExtension xmlns:gpxtpx="http://www.garmin.com/xmlschemas/TrackPointExtension/v1"><gpxtpx:atemp>13</gpxtpx:atemp></gpxtpx:TrackPointExtension></extensions></trkpt><trkpt lat="42.647188" lon="23.268014"><ele>730</ele><time>2026-09-22T16:18:55.000Z</time><extensions><gpxtpx:TrackPointExtension xmlns:gpxtpx="http://www.garmin.com/xmlschemas/TrackPointExtension/v1"><gpxtpx:atemp>13</gpxtpx:atemp></gpxtpx:TrackPointExtension></extensions></trkpt><trkpt lat="42.647117" lon="23.267985"><ele>731.2</ele><time>2026-09-22T16:19:01.000Z</time><extensions><gpxtpx:TrackPointExtension xmlns:gpxtpx="http://www.garmin.com/xmlschemas/TrackPointExtension/v1"><gpxtpx:atemp>13</gpxtpx:atemp></gpxtpx:TrackPointExtension></extensions></trkpt><trkpt lat="42.647063" lon="23.268004"><ele>732</ele><time>2026-09-22T16:19:06.000Z</time><extensions><gpxtpx:TrackPointExtension xmlns:gpxtpx="http://www.garmin.com/xmlschemas/TrackPointExtension/v1"><gpxtpx:atemp>13</gpxtpx:atemp></gpxtpx:TrackPointExtension></extensions></trkpt><trkpt lat="42.646952" lon="23.268003"><ele>733</ele><time>2026-09-22T16:19:13.000Z</time><extensions><gpxtpx:TrackPointExtension xmlns:gpxtpx="http://www.garmin.com/xmlschemas/TrackPointExtension/v1"><gpxtpx:atemp>13</gpxtpx:atemp></gpxtpx:TrackPointExtension></extensions></trkpt><trkpt lat="42.646905" lon="23.268027"><ele>733.8</ele><time>2026-09-22T16:19:17.000Z</time><extensions><gpxtpx:TrackPointExtension xmlns:gpxtpx="http://www.garmin.com/xmlschemas/TrackPointExtension/v1"><gpxtpx:atemp>13</gpxtpx:atemp></gpxtpx:TrackPointExtension></extensions></trkpt><trkpt lat="42.646843" lon="23.268026"><ele>734.2</ele><time>2026-09-22T16:19:20.000Z</time><extensions><gpxtpx:TrackPointExtension xmlns:gpxtpx="http://www.garmin.com/xmlschemas/TrackPointExtension/v1"><gpxtpx:atemp>13</gpxtpx:atemp></gpxtpx:TrackPointExtension></extensions></trkpt><trkpt lat="42.646768" lon="23.268009"><ele>734.8</ele><time>2026-09-22T16:19:25.000Z</time><extensions><gpxtpx:TrackPointExtension xmlns:gpxtpx="http://www.garmin.com/xmlschemas/TrackPointExtension/v1"><gpxtpx:atemp>13</gpxtpx:atemp></gpxtpx:TrackPointExtension></extensions></trkpt><trkpt lat="42.646718" lon="23.267969"><ele>735.6</ele><time>2026-09-22T16:19:30.000Z</time><extensions><gpxtpx:TrackPointExtension xmlns:gpxtpx="http://www.garmin.com/xmlschemas/TrackPointExtension/v1"><gpxtpx:atemp>13</gpxtpx:atemp></gpxtpx:TrackPointExtension></extensions></trkpt><trkpt lat="42.646604" lon="23.267979"><ele>737.6</ele><time>2026-09-22T16:19:41.000Z</time><extensions><gpxtpx:TrackPointExtension xmlns:gpxtpx="http://www.garmin.com/xmlschemas/TrackPointExtension/v1"><gpxtpx:atemp>13</gpxtpx:atemp></gpxtpx:TrackPointExtension></extensions></trkpt><trkpt lat="42.64652" lon="23.26794"><ele>739</ele><time>2026-09-22T16:19:49.000Z</time><extensions><gpxtpx:TrackPointExtension xmlns:gpxtpx="http://www.garmin.com/xmlschemas/TrackPointExtension/v1"><gpxtpx:atemp>13</gpxtpx:atemp></gpxtpx:TrackPointExtension></extensions></trkpt><trkpt lat="42.646451" lon="23.267959"><ele>739.8</ele><time>2026-09-22T16:19:54.000Z</time><extensions><gpxtpx:TrackPointExtension xmlns:gpxtpx="http://www.garmin.com/xmlschemas/TrackPointExtension/v1"><gpxtpx:atemp>13</gpxtpx:atemp></gpxtpx:TrackPointExtension></extensions></trkpt><trkpt lat="42.646352" lon="23.267927"><ele>740.6</ele><time>2026-09-22T16:19:59.000Z</time><extensions><gpxtpx:TrackPointExtension xmlns:gpxtpx="http://www.garmin.com/xmlschemas/TrackPointExtension/v1"><gpxtpx:atemp>13</gpxtpx:atemp></gpxtpx:TrackPointExtension></extensions></trkpt><trkpt lat="42.646301" lon="23.26794"><ele>741.4</ele><time>2026-09-22T16:20:04.000Z</time><extensions><gpxtpx:TrackPointExtension xmlns:gpxtpx="http://www.garmin.com/xmlschemas/TrackPointExtension/v1"><gpxtpx:atemp>13</gpxtpx:atemp></gpxtpx:TrackPointExtension></extensions></trkpt><trkpt lat="42.646237" lon="23.267922"><ele>742.4</ele><time>2026-09-22T16:20:09.000Z</time><extensions><gpxtpx:TrackPointExtension xmlns:gpxtpx="http://www.garmin.com/xmlschemas/TrackPointExtension/v1"><gpxtpx:atemp>13</gpxtpx:atemp></gpxtpx:TrackPointExtension></extensions></trkpt><trkpt lat="42.646131" lon="23.267917"><ele>743.8</ele><time>2026-09-22T16:20:18.000Z</time><extensions><gpxtpx:TrackPointExtension xmlns:gpxtpx="http://www.garmin.com/xmlschemas/TrackPointExtension/v1"><gpxtpx:atemp>13</gpxtpx:atemp></gpxtpx:TrackPointExtension></extensions></trkpt><trkpt lat="42.646071" lon="23.267942"><ele>744.6</ele><time>2026-09-22T16:20:23.000Z</time><extensions><gpxtpx:TrackPointExtension xmlns:gpxtpx="http://www.garmin.com/xmlschemas/TrackPointExtension/v1"><gpxtpx:atemp>13</gpxtpx:atemp></gpxtpx:TrackPointExtension></extensions></trkpt><trkpt lat="42.646019" lon="23.267945"><ele>745.4</ele><time>2026-09-22T16:20:28.000Z</time><extensions><gpxtpx:TrackPointExtension xmlns:gpxtpx="http://www.garmin.com/xmlschemas/TrackPointExtension/v1"><gpxtpx:atemp>13</gpxtpx:atemp></gpxtpx:TrackPointExtension></extensions></trkpt><trkpt lat="42.645986" lon="23.267973"><ele>745.8</ele><time>2026-09-22T16:20:31.000Z</time><extensions><gpxtpx:TrackPointExtension xmlns:gpxtpx="http://www.garmin.com/xmlschemas/TrackPointExtension/v1"><gpxtpx:atemp>13</gpxtpx:atemp></gpxtpx:TrackPointExtension></extensions></trkpt><trkpt lat="42.645904" lon="23.267982"><ele>746.6</ele><time>2026-09-22T16:20:38.000Z</time><extensions><gpxtpx:TrackPointExtension xmlns:gpxtpx="http://www.garmin.com/xmlschemas/TrackPointExtension/v1"><gpxtpx:atemp>13</gpxtpx:atemp></gpxtpx:TrackPointExtension></extensions></trkpt><trkpt lat="42.645742" lon="23.267931"><ele>748.6</ele><time>2026-09-22T16:20:50.000Z</time><extensions><gpxtpx:TrackPointExtension xmlns:gpxtpx="http://www.garmin.com/xmlschemas/TrackPointExtension/v1"><gpxtpx:atemp>13</gpxtpx:atemp></gpxtpx:TrackPointExtension></extensions></trkpt><trkpt lat="42.645697" lon="23.267946"><ele>749</ele><time>2026-09-22T16:20:53.000Z</time><extensions><gpxtpx:TrackPointExtension xmlns:gpxtpx="http://www.garmin.com/xmlschemas/TrackPointExtension/v1"><gpxtpx:atemp>13</gpxtpx:atemp></gpxtpx:TrackPointExtension></extensions></trkpt><trkpt lat="42.645671" lon="23.267926"><ele>749.2</ele><time>2026-09-22T16:20:55.000Z</time><extensions><gpxtpx:TrackPointExtension xmlns:gpxtpx="http://www.garmin.com/xmlschemas/TrackPointExtension/v1"><gpxtpx:atemp>13</gpxtpx:atemp></gpxtpx:TrackPointExtension></extensions></trkpt><trkpt lat="42.645664" lon="23.267869"><ele>749.6</ele><time>2026-09-22T16:20:58.000Z</time><extensions><gpxtpx:TrackPointExtension xmlns:gpxtpx="http://www.garmin.com/xmlschemas/TrackPointExtension/v1"><gpxtpx:atemp>13</gpxtpx:atemp></gpxtpx:TrackPointExtension></extensions></trkpt><trkpt lat="42.645677" lon="23.267758"><ele>750.4</ele><time>2026-09-22T16:21:04.000Z</time><extensions><gpxtpx:TrackPointExtension xmlns:gpxtpx="http://www.garmin.com/xmlschemas/TrackPointExtension/v1"><gpxtpx:atemp>13</gpxtpx:atemp></gpxtpx:TrackPointExtension></extensions></trkpt><trkpt lat="42.645739" lon="23.267665"><ele>750.8</ele><time>2026-09-22T16:21:09.000Z</time><extensions><gpxtpx:TrackPointExtension xmlns:gpxtpx="http://www.garmin.com/xmlschemas/TrackPointExtension/v1"><gpxtpx:atemp>13</gpxtpx:atemp></gpxtpx:TrackPointExtension></extensions></trkpt><trkpt lat="42.645868" lon="23.267542"><ele>751.2</ele><time>2026-09-22T16:21:15.000Z</time><extensions><gpxtpx:TrackPointExtension xmlns:gpxtpx="http://www.garmin.com/xmlschemas/TrackPointExtension/v1"><gpxtpx:atemp>13</gpxtpx:atemp></gpxtpx:TrackPointExtension></extensions></trkpt><trkpt lat="42.645975" lon="23.26747"><ele>751.4</ele><time>2026-09-22T16:21:20.000Z</time><extensions><gpxtpx:TrackPointExtension xmlns:gpxtpx="http://www.garmin.com/xmlschemas/TrackPointExtension/v1"><gpxtpx:atemp>13</gpxtpx:atemp></gpxtpx:TrackPointExtension></extensions></trkpt><trkpt lat="42.645993" lon="23.267473"><ele>751.4</ele><time>2026-09-22T16:21:21.000Z</time><extensions><gpxtpx:TrackPointExtension xmlns:gpxtpx="http://www.garmin.com/xmlschemas/TrackPointExtension/v1"><gpxtpx:atemp>13</gpxtpx:atemp></gpxtpx:TrackPointExtension></extensions></trkpt><trkpt lat="42.646053" lon="23.267437"><ele>751.4</ele><time>2026-09-22T16:21:24.000Z</time><extensions><gpxtpx:TrackPointExtension xmlns:gpxtpx="http://www.garmin.com/xmlschemas/TrackPointExtension/v1"><gpxtpx:atemp>13</gpxtpx:atemp></gpxtpx:TrackPointExtension></extensions></trkpt><trkpt lat="42.646221" lon="23.2674"><ele>751.8</ele><time>2026-09-22T16:21:31.000Z</time><extensions><gpxtpx:TrackPointExtension xmlns:gpxtpx="http://www.garmin.com/xmlschemas/TrackPointExtension/v1"><gpxtpx:atemp>13</gpxtpx:atemp></gpxtpx:TrackPointExtension></extensions></trkpt><trkpt lat="42.646398" lon="23.26731"><ele>752.2</ele><time>2026-09-22T16:21:41.000Z</time><extensions><gpxtpx:TrackPointExtension xmlns:gpxtpx="http://www.garmin.com/xmlschemas/TrackPointExtension/v1"><gpxtpx:atemp>13</gpxtpx:atemp></gpxtpx:TrackPointExtension></extensions></trkpt><trkpt lat="42.646588" lon="23.267262"><ele>752.8</ele><time>2026-09-22T16:21:50.000Z</time><extensions><gpxtpx:TrackPointExtension xmlns:gpxtpx="http://www.garmin.com/xmlschemas/TrackPointExtension/v1"><gpxtpx:atemp>13</gpxtpx:atemp></gpxtpx:TrackPointExtension></extensions></trkpt><trkpt lat="42.646793" lon="23.267242"><ele>752.4</ele><time>2026-09-22T16:21:59.000Z</time><extensions><gpxtpx:TrackPointExtension xmlns:gpxtpx="http://www.garmin.com/xmlschemas/TrackPointExtension/v1"><gpxtpx:atemp>13</gpxtpx:atemp></gpxtpx:TrackPointExtension></extensions></trkpt><trkpt lat="42.646914" lon="23.267208"><ele>751.4</ele><time>2026-09-22T16:22:03.000Z</time><extensions><gpxtpx:TrackPointExtension xmlns:gpxtpx="http://www.garmin.com/xmlschemas/TrackPointExtension/v1"><gpxtpx:atemp>13</gpxtpx:atemp></gpxtpx:TrackPointExtension></extensions></trkpt><trkpt lat="42.647049" lon="23.267108"><ele>749.6</ele><time>2026-09-22T16:22:08.000Z</time><extensions><gpxtpx:TrackPointExtension xmlns:gpxtpx="http://www.garmin.com/xmlschemas/TrackPointExtension/v1"><gpxtpx:atemp>13</gpxtpx:atemp></gpxtpx:TrackPointExtension></extensions></trkpt><trkpt lat="42.647133" lon="23.266978"><ele>748</ele><time>2026-09-22T16:22:13.000Z</time><extensions><gpxtpx:TrackPointExtension xmlns:gpxtpx="http://www.garmin.com/xmlschemas/TrackPointExtension/v1"><gpxtpx:atemp>13</gpxtpx:atemp></gpxtpx:TrackPointExtension></extensions></trkpt><trkpt lat="42.647206" lon="23.266944"><ele>746.8</ele><time>2026-09-22T16:22:17.000Z</time><extensions><gpxtpx:TrackPointExtension xmlns:gpxtpx="http://www.garmin.com/xmlschemas/TrackPointExtension/v1"><gpxtpx:atemp>13</gpxtpx:atemp></gpxtpx:TrackPointExtension></extensions></trkpt><trkpt lat="42.64727" lon="23.266949"><ele>745.4</ele><time>2026-09-22T16:22:21.000Z</time><extensions><gpxtpx:TrackPointExtension xmlns:gpxtpx="http://www.garmin.com/xmlschemas/TrackPointExtension/v1"><gpxtpx:atemp>13</gpxtpx:atemp></gpxtpx:TrackPointExtension></extensions></trkpt><trkpt lat="42.647394" lon="23.267035"><ele>742.8</ele><time>2026-09-22T16:22:31.000Z</time><extensions><gpxtpx:TrackPointExtension xmlns:gpxtpx="http://www.garmin.com/xmlschemas/TrackPointExtension/v1"><gpxtpx:atemp>13</gpxtpx:atemp></gpxtpx:TrackPointExtension></extensions></trkpt><trkpt lat="42.647382" lon="23.267103"><ele>742.8</ele><time>2026-09-22T16:22:35.000Z</time><extensions><gpxtpx:TrackPointExtension xmlns:gpxtpx="http://www.garmin.com/xmlschemas/TrackPointExtension/v1"><gpxtpx:atemp>13</gpxtpx:atemp></gpxtpx:TrackPointExtension></extensions></trkpt><trkpt lat="42.647298" lon="23.26723"><ele>742.4</ele><time>2026-09-22T16:22:41.000Z</time><extensions><gpxtpx:TrackPointExtension xmlns:gpxtpx="http://www.garmin.com/xmlschemas/TrackPointExtension/v1"><gpxtpx:atemp>13</gpxtpx:atemp></gpxtpx:TrackPointExtension></extensions></trkpt><trkpt lat="42.64725" lon="23.267271"><ele>742.4</ele><time>2026-09-22T16:22:44.000Z</time><extensions><gpxtpx:TrackPointExtension xmlns:gpxtpx="http://www.garmin.com/xmlschemas/TrackPointExtension/v1"><gpxtpx:atemp>13</gpxtpx:atemp></gpxtpx:TrackPointExtension></extensions></trkpt><trkpt lat="42.647145" lon="23.267324"><ele>742.2</ele><time>2026-09-22T16:22:50.000Z</time><extensions><gpxtpx:TrackPointExtension xmlns:gpxtpx="http://www.garmin.com/xmlschemas/TrackPointExtension/v1"><gpxtpx:atemp>13</gpxtpx:atemp></gpxtpx:TrackPointExtension></extensions></trkpt><trkpt lat="42.646971" lon="23.267464"><ele>742.6</ele><time>2026-09-22T16:23:04.000Z</time><extensions><gpxtpx:TrackPointExtension xmlns:gpxtpx="http://www.garmin.com/xmlschemas/TrackPointExtension/v1"><gpxtpx:atemp>13</gpxtpx:atemp></gpxtpx:TrackPointExtension></extensions></trkpt><trkpt lat="42.646917" lon="23.267466"><ele>742.8</ele><time>2026-09-22T16:23:09.000Z</time><extensions><gpxtpx:TrackPointExtension xmlns:gpxtpx="http://www.garmin.com/xmlschemas/TrackPointExtension/v1"><gpxtpx:atemp>13</gpxtpx:atemp></gpxtpx:TrackPointExtension></extensions></trkpt><trkpt lat="42.646846" lon="23.267498"><ele>743.2</ele><time>2026-09-22T16:23:16.000Z</time><extensions><gpxtpx:TrackPointExtension xmlns:gpxtpx="http://www.garmin.com/xmlschemas/TrackPointExtension/v1"><gpxtpx:atemp>13</gpxtpx:atemp></gpxtpx:TrackPointExtension></extensions></trkpt><trkpt lat="42.646723" lon="23.267495"><ele>743.8</ele><time>2026-09-22T16:23:24.000Z</time><extensions><gpxtpx:TrackPointExtension xmlns:gpxtpx="http://www.garmin.com/xmlschemas/TrackPointExtension/v1"><gpxtpx:atemp>13</gpxtpx:atemp></gpxtpx:TrackPointExtension></extensions></trkpt><trkpt lat="42.646686" lon="23.267513"><ele>744</ele><time>2026-09-22T16:23:27.000Z</time><extensions><gpxtpx:TrackPointExtension xmlns:gpxtpx="http://www.garmin.com/xmlschemas/TrackPointExtension/v1"><gpxtpx:atemp>13</gpxtpx:atemp></gpxtpx:TrackPointExtension></extensions></trkpt><trkpt lat="42.646532" lon="23.267512"><ele>744.8</ele><time>2026-09-22T16:23:37.000Z</time><extensions><gpxtpx:TrackPointExtension xmlns:gpxtpx="http://www.garmin.com/xmlschemas/TrackPointExtension/v1"><gpxtpx:atemp>13</gpxtpx:atemp></gpxtpx:TrackPointExtension></extensions></trkpt><trkpt lat="42.646525" lon="23.267492"><ele>745.2</ele><time>2026-09-22T16:23:42.000Z</time><extensions><gpxtpx:TrackPointExtension xmlns:gpxtpx="http://www.garmin.com/xmlschemas/TrackPointExtension/v1"><gpxtpx:atemp>13</gpxtpx:atemp></gpxtpx:TrackPointExtension></extensions></trkpt><trkpt lat="42.646562" lon="23.267506"><ele>745.2</ele><time>2026-09-22T16:23:51.000Z</time><extensions><gpxtpx:TrackPointExtension xmlns:gpxtpx="http://www.garmin.com/xmlschemas/TrackPointExtension/v1"><gpxtpx:atemp>13</gpxtpx:atemp></gpxtpx:TrackPointExtension></extensions></trkpt><trkpt lat="42.646525" lon="23.267512"><ele>745</ele><time>2026-09-22T16:23:59.000Z</time><extensions><gpxtpx:TrackPointExtension xmlns:gpxtpx="http://www.garmin.com/xmlschemas/TrackPointExtension/v1"><gpxtpx:atemp>13</gpxtpx:atemp></gpxtpx:TrackPointExtension></extensions></trkpt><trkpt lat="42.646508" lon="23.267539"><ele>745.2</ele><time>2026-09-22T16:24:22.000Z</time><extensions><gpxtpx:TrackPointExtension xmlns:gpxtpx="http://www.garmin.com/xmlschemas/TrackPointExtension/v1"><gpxtpx:atemp>13</gpxtpx:atemp></gpxtpx:TrackPointExtension></extensions></trkpt><trkpt lat="42.648814" lon="23.267587"><ele>715.6</ele><time>2026-09-23T04:59:23.000Z</time><extensions><gpxtpx:TrackPointExtension xmlns:gpxtpx="http://www.garmin.com/xmlschemas/TrackPointExtension/v1"><gpxtpx:atemp>11</gpxtpx:atemp></gpxtpx:TrackPointExtension></extensions></trkpt><trkpt lat="42.64899" lon="23.267077"><ele>715.8</ele><time>2026-09-23T04:59:45.000Z</time><extensions><gpxtpx:TrackPointExtension xmlns:gpxtpx="http://www.garmin.com/xmlschemas/TrackPointExtension/v1"><gpxtpx:atemp>11</gpxtpx:atemp></gpxtpx:TrackPointExtension></extensions></trkpt><trkpt lat="42.649074" lon="23.266885"><ele>715.4</ele><time>2026-09-23T04:59:54.000Z</time><extensions><gpxtpx:TrackPointExtension xmlns:gpxtpx="http://www.garmin.com/xmlschemas/TrackPointExtension/v1"><gpxtpx:atemp>11</gpxtpx:atemp></gpxtpx:TrackPointExtension></extensions></trkpt><trkpt lat="42.649356" lon="23.266053"><ele>715.6</ele><time>2026-09-23T05:00:27.000Z</time><extensions><gpxtpx:TrackPointExtension xmlns:gpxtpx="http://www.garmin.com/xmlschemas/TrackPointExtension/v1"><gpxtpx:atemp>11</gpxtpx:atemp></gpxtpx:TrackPointExtension></extensions></trkpt><trkpt lat="42.6494" lon="23.265862"><ele>715.4</ele><time>2026-09-23T05:00:36.000Z</time><extensions><gpxtpx:TrackPointExtension xmlns:gpxtpx="http://www.garmin.com/xmlschemas/TrackPointExtension/v1"><gpxtpx:atemp>11</gpxtpx:atemp></gpxtpx:TrackPointExtension></extensions></trkpt><trkpt lat="42.649568" lon="23.265968"><ele>715.6</ele><time>2026-09-23T05:00:49.000Z</time><extensions><gpxtpx:TrackPointExtension xmlns:gpxtpx="http://www.garmin.com/xmlschemas/TrackPointExtension/v1"><gpxtpx:atemp>11</gpxtpx:atemp></gpxtpx:TrackPointExtension></extensions></trkpt><trkpt lat="42.6496" lon="23.265965"><ele>715.6</ele><time>2026-09-23T05:00:50.000Z</time><extensions><gpxtpx:TrackPointExtension xmlns:gpxtpx="http://www.garmin.com/xmlschemas/TrackPointExtension/v1"><gpxtpx:atemp>11</gpxtpx:atemp></gpxtpx:TrackPointExtension></extensions></trkpt><trkpt lat="42.649619" lon="23.265945"><ele>715.6</ele><time>2026-09-23T05:00:51.000Z</time><extensions><gpxtpx:TrackPointExtension xmlns:gpxtpx="http://www.garmin.com/xmlschemas/TrackPointExtension/v1"><gpxtpx:atemp>11</gpxtpx:atemp></gpxtpx:TrackPointExtension></extensions></trkpt><trkpt lat="42.649646" lon="23.265882"><ele>715.8</ele><time>2026-09-23T05:00:53.000Z</time><extensions><gpxtpx:TrackPointExtension xmlns:gpxtpx="http://www.garmin.com/xmlschemas/TrackPointExtension/v1"><gpxtpx:atemp>11</gpxtpx:atemp></gpxtpx:TrackPointExtension></extensions></trkpt><trkpt lat="42.649686" lon="23.265838"><ele>715.8</ele><time>2026-09-23T05:00:55.000Z</time><extensions><gpxtpx:TrackPointExtension xmlns:gpxtpx="http://www.garmin.com/xmlschemas/TrackPointExtension/v1"><gpxtpx:atemp>11</gpxtpx:atemp></gpxtpx:TrackPointExtension></extensions></trkpt><trkpt lat="42.649749" lon="23.26583"><ele>715.6</ele><time>2026-09-23T05:00:58.000Z</time><extensions><gpxtpx:TrackPointExtension xmlns:gpxtpx="http://www.garmin.com/xmlschemas/TrackPointExtension/v1"><gpxtpx:atemp>11</gpxtpx:atemp></gpxtpx:TrackPointExtension></extensions></trkpt><trkpt lat="42.649892" lon="23.26585"><ele>715</ele><time>2026-09-23T05:01:04.000Z</time><extensions><gpxtpx:TrackPointExtension xmlns:gpxtpx="http://www.garmin.com/xmlschemas/TrackPointExtension/v1"><gpxtpx:atemp>11</gpxtpx:atemp></gpxtpx:TrackPointExtension></extensions></trkpt><trkpt lat="42.650034" lon="23.265919"><ele>713.6</ele><time>2026-09-23T05:01:12.000Z</time><extensions><gpxtpx:TrackPointExtension xmlns:gpxtpx="http://www.garmin.com/xmlschemas/TrackPointExtension/v1"><gpxtpx:atemp>11</gpxtpx:atemp></gpxtpx:TrackPointExtension></extensions></trkpt><trkpt lat="42.650085" lon="23.265919"><ele>712.6</ele><time>2026-09-23T05:01:41.000Z</time><extensions><gpxtpx:TrackPointExtension xmlns:gpxtpx="http://www.garmin.com/xmlschemas/TrackPointExtension/v1"><gpxtpx:atemp>11</gpxtpx:atemp></gpxtpx:TrackPointExtension></extensions></trkpt><trkpt lat="42.650229" lon="23.265968"><ele>711.8</ele><time>2026-09-23T05:01:46.000Z</time><extensions><gpxtpx:TrackPointExtension xmlns:gpxtpx="http://www.garmin.com/xmlschemas/TrackPointExtension/v1"><gpxtpx:atemp>11</gpxtpx:atemp></gpxtpx:TrackPointExtension></extensions></trkpt><trkpt lat="42.650406" lon="23.266058"><ele>710.6</ele><time>2026-09-23T05:01:53.000Z</time><extensions><gpxtpx:TrackPointExtension xmlns:gpxtpx="http://www.garmin.com/xmlschemas/TrackPointExtension/v1"><gpxtpx:atemp>11</gpxtpx:atemp></gpxtpx:TrackPointExtension></extensions></trkpt><trkpt lat="42.650547" lon="23.266074"><ele>709.4</ele><time>2026-09-23T05:01:58.000Z</time><extensions><gpxtpx:TrackPointExtension xmlns:gpxtpx="http://www.garmin.com/xmlschemas/TrackPointExtension/v1"><gpxtpx:atemp>11</gpxtpx:atemp></gpxtpx:TrackPointExtension></extensions></trkpt><trkpt lat="42.650886" lon="23.266207"><ele>706</ele><time>2026-09-23T05:02:11.000Z</time><extensions><gpxtpx:TrackPointExtension xmlns:gpxtpx="http://www.garmin.com/xmlschemas/TrackPointExtension/v1"><gpxtpx:atemp>10</gpxtpx:atemp></gpxtpx:TrackPointExtension></extensions></trkpt><trkpt lat="42.650972" lon="23.266204"><ele>705.2</ele><time>2026-09-23T05:02:16.000Z</time><extensions><gpxtpx:TrackPointExtension xmlns:gpxtpx="http://www.garmin.com/xmlschemas/TrackPointExtension/v1"><gpxtpx:atemp>10</gpxtpx:atemp></gpxtpx:TrackPointExtension></extensions></trkpt><trkpt lat="42.651277" lon="23.266272"><ele>703.6</ele><time>2026-09-23T05:02:24.000Z</time><extensions><gpxtpx:TrackPointExtension xmlns:gpxtpx="http://www.garmin.com/xmlschemas/TrackPointExtension/v1"><gpxtpx:atemp>10</gpxtpx:atemp></gpxtpx:TrackPointExtension></extensions></trkpt><trkpt lat="42.651555" lon="23.266277"><ele>701.6</ele><time>2026-09-23T05:02:29.000Z</time><extensions><gpxtpx:TrackPointExtension xmlns:gpxtpx="http://www.garmin.com/xmlschemas/TrackPointExtension/v1"><gpxtpx:atemp>10</gpxtpx:atemp></gpxtpx:TrackPointExtension></extensions></trkpt><trkpt lat="42.651837" lon="23.266251"><ele>699</ele><time>2026-09-23T05:02:34.000Z</time><extensions><gpxtpx:TrackPointExtension xmlns:gpxtpx="http://www.garmin.com/xmlschemas/TrackPointExtension/v1"><gpxtpx:atemp>10</gpxtpx:atemp></gpxtpx:TrackPointExtension></extensions></trkpt><trkpt lat="42.653054" lon="23.266066"><ele>688.8</ele><time>2026-09-23T05:02:53.000Z</time><extensions><gpxtpx:TrackPointExtension xmlns:gpxtpx="http://www.garmin.com/xmlschemas/TrackPointExtension/v1"><gpxtpx:atemp>10</gpxtpx:atemp></gpxtpx:TrackPointExtension></extensions></trkpt><trkpt lat="42.653696" lon="23.265986"><ele>683.4</ele><time>2026-09-23T05:03:03.000Z</time><extensions><gpxtpx:TrackPointExtension xmlns:gpxtpx="http://www.garmin.com/xmlschemas/TrackPointExtension/v1"><gpxtpx:atemp>10</gpxtpx:atemp></gpxtpx:TrackPointExtension></extensions></trkpt><trkpt lat="42.653879" lon="23.265949"><ele>682</ele><time>2026-09-23T05:03:06.000Z</time><extensions><gpxtpx:TrackPointExtension xmlns:gpxtpx="http://www.garmin.com/xmlschemas/TrackPointExtension/v1"><gpxtpx:atemp>10</gpxtpx:atemp></gpxtpx:TrackPointExtension></extensions></trkpt><trkpt lat="42.654299" lon="23.265902"><ele>679</ele><time>2026-09-23T05:03:13.000Z</time><extensions><gpxtpx:TrackPointExtension xmlns:gpxtpx="http://www.garmin.com/xmlschemas/TrackPointExtension/v1"><gpxtpx:atemp>10</gpxtpx:atemp></gpxtpx:TrackPointExtension></extensions></trkpt><trkpt lat="42.654637" lon="23.265835"><ele>676.8</ele><time>2026-09-23T05:03:19.000Z</time><extensions><gpxtpx:TrackPointExtension xmlns:gpxtpx="http://www.garmin.com/xmlschemas/TrackPointExtension/v1"><gpxtpx:atemp>10</gpxtpx:atemp></gpxtpx:TrackPointExtension></extensions></trkpt><trkpt lat="42.655288" lon="23.265654"><ele>672</ele><time>2026-09-23T05:03:31.000Z</time><extensions><gpxtpx:TrackPointExtension xmlns:gpxtpx="http://www.garmin.com/xmlschemas/TrackPointExtension/v1"><gpxtpx:atemp>10</gpxtpx:atemp></gpxtpx:TrackPointExtension></extensions></trkpt><trkpt lat="42.655666" lon="23.265527"><ele>669.2</ele><time>2026-09-23T05:03:39.000Z</time><extensions><gpxtpx:TrackPointExtension xmlns:gpxtpx="http://www.garmin.com/xmlschemas/TrackPointExtension/v1"><gpxtpx:atemp>10</gpxtpx:atemp></gpxtpx:TrackPointExtension></extensions></trkpt><trkpt lat="42.655864" lon="23.265438"><ele>668</ele><time>2026-09-23T05:03:44.000Z</time><extensions><gpxtpx:TrackPointExtension xmlns:gpxtpx="http://www.garmin.com/xmlschemas/TrackPointExtension/v1"><gpxtpx:atemp>10</gpxtpx:atemp></gpxtpx:TrackPointExtension></extensions></trkpt><trkpt lat="42.656461" lon="23.265255"><ele>664.8</ele><time>2026-09-23T05:03:57.000Z</time><extensions><gpxtpx:TrackPointExtension xmlns:gpxtpx="http://www.garmin.com/xmlschemas/TrackPointExtension/v1"><gpxtpx:atemp>10</gpxtpx:atemp></gpxtpx:TrackPointExtension></extensions></trkpt><trkpt lat="42.657061" lon="23.265101"><ele>661</ele><time>2026-09-23T05:04:10.000Z</time><extensions><gpxtpx:TrackPointExtension xmlns:gpxtpx="http://www.garmin.com/xmlschemas/TrackPointExtension/v1"><gpxtpx:atemp>10</gpxtpx:atemp></gpxtpx:TrackPointExtension></extensions></trkpt><trkpt lat="42.657763" lon="23.264881"><ele>657.2</ele><time>2026-09-23T05:04:24.000Z</time><extensions><gpxtpx:TrackPointExtension xmlns:gpxtpx="http://www.garmin.com/xmlschemas/TrackPointExtension/v1"><gpxtpx:atemp>10</gpxtpx:atemp></gpxtpx:TrackPointExtension></extensions></trkpt><trkpt lat="42.657919" lon="23.264849"><ele>656.6</ele><time>2026-09-23T05:04:27.000Z</time><extensions><gpxtpx:TrackPointExtension xmlns:gpxtpx="http://www.garmin.com/xmlschemas/TrackPointExtension/v1"><gpxtpx:atemp>10</gpxtpx:atemp></gpxtpx:TrackPointExtension></extensions></trkpt><trkpt lat="42.658247" lon="23.26475"><ele>655</ele><time>2026-09-23T05:04:33.000Z</time><extensions><gpxtpx:TrackPointExtension xmlns:gpxtpx="http://www.garmin.com/xmlschemas/TrackPointExtension/v1"><gpxtpx:atemp>10</gpxtpx:atemp></gpxtpx:TrackPointExtension></extensions></trkpt><trkpt lat="42.658504" lon="23.26471"><ele>653.6</ele><time>2026-09-23T05:04:38.000Z</time><extensions><gpxtpx:TrackPointExtension xmlns:gpxtpx="http://www.garmin.com/xmlschemas/TrackPointExtension/v1"><gpxtpx:atemp>10</gpxtpx:atemp></gpxtpx:TrackPointExtension></extensions></trkpt><trkpt lat="42.658641" lon="23.264711"><ele>652.8</ele><time>2026-09-23T05:04:41.000Z</time><extensions><gpxtpx:TrackPointExtension xmlns:gpxtpx="http://www.garmin.com/xmlschemas/TrackPointExtension/v1"><gpxtpx:atemp>10</gpxtpx:atemp></gpxtpx:TrackPointExtension></extensions></trkpt><trkpt lat="42.65881" lon="23.264733"><ele>651.6</ele><time>2026-09-23T05:04:46.000Z</time><extensions><gpxtpx:TrackPointExtension xmlns:gpxtpx="http://www.garmin.com/xmlschemas/TrackPointExtension/v1"><gpxtpx:atemp>10</gpxtpx:atemp></gpxtpx:TrackPointExtension></extensions></trkpt><trkpt lat="42.659012" lon="23.264794"><ele>650.2</ele><time>2026-09-23T05:04:52.000Z</time><extensions><gpxtpx:TrackPointExtension xmlns:gpxtpx="http://www.garmin.com/xmlschemas/TrackPointExtension/v1"><gpxtpx:atemp>10</gpxtpx:atemp></gpxtpx:TrackPointExtension></extensions></trkpt><trkpt lat="42.659497" lon="23.264891"><ele>647.6</ele><time>2026-09-23T05:05:09.000Z</time><extensions><gpxtpx:TrackPointExtension xmlns:gpxtpx="http://www.garmin.com/xmlschemas/TrackPointExtension/v1"><gpxtpx:atemp>10</gpxtpx:atemp></gpxtpx:TrackPointExtension></extensions></trkpt><trkpt lat="42.659865" lon="23.264975"><ele>645.4</ele><time>2026-09-23T05:05:22.000Z</time><extensions><gpxtpx:TrackPointExtension xmlns:gpxtpx="http://www.garmin.com/xmlschemas/TrackPointExtension/v1"><gpxtpx:atemp>10</gpxtpx:atemp></gpxtpx:TrackPointExtension></extensions></trkpt><trkpt lat="42.659871" lon="23.264988"><ele>644.6</ele><time>2026-09-23T05:05:27.000Z</time><extensions><gpxtpx:TrackPointExtension xmlns:gpxtpx="http://www.garmin.com/xmlschemas/TrackPointExtension/v1"><gpxtpx:atemp>10</gpxtpx:atemp></gpxtpx:TrackPointExtension></extensions></trkpt><trkpt lat="42.659949" lon="23.264999"><ele>644.8</ele><time>2026-09-23T05:07:58.000Z</time><extensions><gpxtpx:TrackPointExtension xmlns:gpxtpx="http://www.garmin.com/xmlschemas/TrackPointExtension/v1"><gpxtpx:atemp>10</gpxtpx:atemp></gpxtpx:TrackPointExtension></extensions></trkpt><trkpt lat="42.659998" lon="23.26499"><ele>644.6</ele><time>2026-09-23T05:08:00.000Z</time><extensions><gpxtpx:TrackPointExtension xmlns:gpxtpx="http://www.garmin.com/xmlschemas/TrackPointExtension/v1"><gpxtpx:atemp>10</gpxtpx:atemp></gpxtpx:TrackPointExtension></extensions></trkpt><trkpt lat="42.66014" lon="23.265045"><ele>644.2</ele><time>2026-09-23T05:08:05.000Z</time><extensions><gpxtpx:TrackPointExtension xmlns:gpxtpx="http://www.garmin.com/xmlschemas/TrackPointExtension/v1"><gpxtpx:atemp>10</gpxtpx:atemp></gpxtpx:TrackPointExtension></extensions></trkpt><trkpt lat="42.660996" lon="23.265197"><ele>640.2</ele><time>2026-09-23T05:08:21.000Z</time><extensions><gpxtpx:TrackPointExtension xmlns:gpxtpx="http://www.garmin.com/xmlschemas/TrackPointExtension/v1"><gpxtpx:atemp>10</gpxtpx:atemp></gpxtpx:TrackPointExtension></extensions></trkpt><trkpt lat="42.662018" lon="23.265416"><ele>635.6</ele><time>2026-09-23T05:08:38.000Z</time><extensions><gpxtpx:TrackPointExtension xmlns:gpxtpx="http://www.garmin.com/xmlschemas/TrackPointExtension/v1"><gpxtpx:atemp>10</gpxtpx:atemp></gpxtpx:TrackPointExtension></extensions></trkpt><trkpt lat="42.662567" lon="23.265562"><ele>633.4</ele><time>2026-09-23T05:08:47.000Z</time><extensions><gpxtpx:TrackPointExtension xmlns:gpxtpx="http://www.garmin.com/xmlschemas/TrackPointExtension/v1"><gpxtpx:atemp>10</gpxtpx:atemp></gpxtpx:TrackPointExtension></extensions></trkpt><trkpt lat="42.663153" lon="23.26566"><ele>631</ele><time>2026-09-23T05:08:58.000Z</time><extensions><gpxtpx:TrackPointExtension xmlns:gpxtpx="http://www.garmin.com/xmlschemas/TrackPointExtension/v1"><gpxtpx:atemp>10</gpxtpx:atemp></gpxtpx:TrackPointExtension></extensions></trkpt><trkpt lat="42.663492" lon="23.265745"><ele>629.6</ele><time>2026-09-23T05:09:04.000Z</time><extensions><gpxtpx:TrackPointExtension xmlns:gpxtpx="http://www.garmin.com/xmlschemas/TrackPointExtension/v1"><gpxtpx:atemp>10</gpxtpx:atemp></gpxtpx:TrackPointExtension></extensions></trkpt><trkpt lat="42.663549" lon="23.265766"><ele>629.2</ele><time>2026-09-23T05:09:05.000Z</time><extensions><gpxtpx:TrackPointExtension xmlns:gpxtpx="http://www.garmin.com/xmlschemas/TrackPointExtension/v1"><gpxtpx:atemp>10</gpxtpx:atemp></gpxtpx:TrackPointExtension></extensions></trkpt><trkpt lat="42.663657" lon="23.26586"><ele>628.8</ele><time>2026-09-23T05:09:07.000Z</time><extensions><gpxtpx:TrackPointExtension xmlns:gpxtpx="http://www.garmin.com/xmlschemas/TrackPointExtension/v1"><gpxtpx:atemp>10</gpxtpx:atemp></gpxtpx:TrackPointExtension></extensions></trkpt><trkpt lat="42.663825" lon="23.266128"><ele>627.6</ele><time>2026-09-23T05:09:11.000Z</time><extensions><gpxtpx:TrackPointExtension xmlns:gpxtpx="http://www.garmin.com/xmlschemas/TrackPointExtension/v1"><gpxtpx:atemp>10</gpxtpx:atemp></gpxtpx:TrackPointExtension></extensions></trkpt><trkpt lat="42.663978" lon="23.266297"><ele>627.2</ele><time>2026-09-23T05:09:14.000Z</time><extensions><gpxtpx:TrackPointExtension xmlns:gpxtpx="http://www.garmin.com/xmlschemas/TrackPointExtension/v1"><gpxtpx:atemp>10</gpxtpx:atemp></gpxtpx:TrackPointExtension></extensions></trkpt><trkpt lat="42.664035" lon="23.266343"><ele>627</ele><time>2026-09-23T05:09:15.000Z</time><extensions><gpxtpx:TrackPointExtension xmlns:gpxtpx="http://www.garmin.com/xmlschemas/TrackPointExtension/v1"><gpxtpx:atemp>10</gpxtpx:atemp></gpxtpx:TrackPointExtension></extensions></trkpt><trkpt lat="42.664167" lon="23.266395"><ele>626.6</ele><time>2026-09-23T05:09:17.000Z</time><extensions><gpxtpx:TrackPointExtension xmlns:gpxtpx="http://www.garmin.com/xmlschemas/TrackPointExtension/v1"><gpxtpx:atemp>10</gpxtpx:atemp></gpxtpx:TrackPointExtension></extensions></trkpt><trkpt lat="42.664237" lon="23.266397"><ele>626.2</ele><time>2026-09-23T05:09:18.000Z</time><extensions><gpxtpx:TrackPointExtension xmlns:gpxtpx="http://www.garmin.com/xmlschemas/TrackPointExtension/v1"><gpxtpx:atemp>10</gpxtpx:atemp></gpxtpx:TrackPointExtension></extensions></trkpt><trkpt lat="42.66437" lon="23.266341"><ele>625.8</ele><time>2026-09-23T05:09:20.000Z</time><extensions><gpxtpx:TrackPointExtension xmlns:gpxtpx="http://www.garmin.com/xmlschemas/TrackPointExtension/v1"><gpxtpx:atemp>10</gpxtpx:atemp></gpxtpx:TrackPointExtension></extensions></trkpt><trkpt lat="42.664495" lon="23.26624"><ele>625.4</ele><time>2026-09-23T05:09:22.000Z</time><extensions><gpxtpx:TrackPointExtension xmlns:gpxtpx="http://www.garmin.com/xmlschemas/TrackPointExtension/v1"><gpxtpx:atemp>10</gpxtpx:atemp></gpxtpx:TrackPointExtension></extensions></trkpt><trkpt lat="42.664603" lon="23.266119"><ele>624.8</ele><time>2026-09-23T05:09:24.000Z</time><extensions><gpxtpx:TrackPointExtension xmlns:gpxtpx="http://www.garmin.com/xmlschemas/TrackPointExtension/v1"><gpxtpx:atemp>9</gpxtpx:atemp></gpxtpx:TrackPointExtension></extensions></trkpt><trkpt lat="42.664713" lon="23.266023"><ele>624.4</ele><time>2026-09-23T05:09:26.000Z</time><extensions><gpxtpx:TrackPointExtension xmlns:gpxtpx="http://www.garmin.com/xmlschemas/TrackPointExtension/v1"><gpxtpx:atemp>10</gpxtpx:atemp></gpxtpx:TrackPointExtension></extensions></trkpt><trkpt lat="42.664773" lon="23.265989"><ele>624.4</ele><time>2026-09-23T05:09:27.000Z</time><extensions><gpxtpx:TrackPointExtension xmlns:gpxtpx="http://www.garmin.com/xmlschemas/TrackPointExtension/v1"><gpxtpx:atemp>9</gpxtpx:atemp></gpxtpx:TrackPointExtension></extensions></trkpt><trkpt lat="42.664834" lon="23.265976"><ele>624.2</ele><time>2026-09-23T05:09:28.000Z</time><extensions><gpxtpx:TrackPointExtension xmlns:gpxtpx="http://www.garmin.com/xmlschemas/TrackPointExtension/v1"><gpxtpx:atemp>9</gpxtpx:atemp></gpxtpx:TrackPointExtension></extensions></trkpt><trkpt lat="42.665146" lon="23.265983"><ele>623.4</ele><time>2026-09-23T05:09:33.000Z</time><extensions><gpxtpx:TrackPointExtension xmlns:gpxtpx="http://www.garmin.com/xmlschemas/TrackPointExtension/v1"><gpxtpx:atemp>9</gpxtpx:atemp></gpxtpx:TrackPointExtension></extensions></trkpt><trkpt lat="42.665549" lon="23.266045"><ele>622.2</ele><time>2026-09-23T05:09:39.000Z</time><extensions><gpxtpx:TrackPointExtension xmlns:gpxtpx="http://www.garmin.com/xmlschemas/TrackPointExtension/v1"><gpxtpx:atemp>9</gpxtpx:atemp></gpxtpx:TrackPointExtension></extensions></trkpt><trkpt lat="42.666352" lon="23.266135"><ele>618.8</ele><time>2026-09-23T05:09:53.000Z</time><extensions><gpxtpx:TrackPointExtension xmlns:gpxtpx="http://www.garmin.com/xmlschemas/TrackPointExtension/v1"><gpxtpx:atemp>9</gpxtpx:atemp></gpxtpx:TrackPointExtension></extensions></trkpt><trkpt lat="42.666498" lon="23.266134"><ele>618.2</ele><time>2026-09-23T05:09:56.000Z</time><extensions><gpxtpx:TrackPointExtension xmlns:gpxtpx="http://www.garmin.com/xmlschemas/TrackPointExtension/v1"><gpxtpx:atemp>9</gpxtpx:atemp></gpxtpx:TrackPointExtension></extensions></trkpt><trkpt lat="42.666669" lon="23.266155"><ele>617.6</ele><time>2026-09-23T05:10:00.000Z</time><extensions><gpxtpx:TrackPointExtension xmlns:gpxtpx="http://www.garmin.com/xmlschemas/TrackPointExtension/v1"><gpxtpx:atemp>9</gpxtpx:atemp></gpxtpx:TrackPointExtension></extensions></trkpt><trkpt lat="42.666917" lon="23.266151"><ele>616.6</ele><time>2026-09-23T05:10:06.000Z</time><extensions><gpxtpx:TrackPointExtension xmlns:gpxtpx="http://www.garmin.com/xmlschemas/TrackPointExtension/v1"><gpxtpx:atemp>9</gpxtpx:atemp></gpxtpx:TrackPointExtension></extensions></trkpt><trkpt lat="42.667128" lon="23.266177"><ele>616</ele><time>2026-09-23T05:10:11.000Z</time><extensions><gpxtpx:TrackPointExtension xmlns:gpxtpx="http://www.garmin.com/xmlschemas/TrackPointExtension/v1"><gpxtpx:atemp>9</gpxtpx:atemp></gpxtpx:TrackPointExtension></extensions></trkpt><trkpt lat="42.667489" lon="23.266184"><ele>614.6</ele><time>2026-09-23T05:10:21.000Z</time><extensions><gpxtpx:TrackPointExtension xmlns:gpxtpx="http://www.garmin.com/xmlschemas/TrackPointExtension/v1"><gpxtpx:atemp>9</gpxtpx:atemp></gpxtpx:TrackPointExtension></extensions></trkpt><trkpt lat="42.667561" lon="23.266171"><ele>614.2</ele><time>2026-09-23T05:10:24.000Z</time><extensions><gpxtpx:TrackPointExtension xmlns:gpxtpx="http://www.garmin.com/xmlschemas/TrackPointExtension/v1"><gpxtpx:atemp>9</gpxtpx:atemp></gpxtpx:TrackPointExtension></extensions></trkpt><trkpt lat="42.66763" lon="23.266133"><ele>613.6</ele><time>2026-09-23T05:10:28.000Z</time><extensions><gpxtpx:TrackPointExtension xmlns:gpxtpx="http://www.garmin.com/xmlschemas/TrackPointExtension/v1"><gpxtpx:atemp>9</gpxtpx:atemp></gpxtpx:TrackPointExtension></extensions></trkpt><trkpt lat="42.667705" lon="23.266115"><ele>613.4</ele><time>2026-09-23T05:10:33.000Z</time><extensions><gpxtpx:TrackPointExtension xmlns:gpxtpx="http://www.garmin.com/xmlschemas/TrackPointExtension/v1"><gpxtpx:atemp>9</gpxtpx:atemp></gpxtpx:TrackPointExtension></extensions></trkpt><trkpt lat="42.667784" lon="23.266053"><ele>613</ele><time>2026-09-23T05:10:51.000Z</time><extensions><gpxtpx:TrackPointExtension xmlns:gpxtpx="http://www.garmin.com/xmlschemas/TrackPointExtension/v1"><gpxtpx:atemp>9</gpxtpx:atemp></gpxtpx:TrackPointExtension></extensions></trkpt><trkpt lat="42.667972" lon="23.265838"><ele>612.6</ele><time>2026-09-23T05:10:57.000Z</time><extensions><gpxtpx:TrackPointExtension xmlns:gpxtpx="http://www.garmin.com/xmlschemas/TrackPointExtension/v1"><gpxtpx:atemp>9</gpxtpx:atemp></gpxtpx:TrackPointExtension></extensions></trkpt><trkpt lat="42.668464" lon="23.265001"><ele>610.8</ele><time>2026-09-23T05:11:09.000Z</time><extensions><gpxtpx:TrackPointExtension xmlns:gpxtpx="http://www.garmin.com/xmlschemas/TrackPointExtension/v1"><gpxtpx:atemp>9</gpxtpx:atemp></gpxtpx:TrackPointExtension></extensions></trkpt><trkpt lat="42.668638" lon="23.264677"><ele>610</ele><time>2026-09-23T05:11:13.000Z</time><extensions><gpxtpx:TrackPointExtension xmlns:gpxtpx="http://www.garmin.com/xmlschemas/TrackPointExtension/v1"><gpxtpx:atemp>9</gpxtpx:atemp></gpxtpx:TrackPointExtension></extensions></trkpt><trkpt lat="42.668832" lon="23.264379"><ele>609</ele><time>2026-09-23T05:11:17.000Z</time><extensions><gpxtpx:TrackPointExtension xmlns:gpxtpx="http://www.garmin.com/xmlschemas/TrackPointExtension/v1"><gpxtpx:atemp>9</gpxtpx:atemp></gpxtpx:TrackPointExtension></extensions></trkpt><trkpt lat="42.669191" lon="23.263737"><ele>607</ele><time>2026-09-23T05:11:25.000Z</time><extensions><gpxtpx:TrackPointExtension xmlns:gpxtpx="http://www.garmin.com/xmlschemas/TrackPointExtension/v1"><gpxtpx:atemp>9</gpxtpx:atemp></gpxtpx:TrackPointExtension></extensions></trkpt><trkpt lat="42.669382" lon="23.263437"><ele>606</ele><time>2026-09-23T05:11:29.000Z</time><extensions><gpxtpx:TrackPointExtension xmlns:gpxtpx="http://www.garmin.com/xmlschemas/TrackPointExtension/v1"><gpxtpx:atemp>9</gpxtpx:atemp></gpxtpx:TrackPointExtension></extensions></trkpt><trkpt lat="42.669668" lon="23.263105"><ele>604.8</ele><time>2026-09-23T05:11:34.000Z</time><extensions><gpxtpx:TrackPointExtension xmlns:gpxtpx="http://www.garmin.com/xmlschemas/TrackPointExtension/v1"><gpxtpx:atemp>9</gpxtpx:atemp></gpxtpx:TrackPointExtension></extensions></trkpt><trkpt lat="42.669846" lon="23.26285"><ele>604.6</ele><time>2026-09-23T05:11:38.000Z</time><extensions><gpxtpx:TrackPointExtension xmlns:gpxtpx="http://www.garmin.com/xmlschemas/TrackPointExtension/v1"><gpxtpx:atemp>9</gpxtpx:atemp></gpxtpx:TrackPointExtension></extensions></trkpt><trkpt lat="42.670055" lon="23.262596"><ele>606.4</ele><time>2026-09-23T05:11:44.000Z</time><extensions><gpxtpx:TrackPointExtension xmlns:gpxtpx="http://www.garmin.com/xmlschemas/TrackPointExtension/v1"><gpxtpx:atemp>9</gpxtpx:atemp></gpxtpx:TrackPointExtension></extensions></trkpt><trkpt lat="42.670355" lon="23.262195"><ele>608.4</ele><time>2026-09-23T05:11:54.000Z</time><extensions><gpxtpx:TrackPointExtension xmlns:gpxtpx="http://www.garmin.com/xmlschemas/TrackPointExtension/v1"><gpxtpx:atemp>9</gpxtpx:atemp></gpxtpx:TrackPointExtension></extensions></trkpt><trkpt lat="42.670406" lon="23.262106"><ele>608.6</ele><time>2026-09-23T05:11:56.000Z</time><extensions><gpxtpx:TrackPointExtension xmlns:gpxtpx="http://www.garmin.com/xmlschemas/TrackPointExtension/v1"><gpxtpx:atemp>9</gpxtpx:atemp></gpxtpx:TrackPointExtension></extensions></trkpt><trkpt lat="42.670579" lon="23.261901"><ele>609.4</ele><time>2026-09-23T05:12:02.000Z</time><extensions><gpxtpx:TrackPointExtension xmlns:gpxtpx="http://www.garmin.com/xmlschemas/TrackPointExtension/v1"><gpxtpx:atemp>9</gpxtpx:atemp></gpxtpx:TrackPointExtension></extensions></trkpt><trkpt lat="42.670713" lon="23.261706"><ele>609.6</ele><time>2026-09-23T05:12:07.000Z</time><extensions><gpxtpx:TrackPointExtension xmlns:gpxtpx="http://www.garmin.com/xmlschemas/TrackPointExtension/v1"><gpxtpx:atemp>9</gpxtpx:atemp></gpxtpx:TrackPointExtension></extensions></trkpt><trkpt lat="42.671043" lon="23.261344"><ele>610.4</ele><time>2026-09-23T05:12:23.000Z</time><extensions><gpxtpx:TrackPointExtension xmlns:gpxtpx="http://www.garmin.com/xmlschemas/TrackPointExtension/v1"><gpxtpx:atemp>9</gpxtpx:atemp></gpxtpx:TrackPointExtension></extensions></trkpt><trkpt lat="42.671111" lon="23.261244"><ele>610.6</ele><time>2026-09-23T05:12:27.000Z</time><extensions><gpxtpx:TrackPointExtension xmlns:gpxtpx="http://www.garmin.com/xmlschemas/TrackPointExtension/v1"><gpxtpx:atemp>9</gpxtpx:atemp></gpxtpx:TrackPointExtension></extensions></trkpt><trkpt lat="42.671248" lon="23.261139"><ele>611</ele><time>2026-09-23T05:12:35.000Z</time><extensions><gpxtpx:TrackPointExtension xmlns:gpxtpx="http://www.garmin.com/xmlschemas/TrackPointExtension/v1"><gpxtpx:atemp>9</gpxtpx:atemp></gpxtpx:TrackPointExtension></extensions></trkpt><trkpt lat="42.671278" lon="23.261078"><ele>611.2</ele><time>2026-09-23T05:12:38.000Z</time><extensions><gpxtpx:TrackPointExtension xmlns:gpxtpx="http://www.garmin.com/xmlschemas/TrackPointExtension/v1"><gpxtpx:atemp>9</gpxtpx:atemp></gpxtpx:TrackPointExtension></extensions></trkpt><trkpt lat="42.671408" lon="23.260956"><ele>611.6</ele><time>2026-09-23T05:12:48.000Z</time><extensions><gpxtpx:TrackPointExtension xmlns:gpxtpx="http://www.garmin.com/xmlschemas/TrackPointExtension/v1"><gpxtpx:atemp>9</gpxtpx:atemp></gpxtpx:TrackPointExtension></extensions></trkpt><trkpt lat="42.671433" lon="23.2609"><ele>611.8</ele><time>2026-09-23T05:12:51.000Z</time><extensions><gpxtpx:TrackPointExtension xmlns:gpxtpx="http://www.garmin.com/xmlschemas/TrackPointExtension/v1"><gpxtpx:atemp>9</gpxtpx:atemp></gpxtpx:TrackPointExtension></extensions></trkpt><trkpt lat="42.671506" lon="23.260815"><ele>611.6</ele><time>2026-09-23T05:12:57.000Z</time><extensions><gpxtpx:TrackPointExtension xmlns:gpxtpx="http://www.garmin.com/xmlschemas/TrackPointExtension/v1"><gpxtpx:atemp>9</gpxtpx:atemp></gpxtpx:TrackPointExtension></extensions></trkpt><trkpt lat="42.671635" lon="23.260705"><ele>611.6</ele><time>2026-09-23T05:13:06.000Z</time><extensions><gpxtpx:TrackPointExtension xmlns:gpxtpx="http://www.garmin.com/xmlschemas/TrackPointExtension/v1"><gpxtpx:atemp>9</gpxtpx:atemp></gpxtpx:TrackPointExtension></extensions></trkpt><trkpt lat="42.671776" lon="23.260789"><ele>611.4</ele><time>2026-09-23T05:13:14.000Z</time><extensions><gpxtpx:TrackPointExtension xmlns:gpxtpx="http://www.garmin.com/xmlschemas/TrackPointExtension/v1"><gpxtpx:atemp>9</gpxtpx:atemp></gpxtpx:TrackPointExtension></extensions></trkpt><trkpt lat="42.672126" lon="23.261529"><ele>610</ele><time>2026-09-23T05:13:42.000Z</time><extensions><gpxtpx:TrackPointExtension xmlns:gpxtpx="http://www.garmin.com/xmlschemas/TrackPointExtension/v1"><gpxtpx:atemp>9</gpxtpx:atemp></gpxtpx:TrackPointExtension></extensions></trkpt><trkpt lat="42.672389" lon="23.261924"><ele>609.4</ele><time>2026-09-23T05:13:58.000Z</time><extensions><gpxtpx:TrackPointExtension xmlns:gpxtpx="http://www.garmin.com/xmlschemas/TrackPointExtension/v1"><gpxtpx:atemp>9</gpxtpx:atemp></gpxtpx:TrackPointExtension></extensions></trkpt><trkpt lat="42.672735" lon="23.262291"><ele>608.6</ele><time>2026-09-23T05:14:12.000Z</time><extensions><gpxtpx:TrackPointExtension xmlns:gpxtpx="http://www.garmin.com/xmlschemas/TrackPointExtension/v1"><gpxtpx:atemp>9</gpxtpx:atemp></gpxtpx:TrackPointExtension></extensions></trkpt><trkpt lat="42.672977" lon="23.262494"><ele>607.8</ele><time>2026-09-23T05:14:21.000Z</time><extensions><gpxtpx:TrackPointExtension xmlns:gpxtpx="http://www.garmin.com/xmlschemas/TrackPointExtension/v1"><gpxtpx:atemp>9</gpxtpx:atemp></gpxtpx:TrackPointExtension></extensions></trkpt><trkpt lat="42.673313" lon="23.262887"><ele>606.8</ele><time>2026-09-23T05:14:36.000Z</time><extensions><gpxtpx:TrackPointExtension xmlns:gpxtpx="http://www.garmin.com/xmlschemas/TrackPointExtension/v1"><gpxtpx:atemp>9</gpxtpx:atemp></gpxtpx:TrackPointExtension></extensions></trkpt><trkpt lat="42.673676" lon="23.263237"><ele>606.2</ele><time>2026-09-23T05:14:51.000Z</time><extensions><gpxtpx:TrackPointExtension xmlns:gpxtpx="http://www.garmin.com/xmlschemas/TrackPointExtension/v1"><gpxtpx:atemp>9</gpxtpx:atemp></gpxtpx:TrackPointExtension></extensions></trkpt><trkpt lat="42.67393" lon="23.263526"><ele>605.4</ele><time>2026-09-23T05:15:05.000Z</time><extensions><gpxtpx:TrackPointExtension xmlns:gpxtpx="http://www.garmin.com/xmlschemas/TrackPointExtension/v1"><gpxtpx:atemp>9</gpxtpx:atemp></gpxtpx:TrackPointExtension></extensions></trkpt><trkpt lat="42.673947" lon="23.263571"><ele>605.4</ele><time>2026-09-23T05:15:07.000Z</time><extensions><gpxtpx:TrackPointExtension xmlns:gpxtpx="http://www.garmin.com/xmlschemas/TrackPointExtension/v1"><gpxtpx:atemp>9</gpxtpx:atemp></gpxtpx:TrackPointExtension></extensions></trkpt><trkpt lat="42.673945" lon="23.263673"><ele>605</ele><time>2026-09-23T05:15:10.000Z</time><extensions><gpxtpx:TrackPointExtension xmlns:gpxtpx="http://www.garmin.com/xmlschemas/TrackPointExtension/v1"><gpxtpx:atemp>9</gpxtpx:atemp></gpxtpx:TrackPointExtension></extensions></trkpt><trkpt lat="42.67393" lon="23.263756"><ele>604.8</ele><time>2026-09-23T05:15:12.000Z</time><extensions><gpxtpx:TrackPointExtension xmlns:gpxtpx="http://www.garmin.com/xmlschemas/TrackPointExtension/v1"><gpxtpx:atemp>9</gpxtpx:atemp></gpxtpx:TrackPointExtension></extensions></trkpt><trkpt lat="42.673911" lon="23.264266"><ele>603.2</ele><time>2026-09-23T05:15:24.000Z</time><extensions><gpxtpx:TrackPointExtension xmlns:gpxtpx="http://www.garmin.com/xmlschemas/TrackPointExtension/v1"><gpxtpx:atemp>9</gpxtpx:atemp></gpxtpx:TrackPointExtension></extensions></trkpt><trkpt lat="42.673853" lon="23.264775"><ele>602.4</ele><time>2026-09-23T05:15:35.000Z</time><extensions><gpxtpx:TrackPointExtension xmlns:gpxtpx="http://www.garmin.com/xmlschemas/TrackPointExtension/v1"><gpxtpx:atemp>9</gpxtpx:atemp></gpxtpx:TrackPointExtension></extensions></trkpt><trkpt lat="42.673866" lon="23.264895"><ele>602</ele><time>2026-09-23T05:15:39.000Z</time><extensions><gpxtpx:TrackPointExtension xmlns:gpxtpx="http://www.garmin.com/xmlschemas/TrackPointExtension/v1"><gpxtpx:atemp>9</gpxtpx:atemp></gpxtpx:TrackPointExtension></extensions></trkpt><trkpt lat="42.673854" lon="23.264911"><ele>602</ele><time>2026-09-23T05:15:40.000Z</time><extensions><gpxtpx:TrackPointExtension xmlns:gpxtpx="http://www.garmin.com/xmlschemas/TrackPointExtension/v1"><gpxtpx:atemp>9</gpxtpx:atemp></gpxtpx:TrackPointExtension></extensions></trkpt><trkpt lat="42.673838" lon="23.2649"><ele>601.8</ele><time>2026-09-23T05:15:41.000Z</time><extensions><gpxtpx:TrackPointExtension xmlns:gpxtpx="http://www.garmin.com/xmlschemas/TrackPointExtension/v1"><gpxtpx:atemp>9</gpxtpx:atemp></gpxtpx:TrackPointExtension></extensions></trkpt><trkpt lat="42.673923" lon="23.264126"><ele>603</ele><time>2026-09-23T05:16:03.000Z</time><extensions><gpxtpx:TrackPointExtension xmlns:gpxtpx="http://www.garmin.com/xmlschemas/TrackPointExtension/v1"><gpxtpx:atemp>9</gpxtpx:atemp></gpxtpx:TrackPointExtension></extensions></trkpt><trkpt lat="42.673924" lon="23.26384"><ele>603.8</ele><time>2026-09-23T05:16:11.000Z</time><extensions><gpxtpx:TrackPointExtension xmlns:gpxtpx="http://www.garmin.com/xmlschemas/TrackPointExtension/v1"><gpxtpx:atemp>10</gpxtpx:atemp></gpxtpx:TrackPointExtension></extensions></trkpt><trkpt lat="42.673939" lon="23.263747"><ele>604.2</ele><time>2026-09-23T05:16:14.000Z</time><extensions><gpxtpx:TrackPointExtension xmlns:gpxtpx="http://www.garmin.com/xmlschemas/TrackPointExtension/v1"><gpxtpx:atemp>10</gpxtpx:atemp></gpxtpx:TrackPointExtension></extensions></trkpt><trkpt lat="42.673925" lon="23.263637"><ele>604.8</ele><time>2026-09-23T05:16:20.000Z</time><extensions><gpxtpx:TrackPointExtension xmlns:gpxtpx="http://www.garmin.com/xmlschemas/TrackPointExtension/v1"><gpxtpx:atemp>10</gpxtpx:atemp></gpxtpx:TrackPointExtension></extensions></trkpt><trkpt lat="42.673934" lon="23.26362"><ele>604.8</ele><time>2026-09-23T05:16:22.000Z</time><extensions><gpxtpx:TrackPointExtension xmlns:gpxtpx="http://www.garmin.com/xmlschemas/TrackPointExtension/v1"><gpxtpx:atemp>9</gpxtpx:atemp></gpxtpx:TrackPointExtension></extensions></trkpt><trkpt lat="42.673979" lon="23.263611"><ele>605</ele><time>2026-09-23T05:16:25.000Z</time><extensions><gpxtpx:TrackPointExtension xmlns:gpxtpx="http://www.garmin.com/xmlschemas/TrackPointExtension/v1"><gpxtpx:atemp>9</gpxtpx:atemp></gpxtpx:TrackPointExtension></extensions></trkpt><trkpt lat="42.674054" lon="23.26364"><ele>605</ele><time>2026-09-23T05:16:30.000Z</time><extensions><gpxtpx:TrackPointExtension xmlns:gpxtpx="http://www.garmin.com/xmlschemas/TrackPointExtension/v1"><gpxtpx:atemp>9</gpxtpx:atemp></gpxtpx:TrackPointExtension></extensions></trkpt><trkpt lat="42.674156" lon="23.263754"><ele>604.8</ele><time>2026-09-23T05:16:36.000Z</time><extensions><gpxtpx:TrackPointExtension xmlns:gpxtpx="http://www.garmin.com/xmlschemas/TrackPointExtension/v1"><gpxtpx:atemp>9</gpxtpx:atemp></gpxtpx:TrackPointExtension></extensions></trkpt><trkpt lat="42.674274" lon="23.263857"><ele>604.6</ele><time>2026-09-23T05:16:43.000Z</time><extensions><gpxtpx:TrackPointExtension xmlns:gpxtpx="http://www.garmin.com/xmlschemas/TrackPointExtension/v1"><gpxtpx:atemp>9</gpxtpx:atemp></gpxtpx:TrackPointExtension></extensions></trkpt><trkpt lat="42.674339" lon="23.263946"><ele>604.2</ele><time>2026-09-23T05:16:47.000Z</time><extensions><gpxtpx:TrackPointExtension xmlns:gpxtpx="http://www.garmin.com/xmlschemas/TrackPointExtension/v1"><gpxtpx:atemp>9</gpxtpx:atemp></gpxtpx:TrackPointExtension></extensions></trkpt><trkpt lat="42.674456" lon="23.264051"><ele>603.8</ele><time>2026-09-23T05:16:52.000Z</time><extensions><gpxtpx:TrackPointExtension xmlns:gpxtpx="http://www.garmin.com/xmlschemas/TrackPointExtension/v1"><gpxtpx:atemp>9</gpxtpx:atemp></gpxtpx:TrackPointExtension></extensions></trkpt><trkpt lat="42.674817" lon="23.264465"><ele>602.2</ele><time>2026-09-23T05:17:10.000Z</time><extensions><gpxtpx:TrackPointExtension xmlns:gpxtpx="http://www.garmin.com/xmlschemas/TrackPointExtension/v1"><gpxtpx:atemp>9</gpxtpx:atemp></gpxtpx:TrackPointExtension></extensions></trkpt><trkpt lat="42.675122" lon="23.26478"><ele>601</ele><time>2026-09-23T05:17:25.000Z</time><extensions><gpxtpx:TrackPointExtension xmlns:gpxtpx="http://www.garmin.com/xmlschemas/TrackPointExtension/v1"><gpxtpx:atemp>9</gpxtpx:atemp></gpxtpx:TrackPointExtension></extensions></trkpt><trkpt lat="42.675145" lon="23.264797"><ele>601</ele><time>2026-09-23T05:17:26.000Z</time><extensions><gpxtpx:TrackPointExtension xmlns:gpxtpx="http://www.garmin.com/xmlschemas/TrackPointExtension/v1"><gpxtpx:atemp>9</gpxtpx:atemp></gpxtpx:TrackPointExtension></extensions></trkpt><trkpt lat="42.675192" lon="23.264794"><ele>600.6</ele><time>2026-09-23T05:17:29.000Z</time><extensions><gpxtpx:TrackPointExtension xmlns:gpxtpx="http://www.garmin.com/xmlschemas/TrackPointExtension/v1"><gpxtpx:atemp>9</gpxtpx:atemp></gpxtpx:TrackPointExtension></extensions></trkpt><trkpt lat="42.675217" lon="23.264754"><ele>600.6</ele><time>2026-09-23T05:17:35.000Z</time><extensions><gpxtpx:TrackPointExtension xmlns:gpxtpx="http://www.garmin.com/xmlschemas/TrackPointExtension/v1"><gpxtpx:atemp>9</gpxtpx:atemp></gpxtpx:TrackPointExtension></extensions></trkpt><trkpt lat="42.675204" lon="23.264694"><ele>600.6</ele><time>2026-09-23T05:17:37.000Z</time><extensions><gpxtpx:TrackPointExtension xmlns:gpxtpx="http://www.garmin.com/xmlschemas/TrackPointExtension/v1"><gpxtpx:atemp>9</gpxtpx:atemp></gpxtpx:TrackPointExtension></extensions></trkpt><trkpt lat="42.675131" lon="23.264562"><ele>600.8</ele><time>2026-09-23T05:17:42.000Z</time><extensions><gpxtpx:TrackPointExtension xmlns:gpxtpx="http://www.garmin.com/xmlschemas/TrackPointExtension/v1"><gpxtpx:atemp>9</gpxtpx:atemp></gpxtpx:TrackPointExtension></extensions></trkpt><trkpt lat="42.675125" lon="23.264527"><ele>600.8</ele><time>2026-09-23T05:17:43.000Z</time><extensions><gpxtpx:TrackPointExtension xmlns:gpxtpx="http://www.garmin.com/xmlschemas/TrackPointExtension/v1"><gpxtpx:atemp>9</gpxtpx:atemp></gpxtpx:TrackPointExtension></extensions></trkpt><trkpt lat="42.675102" lon="23.264295"><ele>602</ele><time>2026-09-23T05:17:50.000Z</time><extensions><gpxtpx:TrackPointExtension xmlns:gpxtpx="http://www.garmin.com/xmlschemas/TrackPointExtension/v1"><gpxtpx:atemp>9</gpxtpx:atemp></gpxtpx:TrackPointExtension></extensions></trkpt><trkpt lat="42.675042" lon="23.263936"><ele>604</ele><time>2026-09-23T05:18:01.000Z</time><extensions><gpxtpx:TrackPointExtension xmlns:gpxtpx="http://www.garmin.com/xmlschemas/TrackPointExtension/v1"><gpxtpx:atemp>9</gpxtpx:atemp></gpxtpx:TrackPointExtension></extensions></trkpt><trkpt lat="42.674974" lon="23.263319"><ele>606</ele><time>2026-09-23T05:18:18.000Z</time><extensions><gpxtpx:TrackPointExtension xmlns:gpxtpx="http://www.garmin.com/xmlschemas/TrackPointExtension/v1"><gpxtpx:atemp>9</gpxtpx:atemp></gpxtpx:TrackPointExtension></extensions></trkpt><trkpt lat="42.674769" lon="23.261955"><ele>607.6</ele><time>2026-09-23T05:18:52.000Z</time><extensions><gpxtpx:TrackPointExtension xmlns:gpxtpx="http://www.garmin.com/xmlschemas/TrackPointExtension/v1"><gpxtpx:atemp>10</gpxtpx:atemp></gpxtpx:TrackPointExtension></extensions></trkpt><trkpt lat="42.674744" lon="23.261649"><ele>608</ele><time>2026-09-23T05:19:00.000Z</time><extensions><gpxtpx:TrackPointExtension xmlns:gpxtpx="http://www.garmin.com/xmlschemas/TrackPointExtension/v1"><gpxtpx:atemp>10</gpxtpx:atemp></gpxtpx:TrackPointExtension></extensions></trkpt><trkpt lat="42.674761" lon="23.261556"><ele>608.2</ele><time>2026-09-23T05:19:03.000Z</time><extensions><gpxtpx:TrackPointExtension xmlns:gpxtpx="http://www.garmin.com/xmlschemas/TrackPointExtension/v1"><gpxtpx:atemp>10</gpxtpx:atemp></gpxtpx:TrackPointExtension></extensions></trkpt><trkpt lat="42.674712" lon="23.261264"><ele>608.8</ele><time>2026-09-23T05:19:13.000Z</time><extensions><gpxtpx:TrackPointExtension xmlns:gpxtpx="http://www.garmin.com/xmlschemas/TrackPointExtension/v1"><gpxtpx:atemp>10</gpxtpx:atemp></gpxtpx:TrackPointExtension></extensions></trkpt><trkpt lat="42.674692" lon="23.260979"><ele>609.2</ele><time>2026-09-23T05:19:22.000Z</time><extensions><gpxtpx:TrackPointExtension xmlns:gpxtpx="http://www.garmin.com/xmlschemas/TrackPointExtension/v1"><gpxtpx:atemp>10</gpxtpx:atemp></gpxtpx:TrackPointExtension></extensions></trkpt><trkpt lat="42.674642" lon="23.260768"><ele>609.6</ele><time>2026-09-23T05:19:29.000Z</time><extensions><gpxtpx:TrackPointExtension xmlns:gpxtpx="http://www.garmin.com/xmlschemas/TrackPointExtension/v1"><gpxtpx:atemp>10</gpxtpx:atemp></gpxtpx:TrackPointExtension></extensions></trkpt><trkpt lat="42.6746" lon="23.260676"><ele>609.6</ele><time>2026-09-23T05:19:33.000Z</time><extensions><gpxtpx:TrackPointExtension xmlns:gpxtpx="http://www.garmin.com/xmlschemas/TrackPointExtension/v1"><gpxtpx:atemp>10</gpxtpx:atemp></gpxtpx:TrackPointExtension></extensions></trkpt><trkpt lat="42.674572" lon="23.260532"><ele>609.8</ele><time>2026-09-23T05:19:37.000Z</time><extensions><gpxtpx:TrackPointExtension xmlns:gpxtpx="http://www.garmin.com/xmlschemas/TrackPointExtension/v1"><gpxtpx:atemp>10</gpxtpx:atemp></gpxtpx:TrackPointExtension></extensions></trkpt><trkpt lat="42.674533" lon="23.26019"><ele>610.6</ele><time>2026-09-23T05:19:46.000Z</time><extensions><gpxtpx:TrackPointExtension xmlns:gpxtpx="http://www.garmin.com/xmlschemas/TrackPointExtension/v1"><gpxtpx:atemp>10</gpxtpx:atemp></gpxtpx:TrackPointExtension></extensions></trkpt><trkpt lat="42.674386" lon="23.259252"><ele>612.4</ele><time>2026-09-23T05:20:11.000Z</time><extensions><gpxtpx:TrackPointExtension xmlns:gpxtpx="http://www.garmin.com/xmlschemas/TrackPointExtension/v1"><gpxtpx:atemp>10</gpxtpx:atemp></gpxtpx:TrackPointExtension></extensions></trkpt><trkpt lat="42.674377" lon="23.259109"><ele>612.8</ele><time>2026-09-23T05:20:15.000Z</time><extensions><gpxtpx:TrackPointExtension xmlns:gpxtpx="http://www.garmin.com/xmlschemas/TrackPointExtension/v1"><gpxtpx:atemp>10</gpxtpx:atemp></gpxtpx:TrackPointExtension></extensions></trkpt><trkpt lat="42.674381" lon="23.259073"><ele>612.8</ele><time>2026-09-23T05:20:16.000Z</time><extensions><gpxtpx:TrackPointExtension xmlns:gpxtpx="http://www.garmin.com/xmlschemas/TrackPointExtension/v1"><gpxtpx:atemp>10</gpxtpx:atemp></gpxtpx:TrackPointExtension></extensions></trkpt><trkpt lat="42.674426" lon="23.25904"><ele>613</ele><time>2026-09-23T05:20:18.000Z</time><extensions><gpxtpx:TrackPointExtension xmlns:gpxtpx="http://www.garmin.com/xmlschemas/TrackPointExtension/v1"><gpxtpx:atemp>10</gpxtpx:atemp></gpxtpx:TrackPointExtension></extensions></trkpt><trkpt lat="42.674621" lon="23.259012"><ele>613.6</ele><time>2026-09-23T05:20:25.000Z</time><extensions><gpxtpx:TrackPointExtension xmlns:gpxtpx="http://www.garmin.com/xmlschemas/TrackPointExtension/v1"><gpxtpx:atemp>10</gpxtpx:atemp></gpxtpx:TrackPointExtension></extensions></trkpt><trkpt lat="42.674714" lon="23.25898"><ele>613.6</ele><time>2026-09-23T05:20:28.000Z</time><extensions><gpxtpx:TrackPointExtension xmlns:gpxtpx="http://www.garmin.com/xmlschemas/TrackPointExtension/v1"><gpxtpx:atemp>10</gpxtpx:atemp></gpxtpx:TrackPointExtension></extensions></trkpt><trkpt lat="42.675179" lon="23.258916"><ele>614.2</ele><time>2026-09-23T05:20:44.000Z</time><extensions><gpxtpx:TrackPointExtension xmlns:gpxtpx="http://www.garmin.com/xmlschemas/TrackPointExtension/v1"><gpxtpx:atemp>10</gpxtpx:atemp></gpxtpx:TrackPointExtension></extensions></trkpt><trkpt lat="42.675394" lon="23.258849"><ele>614.6</ele><time>2026-09-23T05:20:52.000Z</time><extensions><gpxtpx:TrackPointExtension xmlns:gpxtpx="http://www.garmin.com/xmlschemas/TrackPointExtension/v1"><gpxtpx:atemp>10</gpxtpx:atemp></gpxtpx:TrackPointExtension></extensions></trkpt><trkpt lat="42.675556" lon="23.258839"><ele>614.8</ele><time>2026-09-23T05:20:57.000Z</time><extensions><gpxtpx:TrackPointExtension xmlns:gpxtpx="http://www.garmin.com/xmlschemas/TrackPointExtension/v1"><gpxtpx:atemp>10</gpxtpx:atemp></gpxtpx:TrackPointExtension></extensions></trkpt><trkpt lat="42.675602" lon="23.258808"><ele>614.8</ele><time>2026-09-23T05:21:00.000Z</time><extensions><gpxtpx:TrackPointExtension xmlns:gpxtpx="http://www.garmin.com/xmlschemas/TrackPointExtension/v1"><gpxtpx:atemp>10</gpxtpx:atemp></gpxtpx:TrackPointExtension></extensions></trkpt><trkpt lat="42.675619" lon="23.25877"><ele>614.8</ele><time>2026-09-23T05:21:02.000Z</time><extensions><gpxtpx:TrackPointExtension xmlns:gpxtpx="http://www.garmin.com/xmlschemas/TrackPointExtension/v1"><gpxtpx:atemp>10</gpxtpx:atemp></gpxtpx:TrackPointExtension></extensions></trkpt><trkpt lat="42.675652" lon="23.258742"><ele>614.8</ele><time>2026-09-23T05:21:04.000Z</time><extensions><gpxtpx:TrackPointExtension xmlns:gpxtpx="http://www.garmin.com/xmlschemas/TrackPointExtension/v1"><gpxtpx:atemp>10</gpxtpx:atemp></gpxtpx:TrackPointExtension></extensions></trkpt><trkpt lat="42.675694" lon="23.258741"><ele>614.8</ele><time>2026-09-23T05:21:06.000Z</time><extensions><gpxtpx:TrackPointExtension xmlns:gpxtpx="http://www.garmin.com/xmlschemas/TrackPointExtension/v1"><gpxtpx:atemp>10</gpxtpx:atemp></gpxtpx:TrackPointExtension></extensions></trkpt><trkpt lat="42.675788" lon="23.258773"><ele>615</ele><time>2026-09-23T05:21:11.000Z</time><extensions><gpxtpx:TrackPointExtension xmlns:gpxtpx="http://www.garmin.com/xmlschemas/TrackPointExtension/v1"><gpxtpx:atemp>10</gpxtpx:atemp></gpxtpx:TrackPointExtension></extensions></trkpt><trkpt lat="42.67581" lon="23.25881"><ele>615</ele><time>2026-09-23T05:21:13.000Z</time><extensions><gpxtpx:TrackPointExtension xmlns:gpxtpx="http://www.garmin.com/xmlschemas/TrackPointExtension/v1"><gpxtpx:atemp>10</gpxtpx:atemp></gpxtpx:TrackPointExtension></extensions></trkpt><trkpt lat="42.675793" lon="23.258841"><ele>615</ele><time>2026-09-23T05:21:15.000Z</time><extensions><gpxtpx:TrackPointExtension xmlns:gpxtpx="http://www.garmin.com/xmlschemas/TrackPointExtension/v1"><gpxtpx:atemp>10</gpxtpx:atemp></gpxtpx:TrackPointExtension></extensions></trkpt><trkpt lat="42.675776" lon="23.258836"><ele>615</ele><time>2026-09-23T05:21:16.000Z</time><extensions><gpxtpx:TrackPointExtension xmlns:gpxtpx="http://www.garmin.com/xmlschemas/TrackPointExtension/v1"><gpxtpx:atemp>10</gpxtpx:atemp></gpxtpx:TrackPointExtension></extensions></trkpt><trkpt lat="42.675714" lon="23.258745"><ele>615</ele><time>2026-09-23T05:21:21.000Z</time><extensions><gpxtpx:TrackPointExtension xmlns:gpxtpx="http://www.garmin.com/xmlschemas/TrackPointExtension/v1"><gpxtpx:atemp>10</gpxtpx:atemp></gpxtpx:TrackPointExtension></extensions></trkpt><trkpt lat="42.675639" lon="23.258713"><ele>615</ele><time>2026-09-23T05:21:26.000Z</time><extensions><gpxtpx:TrackPointExtension xmlns:gpxtpx="http://www.garmin.com/xmlschemas/TrackPointExtension/v1"><gpxtpx:atemp>10</gpxtpx:atemp></gpxtpx:TrackPointExtension></extensions></trkpt><trkpt lat="42.675623" lon="23.25867"><ele>615</ele><time>2026-09-23T05:21:30.000Z</time><extensions><gpxtpx:TrackPointExtension xmlns:gpxtpx="http://www.garmin.com/xmlschemas/TrackPointExtension/v1"><gpxtpx:atemp>10</gpxtpx:atemp></gpxtpx:TrackPointExtension></extensions></trkpt><trkpt lat="42.675591" lon="23.25867"><ele>615</ele><time>2026-09-23T05:21:46.000Z</time><extensions><gpxtpx:TrackPointExtension xmlns:gpxtpx="http://www.garmin.com/xmlschemas/TrackPointExtension/v1"><gpxtpx:atemp>10</gpxtpx:atemp></gpxtpx:TrackPointExtension></extensions></trkpt><trkpt lat="42.67559" lon="23.2589"><ele>614.8</ele><time>2026-09-23T05:21:54.000Z</time><extensions><gpxtpx:TrackPointExtension xmlns:gpxtpx="http://www.garmin.com/xmlschemas/TrackPointExtension/v1"><gpxtpx:atemp>10</gpxtpx:atemp></gpxtpx:TrackPointExtension></extensions></trkpt><trkpt lat="42.675667" lon="23.259284"><ele>614</ele><time>2026-09-23T05:22:03.000Z</time><extensions><gpxtpx:TrackPointExtension xmlns:gpxtpx="http://www.garmin.com/xmlschemas/TrackPointExtension/v1"><gpxtpx:atemp>10</gpxtpx:atemp></gpxtpx:TrackPointExtension></extensions></trkpt><trkpt lat="42.675671" lon="23.259443"><ele>613.6</ele><time>2026-09-23T05:22:07.000Z</time><extensions><gpxtpx:TrackPointExtension xmlns:gpxtpx="http://www.garmin.com/xmlschemas/TrackPointExtension/v1"><gpxtpx:atemp>10</gpxtpx:atemp></gpxtpx:TrackPointExtension></extensions></trkpt><trkpt lat="42.67575" lon="23.260218"><ele>612</ele><time>2026-09-23T05:22:23.000Z</time><extensions><gpxtpx:TrackPointExtension xmlns:gpxtpx="http://www.garmin.com/xmlschemas/TrackPointExtension/v1"><gpxtpx:atemp>10</gpxtpx:atemp></gpxtpx:TrackPointExtension></extensions></trkpt><trkpt lat="42.675767" lon="23.260242"><ele>611.8</ele><time>2026-09-23T05:22:24.000Z</time><extensions><gpxtpx:TrackPointExtension xmlns:gpxtpx="http://www.garmin.com/xmlschemas/TrackPointExtension/v1"><gpxtpx:atemp>10</gpxtpx:atemp></gpxtpx:TrackPointExtension></extensions></trkpt><trkpt lat="42.675808" lon="23.260241"><ele>611.8</ele><time>2026-09-23T05:22:26.000Z</time><extensions><gpxtpx:TrackPointExtension xmlns:gpxtpx="http://www.garmin.com/xmlschemas/TrackPointExtension/v1"><gpxtpx:atemp>10</gpxtpx:atemp></gpxtpx:TrackPointExtension></extensions></trkpt><trkpt lat="42.675891" lon="23.260169"><ele>611.8</ele><time>2026-09-23T05:22:30.000Z</time><extensions><gpxtpx:TrackPointExtension xmlns:gpxtpx="http://www.garmin.com/xmlschemas/TrackPointExtension/v1"><gpxtpx:atemp>10</gpxtpx:atemp></gpxtpx:TrackPointExtension></extensions></trkpt><trkpt lat="42.676002" lon="23.260151"><ele>612.8</ele><time>2026-09-23T05:22:37.000Z</time><extensions><gpxtpx:TrackPointExtension xmlns:gpxtpx="http://www.garmin.com/xmlschemas/TrackPointExtension/v1"><gpxtpx:atemp>10</gpxtpx:atemp></gpxtpx:TrackPointExtension></extensions></trkpt><trkpt lat="42.676139" lon="23.260082"><ele>613.8</ele><time>2026-09-23T05:22:47.000Z</time><extensions><gpxtpx:TrackPointExtension xmlns:gpxtpx="http://www.garmin.com/xmlschemas/TrackPointExtension/v1"><gpxtpx:atemp>10</gpxtpx:atemp></gpxtpx:TrackPointExtension></extensions></trkpt><trkpt lat="42.67618" lon="23.260098"><ele>613.6</ele><time>2026-09-23T05:24:07.000Z</time><extensions><gpxtpx:TrackPointExtension xmlns:gpxtpx="http://www.garmin.com/xmlschemas/TrackPointExtension/v1"><gpxtpx:atemp>10</gpxtpx:atemp></gpxtpx:TrackPointExtension></extensions></trkpt><trkpt lat="42.676184" lon="23.260076"><ele>613.6</ele><time>2026-09-23T05:24:10.000Z</time><extensions><gpxtpx:TrackPointExtension xmlns:gpxtpx="http://www.garmin.com/xmlschemas/TrackPointExtension/v1"><gpxtpx:atemp>10</gpxtpx:atemp></gpxtpx:TrackPointExtension></extensions></trkpt><trkpt lat="42.676149" lon="23.260063"><ele>613.6</ele><time>2026-09-23T05:24:15.000Z</time><extensions><gpxtpx:TrackPointExtension xmlns:gpxtpx="http://www.garmin.com/xmlschemas/TrackPointExtension/v1"><gpxtpx:atemp>10</gpxtpx:atemp></gpxtpx:TrackPointExtension></extensions></trkpt><trkpt lat="42.676082" lon="23.260113"><ele>613.6</ele><time>2026-09-23T05:24:22.000Z</time><extensions><gpxtpx:TrackPointExtension xmlns:gpxtpx="http://www.garmin.com/xmlschemas/TrackPointExtension/v1"><gpxtpx:atemp>10</gpxtpx:atemp></gpxtpx:TrackPointExtension></extensions></trkpt><trkpt lat="42.675858" lon="23.260212"><ele>612.4</ele><time>2026-09-23T05:24:33.000Z</time><extensions><gpxtpx:TrackPointExtension xmlns:gpxtpx="http://www.garmin.com/xmlschemas/TrackPointExtension/v1"><gpxtpx:atemp>10</gpxtpx:atemp></gpxtpx:TrackPointExtension></extensions></trkpt><trkpt lat="42.675814" lon="23.260199"><ele>612.2</ele><time>2026-09-23T05:24:35.000Z</time><extensions><gpxtpx:TrackPointExtension xmlns:gpxtpx="http://www.garmin.com/xmlschemas/TrackPointExtension/v1"><gpxtpx:atemp>10</gpxtpx:atemp></gpxtpx:TrackPointExtension></extensions></trkpt><trkpt lat="42.675767" lon="23.260147"><ele>611.8</ele><time>2026-09-23T05:24:38.000Z</time><extensions><gpxtpx:TrackPointExtension xmlns:gpxtpx="http://www.garmin.com/xmlschemas/TrackPointExtension/v1"><gpxtpx:atemp>10</gpxtpx:atemp></gpxtpx:TrackPointExtension></extensions></trkpt><trkpt lat="42.675682" lon="23.259357"><ele>613.6</ele><time>2026-09-23T05:25:00.000Z</time><extensions><gpxtpx:TrackPointExtension xmlns:gpxtpx="http://www.garmin.com/xmlschemas/TrackPointExtension/v1"><gpxtpx:atemp>10</gpxtpx:atemp></gpxtpx:TrackPointExtension></extensions></trkpt><trkpt lat="42.675629" lon="23.259004"><ele>614.6</ele><time>2026-09-23T05:25:10.000Z</time><extensions><gpxtpx:TrackPointExtension xmlns:gpxtpx="http://www.garmin.com/xmlschemas/TrackPointExtension/v1"><gpxtpx:atemp>10</gpxtpx:atemp></gpxtpx:TrackPointExtension></extensions></trkpt><trkpt lat="42.675587" lon="23.258873"><ele>614.8</ele><time>2026-09-23T05:25:14.000Z</time><extensions><gpxtpx:TrackPointExtension xmlns:gpxtpx="http://www.garmin.com/xmlschemas/TrackPointExtension/v1"><gpxtpx:atemp>10</gpxtpx:atemp></gpxtpx:TrackPointExtension></extensions></trkpt><trkpt lat="42.675498" lon="23.258859"><ele>615</ele><time>2026-09-23T05:25:18.000Z</time><extensions><gpxtpx:TrackPointExtension xmlns:gpxtpx="http://www.garmin.com/xmlschemas/TrackPointExtension/v1"><gpxtpx:atemp>10</gpxtpx:atemp></gpxtpx:TrackPointExtension></extensions></trkpt><trkpt lat="42.675277" lon="23.258879"><ele>615.2</ele><time>2026-09-23T05:25:25.000Z</time><extensions><gpxtpx:TrackPointExtension xmlns:gpxtpx="http://www.garmin.com/xmlschemas/TrackPointExtension/v1"><gpxtpx:atemp>10</gpxtpx:atemp></gpxtpx:TrackPointExtension></extensions></trkpt><trkpt lat="42.675008" lon="23.258961"><ele>614.6</ele><time>2026-09-23T05:25:34.000Z</time><extensions><gpxtpx:TrackPointExtension xmlns:gpxtpx="http://www.garmin.com/xmlschemas/TrackPointExtension/v1"><gpxtpx:atemp>10</gpxtpx:atemp></gpxtpx:TrackPointExtension></extensions></trkpt><trkpt lat="42.674773" lon="23.258995"><ele>614.2</ele><time>2026-09-23T05:25:45.000Z</time><extensions><gpxtpx:TrackPointExtension xmlns:gpxtpx="http://www.garmin.com/xmlschemas/TrackPointExtension/v1"><gpxtpx:atemp>10</gpxtpx:atemp></gpxtpx:TrackPointExtension></extensions></trkpt><trkpt lat="42.674578" lon="23.258979"><ele>614</ele><time>2026-09-23T05:25:52.000Z</time><extensions><gpxtpx:TrackPointExtension xmlns:gpxtpx="http://www.garmin.com/xmlschemas/TrackPointExtension/v1"><gpxtpx:atemp>10</gpxtpx:atemp></gpxtpx:TrackPointExtension></extensions></trkpt><trkpt lat="42.674429" lon="23.259032"><ele>614</ele><time>2026-09-23T05:25:58.000Z</time><extensions><gpxtpx:TrackPointExtension xmlns:gpxtpx="http://www.garmin.com/xmlschemas/TrackPointExtension/v1"><gpxtpx:atemp>10</gpxtpx:atemp></gpxtpx:TrackPointExtension></extensions></trkpt><trkpt lat="42.674359" lon="23.259031"><ele>613.8</ele><time>2026-09-23T05:26:05.000Z</time><extensions><gpxtpx:TrackPointExtension xmlns:gpxtpx="http://www.garmin.com/xmlschemas/TrackPointExtension/v1"><gpxtpx:atemp>10</gpxtpx:atemp></gpxtpx:TrackPointExtension></extensions></trkpt><trkpt lat="42.674323" lon="23.259072"><ele>613.8</ele><time>2026-09-23T05:26:07.000Z</time><extensions><gpxtpx:TrackPointExtension xmlns:gpxtpx="http://www.garmin.com/xmlschemas/TrackPointExtension/v1"><gpxtpx:atemp>10</gpxtpx:atemp></gpxtpx:TrackPointExtension></extensions></trkpt><trkpt lat="42.674316" lon="23.259116"><ele>613.8</ele><time>2026-09-23T05:26:08.000Z</time><extensions><gpxtpx:TrackPointExtension xmlns:gpxtpx="http://www.garmin.com/xmlschemas/TrackPointExtension/v1"><gpxtpx:atemp>10</gpxtpx:atemp></gpxtpx:TrackPointExtension></extensions></trkpt><trkpt lat="42.674337" lon="23.259358"><ele>613.6</ele><time>2026-09-23T05:26:12.000Z</time><extensions><gpxtpx:TrackPointExtension xmlns:gpxtpx="http://www.garmin.com/xmlschemas/TrackPointExtension/v1"><gpxtpx:atemp>10</gpxtpx:atemp></gpxtpx:TrackPointExtension></extensions></trkpt><trkpt lat="42.674457" lon="23.260165"><ele>612.6</ele><time>2026-09-23T05:26:23.000Z</time><extensions><gpxtpx:TrackPointExtension xmlns:gpxtpx="http://www.garmin.com/xmlschemas/TrackPointExtension/v1"><gpxtpx:atemp>10</gpxtpx:atemp></gpxtpx:TrackPointExtension></extensions></trkpt><trkpt lat="42.674563" lon="23.261079"><ele>611</ele><time>2026-09-23T05:26:34.000Z</time><extensions><gpxtpx:TrackPointExtension xmlns:gpxtpx="http://www.garmin.com/xmlschemas/TrackPointExtension/v1"><gpxtpx:atemp>10</gpxtpx:atemp></gpxtpx:TrackPointExtension></extensions></trkpt><trkpt lat="42.674689" lon="23.261892"><ele>609.2</ele><time>2026-09-23T05:26:45.000Z</time><extensions><gpxtpx:TrackPointExtension xmlns:gpxtpx="http://www.garmin.com/xmlschemas/TrackPointExtension/v1"><gpxtpx:atemp>10</gpxtpx:atemp></gpxtpx:TrackPointExtension></extensions></trkpt><trkpt lat="42.674718" lon="23.26201"><ele>609</ele><time>2026-09-23T05:26:47.000Z</time><extensions><gpxtpx:TrackPointExtension xmlns:gpxtpx="http://www.garmin.com/xmlschemas/TrackPointExtension/v1"><gpxtpx:atemp>10</gpxtpx:atemp></gpxtpx:TrackPointExtension></extensions></trkpt><trkpt lat="42.674918" lon="23.263487"><ele>607</ele><time>2026-09-23T05:27:06.000Z</time><extensions><gpxtpx:TrackPointExtension xmlns:gpxtpx="http://www.garmin.com/xmlschemas/TrackPointExtension/v1"><gpxtpx:atemp>10</gpxtpx:atemp></gpxtpx:TrackPointExtension></extensions></trkpt><trkpt lat="42.675021" lon="23.264124"><ele>605.6</ele><time>2026-09-23T05:27:15.000Z</time><extensions><gpxtpx:TrackPointExtension xmlns:gpxtpx="http://www.garmin.com/xmlschemas/TrackPointExtension/v1"><gpxtpx:atemp>10</gpxtpx:atemp></gpxtpx:TrackPointExtension></extensions></trkpt><trkpt lat="42.675029" lon="23.264401"><ele>603.8</ele><time>2026-09-23T05:27:22.000Z</time><extensions><gpxtpx:TrackPointExtension xmlns:gpxtpx="http://www.garmin.com/xmlschemas/TrackPointExtension/v1"><gpxtpx:atemp>10</gpxtpx:atemp></gpxtpx:TrackPointExtension></extensions></trkpt><trkpt lat="42.675011" lon="23.264441"><ele>603.4</ele><time>2026-09-23T05:27:23.000Z</time><extensions><gpxtpx:TrackPointExtension xmlns:gpxtpx="http://www.garmin.com/xmlschemas/TrackPointExtension/v1"><gpxtpx:atemp>10</gpxtpx:atemp></gpxtpx:TrackPointExtension></extensions></trkpt><trkpt lat="42.67498" lon="23.264455"><ele>603.2</ele><time>2026-09-23T05:27:24.000Z</time><extensions><gpxtpx:TrackPointExtension xmlns:gpxtpx="http://www.garmin.com/xmlschemas/TrackPointExtension/v1"><gpxtpx:atemp>10</gpxtpx:atemp></gpxtpx:TrackPointExtension></extensions></trkpt><trkpt lat="42.674922" lon="23.26443"><ele>602.8</ele><time>2026-09-23T05:27:26.000Z</time><extensions><gpxtpx:TrackPointExtension xmlns:gpxtpx="http://www.garmin.com/xmlschemas/TrackPointExtension/v1"><gpxtpx:atemp>10</gpxtpx:atemp></gpxtpx:TrackPointExtension></extensions></trkpt><trkpt lat="42.674886" lon="23.264377"><ele>602.6</ele><time>2026-09-23T05:27:28.000Z</time><extensions><gpxtpx:TrackPointExtension xmlns:gpxtpx="http://www.garmin.com/xmlschemas/TrackPointExtension/v1"><gpxtpx:atemp>10</gpxtpx:atemp></gpxtpx:TrackPointExtension></extensions></trkpt><trkpt lat="42.674731" lon="23.264243"><ele>603</ele><time>2026-09-23T05:27:36.000Z</time><extensions><gpxtpx:TrackPointExtension xmlns:gpxtpx="http://www.garmin.com/xmlschemas/TrackPointExtension/v1"><gpxtpx:atemp>10</gpxtpx:atemp></gpxtpx:TrackPointExtension></extensions></trkpt><trkpt lat="42.674328" lon="23.263828"><ele>604.4</ele><time>2026-09-23T05:27:55.000Z</time><extensions><gpxtpx:TrackPointExtension xmlns:gpxtpx="http://www.garmin.com/xmlschemas/TrackPointExtension/v1"><gpxtpx:atemp>10</gpxtpx:atemp></gpxtpx:TrackPointExtension></extensions></trkpt><trkpt lat="42.674212" lon="23.263699"><ele>605</ele><time>2026-09-23T05:28:01.000Z</time><extensions><gpxtpx:TrackPointExtension xmlns:gpxtpx="http://www.garmin.com/xmlschemas/TrackPointExtension/v1"><gpxtpx:atemp>10</gpxtpx:atemp></gpxtpx:TrackPointExtension></extensions></trkpt><trkpt lat="42.674213" lon="23.26359"><ele>605.2</ele><time>2026-09-23T05:28:05.000Z</time><extensions><gpxtpx:TrackPointExtension xmlns:gpxtpx="http://www.garmin.com/xmlschemas/TrackPointExtension/v1"><gpxtpx:atemp>10</gpxtpx:atemp></gpxtpx:TrackPointExtension></extensions></trkpt><trkpt lat="42.674041" lon="23.263408"><ele>606</ele><time>2026-09-23T05:28:15.000Z</time><extensions><gpxtpx:TrackPointExtension xmlns:gpxtpx="http://www.garmin.com/xmlschemas/TrackPointExtension/v1"><gpxtpx:atemp>10</gpxtpx:atemp></gpxtpx:TrackPointExtension></extensions></trkpt><trkpt lat="42.673939" lon="23.263275"><ele>605.8</ele><time>2026-09-23T05:28:55.000Z</time><extensions><gpxtpx:TrackPointExtension xmlns:gpxtpx="http://www.garmin.com/xmlschemas/TrackPointExtension/v1"><gpxtpx:atemp>10</gpxtpx:atemp></gpxtpx:TrackPointExtension></extensions></trkpt></trkseg></trk></gpx>